frequency_hz,direct_i_int16,direct_q_int16,filtered_i_int16,filtered_q_int16,direct_iq_magnitude,filtered_iq_magnitude
200,4947,-11162,1894,-11729,12209.1380940671,11880.9375471804
220,4271,-10984,886,-11748,11785.1473049767,11781.3623999943
240,4755,-11304,1114,-11913,12263.3780419589,11964.9724195253
260,4390,-10883,311,-11654,11735.0666380724,11658.1489525567
280,4580,-11314,342,-11986,12205.8590848821,11990.8781996983
300,4476,-10850,-249,-11567,11736.9960381692,11569.6797708493
320,4408,-11295,-462,-11987,12124.6644902034,11995.8998411957
340,4580,-10908,-780,-11547,11830.5056527606,11573.314520914
360,4306,-11187,-1202,-11874,11987.1016096469,11934.6839086756
380,4602,-10994,-1359,-11507,11918.3237076361,11586.9724259618
400,4264,-11088,-1928,-11717,11879.6228896375,11874.5641183161
420,4589,-11082,-1951,-11489,11994.5673119125,11653.4768202455
440,4271,-10984,-2575,-11497,11785.1473049767,11781.8349165145
460,4517,-11162,-2595,-11420,12041.326048239,11711.1239853398
480,4338,-10932,-3185,-11269,11761.2443219244,11710.4477284176
500,4436,-11176,-3248,-11311,12024.186957961,11768.1020134939
520,4393,-10912,-3750,-11019,11763.0860321601,11639.6246073488
540,4345,-11171,-3929,-11140,11986.2532094062,11812.5628463937
560,4461,-10945,-4287,-10789,11819.2024265599,11609.517216491
580,4288,-11111,-4580,-10898,11909.7130527985,11821.286055248
600,4481,-11000,-4822,-10540,11877.6833178865,11590.6550289447
620,4265,-11051,-5227,-10603,11845.4559219981,11821.3847750591
640,4477,-11057,-5352,-10308,11928.9889764389,11614.5928899811
660,4271,-10984,-5812,-10252,11785.1473049767,11784.856723779
680,4433,-11111,-5899,-10037,11962.6840633697,11642.1462797888
700,4319,-10950,-6371,-9874,11770.9923540881,11750.97940599
720,4380,-11122,-6448,-9751,11953.3796057851,11690.1114194861
740,4359,-10938,-6872,-9471,11774.57961033,11701.4625154294
760,4319,-11119,-7006,-9413,11928.3662753958,11734.0787878725
780,4409,-10962,-7344,-9068,11815.4443420466,11668.888550329
800,4279,-11077,-7544,-9031,11874.7534711252,11767.3657629905
820,4424,-11002,-7787,-8650,11858.1524699255,11638.7228251213
840,4265,-11033,-8072,-8598,11828.664928892,11793.3365931784
860,4423,-11045,-8215,-8244,11897.6869180526,11638.2885769343
880,4272,-10985,-8547,-8123,11786.4417446488,11791.2822881992
900,4390,-11086,-8635,-7812,11923.5689288065,11644.3363486289
920,4309,-10960,-8995,-7615,11776.632837955,11785.5101713927
940,4351,-11093,-9049,-7377,11915.7815522105,11674.9531048309
960,4341,-10951,-9382,-7086,11780.0119694336,11757.2666891587
980,4304,-11091,-9456,-6903,11896.8355876678,11707.5763930884
1000,4380,-10971,-9737,-6548,11813.0115127346,11733.9453296834
1020,4275,-11057,-9846,-6404,11854.6562160191,11745.4217463657
1040,4392,-11004,-10047,-6004,11848.1087098321,11704.2823359658
1060,4265,-11023,-10216,-5863,11819.3381371378,11778.8549952871
1080,4390,-11037,-10334,-5468,11878.0246253323,11691.4746717427
1100,4272,-10985,-10543,-5293,11786.4417446488,11797.0631090963
1120,4363,-11070,-10596,-4920,11898.7675412204,11682.5346564862
1140,4303,-10966,-10838,-4692,11780.0239812999,11810.0426756215
1160,4332,-11075,-10846,-4378,11892.0918681282,11696.2643608975
1180,4329,-10960,-11074,-4079,11783.9654191618,11801.3438641538
1200,4295,-11072,-11075,-3811,11875.8666631114,11712.3586864474
1220,4361,-10977,-11274,-3454,11811.5557823684,11791.2336928754
1240,4272,-11044,-11289,-3235,11841.4492356299,11743.3702998756
1260,4370,-11005,-11423,-2832,11840.9005147413,11768.8212238949
1280,4266,-11016,-11476,-2629,11813.1711237923,11773.2840363256
1300,4368,-11032,-11542,-2217,11865.2622389899,11752.9933633947
1320,4272,-10985,-11628,-2007,11786.4417446488,11799.9336015081
1340,4346,-11059,-11625,-1606,11882.3060472284,11735.410559499
1360,4299,-10970,-11744,-1362,11782.2875962183,11822.7145783022
1380,4320,-11063,-11691,-1005,11876.5470150208,11734.1171802569
1400,4322,-10966,-11808,-712,11786.9775600024,11829.4466480897
1420,4289,-11060,-11728,-397,11862.5090516298,11734.7174230997
1440,4348,-10982,-11832,-54,11811.4109233402,11832.1232245105
1460,4270,-11035,-11752,208,11832.3338779803,11753.8405638327
1480,4355,-11006,-11804,591,11836.3026743996,11818.7857667359
1500,4266,-11011,-11745,827,11808.5086695992,11774.0797517258
1520,4353,-11029,-11741,1229,11856.9578729116,11805.1481142762
1540,4272,-10985,-11710,1451,11786.4417446488,11799.5551187322
1560,4333,-11051,-11640,1849,11870.1090980665,11785.9408194679
1580,4296,-10973,-11638,2087,11783.9868041338,11823.6463495827
1600,4310,-11054,-11517,2453,11864.5276349293,11775.3343052331
1620,4316,-10971,-11522,2720,11789.4315808694,11838.7028005605
1640,4284,-11050,-11364,3047,11851.3778101957,11765.4028830295
1660,4338,-10985,-11365,3355,11810.523654775,11849.8628684048
1680,4269,-11029,-11197,3628,11826.3773827829,11770.097408263
1700,4344,-11006,-11162,3969,11832.2598010693,11846.6537469447
1720,4266,-11008,-10999,4209,11805.7113296912,11776.8281807964
1740,4341,-11026,-10922,4572,11849.7661158354,11840.3238131396
1760,4272,-10985,-10782,4783,11786.4417446488,11795.2792675714
1780,4324,-11046,-10644,5146,11862.1706276718,11822.692248384
1800,4294,-10975,-10529,5358,11785.1203218296,11813.8903414582
1820,4303,-11047,-10343,5699,11855.4636349659,11809.1595805967
1840,4311,-10974,-10243,5922,11790.3942682168,11831.7003427234
1860,4281,-11043,-10014,6227,11843.7667150278,11792.1891521464
1880,4331,-10987,-9918,6479,11809.8149858497,11846.6942646462
1900,4268,-11024,-9672,6734,11821.3535604008,11785.3442885645
1920,4335,-11007,-9555,7011,11829.8890104684,11851.2508200611
1940,4266,-11005,-9304,7225,11802.9140893256,11779.857426981
1960,4332,-11024,-9156,7525,11844.6105887868,11851.4961502757
1980,4273,-10985,-8924,7702,11786.8042318518,11788.0693923984
2000,4316,-11041,-8726,8003,11854.5998245407,11840.2316278019
2020,4293,-10977,-8513,8166,11786.6185990724,11796.3860991407
2040,4298,-11042,-8272,8455,11848.9901679426,11828.482954293
2060,4308,-10977,-8081,8615,11792.0902727209,11811.8917197882
2080,4278,-11037,-7797,8870,11837.0880287341,11809.746356294
2100,4325,-10989,-7616,9047,11809.4769570883,11825.8896071289
2120,4267,-11020,-7310,9258,11817.2623310139,11796.0444217543
2140,4329,-11007,-7123,9452,11827.6916598295,11835.4312553451
2160,4267,-11003,-6806,9618,11801.4108478605,11782.5107680833
2180,4325,-11023,-6600,9833,11841.1213151458,11842.6301555018
2200,4273,-10985,-6296,9956,11786.8042318518,11779.7093342748
2220,4310,-11037,-6053,10174,11848.6906027628,11838.4578809911
2240,4291,-10979,-5766,10271,11787.7530513665,11778.8028678639
2260,4293,-11037,-5485,10483,11842.5173844078,11831.2515821446
2280,4305,-10980,-5225,10567,11793.7875595586,11788.2192887645
2300,4276,-11033,-4905,10749,11832.6355897577,11815.245490467
2320,4320,-10991,-4659,10839,11809.5080761224,11797.889726557
2340,4266,-11016,-4316,10984,11813.1711237923,11801.5300702917
2360,4323,-11007,-4078,11082,11825.4969451605,11808.5057479768
2380,4267,-11001,-3721,11181,11799.5461777138,11783.9128476071
2400,4319,-11021,-3474,11296,11837.0689784254,11818.1340320712
2420,4273,-10986,-3125,11351,11787.7362118432,11773.3098999389
2440,4305,-11034,-2856,11471,11844.0778872819,11821.1918603836
2460,4290,-10980,-2522,11491,11788.3204910623,11764.5044519521
2480,4290,-11033,-2223,11610,11837.7020151717,11820.9064373254
2500,4303,-10981,-1918,11609,11793.9887230741,11766.3760351265
2520,4274,-11029,-1587,11704,11828.183165643,11811.1043090813
2540,4316,-10992,-1302,11697,11808.9762469064,11769.2401199058
2560,4266,-11013,-947,11762,11810.3736181376,11800.061567636
2580,4318,-11007,-681,11760,11823.6700309168,11779.701227111
2600,4267,-10999,-313,11780,11797.6815518982,11784.1575430745
2620,4314,-11020,-48,11789,11834.3143443125,11789.0977178069
2640,4273,-10986,316,11767,11787.7362118432,11771.2422878811
2660,4301,-11031,589,11782,11839.8294751234,11796.7133134615
2680,4289,-10981,939,11720,11788.8880730966,11757.5559109876
2700,4287,-11030,1233,11738,11833.8188679733,11802.5816243735
2720,4301,-10983,1553,11650,11795.1214491416,11753.0553048984
2740,4273,-11025,1870,11651,11824.0921004532,11800.1144485975
2760,4312,-10993,2166,11549,11808.4458333855,11750.3598668296
2780,4266,-11011,2505,11527,11808.5086695992,11796.0482365918
2800,4314,-11008,2774,11424,11823.1408686525,11755.9709084363
2820,4267,-10998,3124,11363,11796.7492556212,11784.6147582346
2840,4310,-11019,3382,11266,11831.9254984132,11762.6816670349
2860,4274,-10986,3731,11167,11788.0987440723,11773.7950551214
2880,4297,-11029,3984,11079,11836.5134224568,11773.5507388383
2900,4289,-10983,4319,10938,11790.7510362996,11759.8301433312
2920,4284,-11027,4583,10855,11829.935967705,11782.8228366551
2940,4299,-10985,4890,10686,11796.2547446213,11751.7103436053
2960,4272,-11022,5168,10594,11820.9334656786,11787.3262447427
2980,4309,-10995,5447,10404,11809.2127595365,11743.6376391645
3000,4266,-11009,5743,10298,11806.6437652705,11791.1345086043
3020,4310,-11008,5989,10104,11821.6819446304,11745.5922370905
3040,4268,-10997,6293,9965,11796.1787456786,11785.7148277056
3060,4306,-11018,6519,9774,11829.5376071933,11748.5504212222
3080,4274,-10986,6824,9603,11788.0987440723,11780.68694941
3100,4294,-11027,7035,9421,11833.560960252,11757.8257343779
3120,4288,-10983,7327,9211,11790.3873134007,11769.7684769073
3140,4282,-11025,7538,9037,11827.3475048296,11768.1269962556
3160,4298,-10986,7805,8798,11796.8216058394,11761.0726126489
3180,4271,-11020,8021,8624,11818.7072474108,11777.5131925207
3200,4307,-10995,8257,8362,11808.4831371349,11751.6421405691
3220,4265,-11007,8486,8180,11804.4175629296,11786.6278468441
3240,4307,-11008,8687,7911,11820.5885217277,11749.3782814241
3260,4268,-10996,8921,7708,11795.2465001796,11789.7203105078
3280,4303,-11018,9093,7438,11828.4459249726,11747.6164816528
3300,4274,-10986,9330,7209,11788.0987440723,11790.6141061439
3320,4291,-11025,9480,6951,11830.6088600714,11755.2882142464
3340,4287,-10984,9703,6688,11790.9552199981,11784.6320689277
3360,4280,-11023,9843,6440,11824.7591518813,11762.5783313013
3380,4296,-10987,10047,6150,11797.0244129611,11779.8433351212
3400,4270,-11018,10184,5910,11816.4810328625,11774.6318838425
3420,4305,-10996,10355,5597,11808.6849818259,11770.8297923299
3440,4265,-11006,10498,5357,11803.4851209293,11785.8157545416
3460,4304,-11008,10634,5035,11819.4957591261,11765.7630861751
3480,4268,-10996,10780,4784,11795.2465001796,11793.8567059296
3500,4300,-11017,10882,4461,11826.4233392856,11760.8862336135
3520,4274,-10987,11031,4191,11789.0307065509,11800.3153347697
3540,4289,-11024,11105,3881,11828.9516441653,11763.6382977377
3560,4287,-10985,11243,3586,11791.8867871092,11801.0357596272
3580,4279,-11021,11299,3287,11822.5328081592,11767.4028570454
3600,4295,-10988,11420,2968,11797.5916610129,11799.3823567168
3620,4269,-11016,11467,2686,11814.254822036,11777.380226519
3640,4303,-10997,11557,2347,11808.8872464767,11792.9071055444
3660,4265,-11005,11604,2070,11802.5526899904,11787.1843966233
3680,4302,-11008,11662,1722,11818.7676176495,11788.4489225682
3700,4268,-10995,11709,1446,11794.3142657808,11797.9488471514
3720,4297,-11016,11730,1097,11824.4012533405,11781.1845329746
3740,4274,-10987,11780,811,11789.0307065509,11807.883849361
3760,4287,-11022,11770,474,11826.3626276214,11779.5405682904
3780,4286,-10986,11812,172,11792.4548758942,11813.2522194356
3800,4277,-11019,11778,-150,11819.9445853185,11778.9551319291
3820,4294,-10989,11807,-471,11798.1590513097,11816.3907349072
3840,4269,-11014,11759,-771,11812.3899783236,11784.2488941807
3860,4301,-10998,11762,-1108,11809.0899310658,11814.0724561855
3880,4265,-11003,11708,-1395,11800.6878613071,11790.8137547838
3900,4300,-11008,11681,-1741,11818.0397697757,11810.0314140141
3920,4269,-10994,11627,-2018,11793.743977211,11800.8242508733
3940,4295,-11015,11564,-2363,11822.7429135544,11802.9600100992
3960,4275,-10987,11512,-2641,11789.3932837954,11811.0552026481
3980,4285,-11021,11417,-2974,11824.7057468674,11797.9898711603
4000,4286,-10986,11361,-3258,11792.4548758942,11818.9206359972
4020,4276,-11018,11238,-3574,11818.6505151815,11792.6299017649
4040,4293,-10990,11174,-3871,11798.726583831,11825.5197348785
4060,4268,-11013,11034,-4162,11811.0961811341,11792.8537682785
4080,4299,-10998,10949,-4469,11808.361656047,11825.9275323334
4100,4265,-11002,10800,-4741,11799.7554635679,11794.7904178073
4120,4298,-11008,10690,-5056,11817.312215559,11825.3640958746
4140,4269,-10994,10541,-5308,11793.743977211,11802.0144466951
4160,4293,-11015,10397,-5620,11822.0164946594,11818.714354785
4180,4275,-10987,10249,-5865,11789.3932837954,11808.4811046976
4200,4283,-11020,10076,-6167,11823.0490568212,11813.4527129032
4220,4286,-10987,9928,-6408,11793.3864941331,11816.4143461543
4240,4275,-11016,9727,-6691,11816.4242053169,11806.1005416691
4260,4292,-10991,9575,-6938,11799.2942585563,11824.4014224822
4280,4268,-11011,9355,-7194,11809.231346705,11801.2567551088
4300,4298,-10999,9190,-7446,11808.9290369618,11827.891443533
4320,4265,-11001,8958,-7676,11798.8230769005,11796.8953542871
4340,4296,-11009,8775,-7934,11817.516532673,11830.0034234991
4360,4269,-10994,8542,-8139,11793.743977211,11798.6899696534
4380,4291,-11014,8332,-8393,11820.3585817013,11826.4395741068
4400,4275,-10987,8101,-8583,11789.3932837954,11802.2917266097
4420,4282,-11019,7863,-8827,11821.7547343869,11821.2815718094
4440,4285,-10988,7638,-9005,11793.9547650481,11808.0086805524
4460,4274,-11015,7374,-9229,11815.1301727912,11813.1417074375
4480,4291,-10992,7149,-9406,11799.8620754651,11814.4418827129
4500,4267,-11010,6867,-9604,11807.937542179,11806.4603078145
4520,4296,-10999,6637,-9780,11808.2012601412,11819.397996514
4540,4265,-11000,6342,-9949,11797.8907013076,11798.4560430592
4560,4294,-11009,6101,-10128,11816.7896232437,11823.6451655147
4580,4270,-10993,5806,-10267,11793.1738306531,11794.9533699799
4600,4289,-11014,5545,-10442,11819.6326931085,11822.9602469094
4620,4275,-10988,5253,-10558,11790.3252287628,11792.598229398
4640,4281,-11018,4971,-10725,11820.4604394245,11821.0179764689
4660,4285,-10988,4688,-10824,11793.9547650481,11795.6059615435
4680,4273,-11014,4383,-10971,11813.8361678161,11814.1241740554
4700,4291,-10992,4106,-11062,11799.8620754651,11799.4525296727
4720,4267,-11009,3784,-11184,11807.0051240778,11806.7993969577
4740,4295,-11000,3511,-11270,11808.768987494,11804.2374171312
4760,4265,-11000,3178,-11361,11797.8907013076,11797.1185041094
4780,4293,-11009,2901,-11448,11816.426278702,11809.8477974951
4800,4270,-10993,2568,-11508,11793.1738306531,11791.0427019836
4820,4288,-11013,2280,-11589,11818.3379965205,11811.1523993216
4840,4275,-10988,1952,-11622,11790.3252287628,11784.7862942015
4860,4279,-11017,1648,-11697,11818.8040850164,11812.5235661141
4880,4285,-10989,1333,-11708,11794.8864343833,11783.6392086655
4900,4272,-11013,1013,-11765,11812.5421904008,11808.5305605736
4920,4290,-10993,709,-11762,11800.4300345369,11783.3494813656
4940,4267,-11007,375,-11798,11805.1403210635,11803.9581920642
4960,4294,-11000,82,-11787,11808.405311472,11787.2852260391
4980,4265,-10999,-260,-11792,11796.9583367917,11794.8660017823
5000,4291,-11009,-549,-11779,11815.6998099986,11791.7870571004
5020,4270,-10993,-891,-11754,11793.1738306531,11787.7222990703
5040,4286,-11013,-1182,-11736,11817.6124915314,11795.3728215771
5060,4276,-10988,-1517,-11681,11790.6878510119,11779.093768198
5080,4278,-11016,-1815,-11659,11817.5098899895,11799.4282064853
5100,4284,-10989,-2135,-11580,11794.5231781535,11775.169850155
5120,4271,-11012,-2443,-11544,11811.2482405544,11799.6688512856
5140,4289,-10994,-2747,-11447,11800.9981357511,11771.9929493693
5160,4266,-11007,-3066,-11393,11804.7789051723,11798.3390780228
5180,4293,-11000,-3352,-11286,11808.0417089372,11773.2620798146
5200,4266,-10998,-3675,-11205,11796.3875826458,11792.270773689
5220,4290,-11009,-3950,-11093,11815.3366858503,11775.2770243421
5240,4270,-10992,-4273,-10985,11792.2416868041,11786.8042318518
5260,4285,-11013,-4540,-10871,11817.249849267,11780.9270008773
5280,4276,-10988,-4853,-10732,11790.6878510119,11778.261034635
5300,4277,-11015,-5121,-10615,11816.2157224722,11785.7060034603
5320,4284,-10990,-5417,-10452,11795.4548873708,11772.3486611636
5340,4271,-11011,-5687,-10326,11810.3159144876,11788.4793336545
5360,4289,-10994,-5964,-10143,11800.9981357511,11766.4669718654
5380,4266,-11006,-6241,-10005,11803.8464917162,11791.9508988123
5400,4291,-11001,-6494,-9811,11808.2463558312,11765.5325846304
5420,4266,-10998,-6772,-9651,11796.3875826458,11789.9018231705
5440,4289,-11009,-7008,-9451,11814.9736351801,11765.7751550843
5460,4271,-10992,-7284,-9267,11792.6038261276,11787.0244336728
5480,4284,-11012,-7504,-9067,11815.9553147429,11769.4734376692
5500,4276,-10989,-7769,-8856,11791.6197784698,11780.7511220635
5520,4276,-11014,-7982,-8656,11814.9215824736,11774.4919210979
5540,4284,-10990,-8230,-8422,11795.4548873708,11775.5247866072
5560,4270,-11010,-8440,-8218,11809.0219747446,11780.0307300109
5580,4288,-10995,-8665,-7965,11801.5663790871,11769.5985488036
5600,4266,-11005,-8875,-7754,11802.9140893256,11785.1661422315
5620,4290,-11001,-9074,-7490,11807.8830024692,11765.949855409
5640,4266,-10997,-9283,-7264,11795.4552688737,11787.2721611067
5660,4288,-11009,-9459,-6994,11814.6106579946,11763.8733842217
5680,4271,-10992,-9664,-6750,11792.6038261276,11787.9343398239
5700,4283,-11012,-9819,-6482,11815.5927908844,11765.5890205293
5720,4276,-10989,-10013,-6217,11791.6197784698,11786.0620225756
5740,4275,-11013,-10153,-5951,11813.6274700026,11768.5092513878
5760,4284,-10991,-10331,-5665,11796.386607771,11782.2657413589
5780,4269,-11009,-10462,-5403,11807.7280625868,11774.7973655601
5800,4287,-10995,-10616,-5100,11801.2030742632,11777.4978666948
5820,4266,-11004,-10743,-4835,11801.9816980031,11780.8859598928
5840,4289,-11001,-10870,-4522,11807.5197226174,11773.0787816951
5860,4266,-10997,-10992,-4252,11795.4552688737,11785.7357852618
5880,4286,-11009,-11092,-3934,11813.8849241052,11768.9770158668
5900,4271,-10992,-11210,-3653,11792.6038261276,11790.1869790093
5920,4282,-11011,-11285,-3339,11814.2983287202,11768.6084988838
5940,4276,-10989,-11392,-3042,11791.6197784698,11791.158891305
5960,4274,-11013,-11447,-2734,11813.265636563,11768.9661822949
5980,4283,-10991,-11539,-2421,11796.0234825131,11790.2401162996
6000,4269,-11008,-11581,-2122,11806.7957126394,11773.8033362206
6020,4287,-10996,-11649,-1795,11802.1347645246,11786.4848873615
6040,4266,-11003,-11682,-1501,11801.0493177514,11778.0357021025
6060,4289,-11002,-11726,-1166,11808.4514226041,11783.8292587766
6080,4266,-10996,-11752,-874,11794.5229661907,11784.4550149763
6100,4285,-11008,-11766,-537,11812.5902747873,11778.2479596925
6120,4271,-10992,-11788,-241,11792.6038261276,11790.4633072666
6140,4281,-11011,-11776,91,11813.9359233068,11776.3515997103
6160,4276,-10989,-11788,395,11791.6197784698,11794.6161022731
6180,4274,-11012,-11752,717,11812.3333850683,11773.8520884203
6200,4283,-10992,-11752,1032,11796.9552427735,11797.2254365168
6220,4268,-11008,-11699,1340,11806.4341780234,11775.4915396343
6240,4286,-10996,-11678,1663,11801.7715619309,11795.8150629789
6260,4266,-11003,-11614,1961,11801.0493177514,11778.3919530639
6280,4288,-11002,-11569,2290,11808.0882449277,11793.4668778947
6300,4266,-10996,-11498,2578,11794.5229661907,11783.4667224888
6320,4285,-11008,-11425,2906,11812.5902747873,11788.7853912097
6340,4271,-10992,-11349,3191,11792.6038261276,11789.0746880321
6360,4280,-11010,-11250,3512,11812.6415335436,11785.4420366824
6380,4276,-10990,-11167,3797,11792.5517170797,11794.8759213482
6400,4273,-11011,-11043,4106,11811.0393276798,11781.6418635095
6420,4283,-10992,-10950,4395,11796.9552427735,11799.0900072845
6440,4268,-11007,-10808,4686,11805.5018105966,11780.1298804385
6460,4286,-10997,-10699,4978,11802.7032920429,11800.384951348
6480,4266,-11002,-10543,5253,11800.116948573,11779.1705140897
6500,4287,-11002,-10415,5549,11807.7251407712,11801.0010592322
6520,4267,-10995,-10253,5807,11793.9524333448,11783.2617725314
6540,4284,-11008,-10098,6099,11812.2275629959,11796.9235396352
6560,4272,-10992,-9932,6347,11792.9660391269,11786.816067115
6580,4279,-11010,-9753,6631,11812.2792466145,11793.6919579918
6600,4276,-10990,-9583,6871,11792.5517170797,11791.7144639785
6620,4272,-11011,-9381,7140,11810.6775842879,11789.0950034343
6640,4283,-10992,-9205,7378,11796.9552427735,11796.9025171865
6660,4268,-11006,-8984,7627,11804.569454241,11784.879507233
6680,4285,-10997,-8797,7864,11802.3401916739,11799.5637631228
6700,4266,-11001,-8563,8092,11799.1845904706,11781.571754227
6720,4286,-11002,-8362,8329,11807.3621101413,11802.3423522621
6740,4267,-10995,-8122,8535,11793.9524333448,11781.8975127099
6760,4283,-11008,-7900,8766,11811.8649247272,11800.5404960959
6780,4272,-10992,-7657,8955,11792.9660391269,11782.2609884521
6800,4278,-11010,-7415,9177,11811.9170332339,11798.2860619668
6820,4277,-10990,-7173,9353,11792.9143556629,11786.8799094587
6840,4272,-11010,-6909,9558,11809.7452978462,11793.6273046082
6860,4283,-10993,-6665,9726,11797.8870142072,11790.5598255554
6880,4267,-11006,-6385,9910,11804.2079361556,11788.8220361493
6900,4285,-10997,-6137,10072,11802.3401916739,11794.403460964
6920,4266,-11001,-5844,10233,11799.1845904706,11784.1684051103
6940,4285,-11003,-5587,10391,11807.9309787956,11797.7730949531
6960,4267,-10995,-5291,10526,11793.9524333448,11780.9743654759
6980,4282,-11008,-5020,10677,11811.5023599879,11798.2510992096
7000,4272,-10992,-4722,10791,11792.9660391269,11778.9203664852
7020,4277,-11009,-4436,10933,11810.6227608878,11798.6687808413
7040,4276,-10990,-4143,11028,11792.5517170797,11780.5446818048
7060,4271,-11009,-3841,11153,11808.4512955764,11795.8759742547
7080,4282,-10993,-3550,11235,11797.524019895,11782.5177699845
7100,4267,-11005,-3234,11340,11803.2755623174,11792.1311051056
7120,4285,-10998,-2946,11412,11803.2719616215,11786.1214994586
7140,4266,-11000,-2620,11491,11798.2522434469,11785.9017898504
7160,4285,-11003,-2330,11558,11807.9309787956,11790.515849614
7180,4267,-10994,-2002,11610,11793.0201814463,11781.3455937766
7200,4281,-11008,-1706,11669,11811.1398687849,11793.0486728411
7220,4272,-10991,-1379,11696,11792.0339636553,11777.0139254397
7240,4276,-11009,-1074,11746,11810.260666048,11794.9986011021
7260,4277,-10990,-755,11752,11792.9143556629,11776.2272821137
7280,4271,-11009,-439,11786,11808.4512955764,11794.1730104319
7300,4282,-10993,-128,11775,11797.524019895,11775.6956907012
7320,4267,-11004,198,11791,11802.3431995515,11792.6623372333
7340,4284,-10998,499,11768,11802.9089634717,11778.5748289001
7360,4266,-11000,831,11758,11798.2522434469,11787.329001941
7380,4284,-11003,1129,11727,11807.5681238772,11781.221074235
7400,4267,-10994,1461,11692,11793.0201814463,11782.9276922164
7420,4280,-11008,1756,11654,11810.7774511249,11785.5526811431
7440,4272,-10992,2084,11593,11792.9660391269,11778.8244320051
7460,4276,-11009,2382,11546,11810.260666048,11789.1492483555
7480,4277,-10991,2699,11462,11793.8462767665,11775.4849157052
7500,4270,-11008,3001,11403,11807.1573208796,11791.2853413019
7520,4282,-10994,3306,11299,11798.4558311671,11772.7242811509
7540,4267,-11004,3614,11224,11802.3431995515,11791.4872683644
7560,4284,-10999,3903,11108,11803.8407732399,11773.7450711318
7580,4266,-10999,4213,11011,11797.3199075044,11789.4652126379
7600,4283,-11003,4492,10886,11807.2053425017,11776.3772018393
7620,4267,-10994,4800,10765,11793.0201814463,11786.6545295941
7640,4280,-11008,5069,10634,11810.7774511249,11780.3530082931
7660,4273,-10992,5369,10488,11793.3283257951,11782.3726388194
7680,4275,-11009,5635,10350,11809.898644781,11784.5545100356
7700,4277,-10991,5922,10182,11793.8462767665,11778.9306815177
7720,4270,-11008,6185,10035,11807.1573208796,11787.9366303013
7740,4282,-10994,6456,9848,11798.4558311671,11775.5271644203
7760,4266,-11003,6720,9689,11801.0493177514,11791.3154906482
7780,4283,-10999,6971,9489,11803.4778773038,11774.3773508411
7800,4266,-10999,7233,9313,11797.3199075044,11791.8725400167
7820,4283,-11003,7468,9104,11807.2053425017,11775.1365172553
7840,4268,-10994,7726,8908,11793.3820424847,11791.6724852754
7860,4279,-11008,7945,8695,11810.4151070147,11778.2023246334
7880,4273,-10992,8193,8477,11793.3283257951,11789.1805482824
7900,4274,-11008,8401,8260,11808.6044899472,11781.5279569333
7920,4277,-10991,8635,8022,11793.8462767665,11786.2508457949
7940,4269,-11007,8836,7801,11805.8633737648,11786.8781702366
7960,4281,-10994,9050,7545,11798.0929391152,11782.5941540902
7980,4266,-11003,9247,7317,11801.0493177514,11791.7555096771
8000,4283,-10999,9439,7050,11803.4778773038,11781.2232386964
8020,4266,-10998,9630,6810,11796.3875826458,11794.617416432
8040,4282,-11003,9801,6535,11806.8426346759,11779.8907465222
8060,4268,-10994,9986,6281,11793.3820424847,11797.0825630747
8080,4278,-11008,10136,6004,11810.052836461,11780.7687355283
8100,4273,-10992,10310,5733,11793.3283257951,11796.7533245381
8120,4274,-11008,10444,5455,11808.6044899472,11782.7908833179
8140,4277,-10992,10604,5168,11794.7782090211,11796.3146787461
8160,4269,-11007,10725,4892,11805.8633737648,11788.0146335165
8180,4281,-10995,10863,4590,11799.0247902104,11792.9160515964
8200,4266,-11002,10976,4312,11800.116948573,11792.6214218892
8220,4282,-10999,11092,4000,11803.1150549336,11791.2028224435
8240,4266,-10998,11196,3718,11796.3875826458,11797.2005153765
8260,4281,-11004,11287,3400,11807.4119518208,11787.9756107654
8280,4268,-10993,11385,3110,11792.449830294,11802.1322226113
8300,4278,-11008,11452,2794,11810.052836461,11787.9065147294
8320,4273,-10992,11538,2493,11793.3283257951,11804.2574099348
8340,4273,-11008,11585,2179,11808.2425872778,11788.140905164
8360,4277,-10992,11657,1866,11794.7782090211,11805.4057532979
8380,4269,-11006,11688,1560,11804.9310459655,11791.6472131759
8400,4281,-10995,11739,1236,11799.0247902104,11803.8899096866
8420,4266,-11002,11758,933,11800.116948573,11794.9587960281
8440,4282,-11000,11786,603,11804.0469331497,11801.4153812159
8460,4266,-10998,11796,304,11796.3875826458,11799.9166098748
8480,4281,-11004,11799,-29,11807.4119518208,11799.0356385596
8500,4268,-10993,11800,-330,11792.449830294,11804.6135048971
8520,4277,-11007,11778,-659,11808.7585291596,11796.4217032115
8540,4273,-10992,11769,-964,11793.3283257951,11808.4146692094
8560,4273,-11007,11725,-1286,11807.3103626525,11795.3135185123
8580,4277,-10992,11703,-1597,11794.7782090211,11811.4612982476
8600,4268,-11006,11641,-1908,11804.569454241,11796.3276065053
8620,4281,-10995,11600,-2225,11799.0247902104,11811.4615945699
8640,4266,-11001,11524,-2526,11799.1845904706,11797.5951786794
8660,4282,-11000,11463,-2846,11804.0469331497,11811.0154093541
8680,4266,-10997,11376,-3138,11795.4552688737,11800.8652225165
8700,4280,-11004,11291,-3457,11807.0494197323,11808.3669489053
8720,4268,-10993,11196,-3743,11792.449830294,11805.1033455874
8740,4276,-11007,11087,-4056,11808.3963771547,11805.6217540628
8760,4273,-10992,10983,-4338,11793.3283257951,11808.6634722139
8780,4272,-11007,10851,-4641,11806.9485050118,11801.8253672896
8800,4277,-10992,10738,-4924,11794.7782090211,11813.1460669883
8820,4268,-11005,10587,-5212,11803.6371089593,11800.4030863357
8840,4281,-10996,10459,-5495,11799.9566524628,11814.6394782067
8860,4266,-11001,10293,-5768,11799.1845904706,11798.9691498876
8880,4281,-11000,10148,-6051,11803.6842129905,11815.0964871219
8900,4267,-10997,9973,-6308,11795.8169704349,11800.4912185892
8920,4280,-11004,9807,-6586,11807.0494197323,11813.2402413563
8940,4268,-10993,9624,-6832,11792.449830294,11802.4404256069
8960,4276,-11007,9437,-7102,11808.3963771547,11810.8159328642
8980,4274,-10992,9249,-7338,11793.6906861254,11806.3645971146
9000,4272,-11007,9040,-7595,11806.9485050118,11807.015922747
9020,4277,-10993,8845,-7825,11795.7101524241,11809.5152313717
9040,4268,-11005,8619,-8065,11803.6371089593,11803.8716529789
9060,4280,-10996,8414,-8290,11799.5938913168,11811.8371136754
9080,4266,-11000,8174,-8510,11798.2522434469,11799.7616925089
9100,4281,-11001,7957,-8732,11804.6161309888,11813.6223487972
9120,4267,-10997,7709,-8932,11795.8169704349,11798.6992927187
9140,4279,-11004,7476,-9147,11806.6869612097,11813.4747216896
9160,4269,-10993,7221,-9330,11792.8117936309,11797.9549499055
9180,4275,-11007,6971,-9535,11808.0342987307,11811.4802628629
9200,4274,-10992,6715,-9703,11793.6906861254,11799.9760169248
9220,4271,-11006,6447,-9892,11805.6544503047,11807.4329555581
9240,4277,-10993,6188,-10049,11795.7101524241,11801.429786259
9260,4268,-11004,5905,-10220,11802.704774754,11803.2802644011
9280,4280,-10996,5643,-10368,11799.5938913168,11804.1887904252
9300,4266,-11000,5348,-10518,11798.2522434469,11799.5520253949
9320,4280,-11001,5079,-10659,11804.253513035,11807.2232976259
9340,4267,-10996,4778,-10785,11794.8846963419,11795.9954645634
9360,4279,-11004,4499,-10917,11806.6869612097,11807.7046880416
9380,4269,-10993,4195,-11021,11792.8117936309,11792.3901733279
9400,4275,-11007,3904,-11143,11808.0342987307,11807.1023117444
9420,4274,-10992,3602,-11229,11793.6906861254,11792.5758424527
9440,4271,-11006,3298,-11335,11805.6544503047,11805.0425242775
9460,4277,-10993,2998,-11405,11795.7101524241,11792.4564446938
9480,4267,-11004,2683,-11493,11802.3431995515,11802.0141501356
9500,4280,-10996,2385,-11551,11799.5938913168,11794.6524323526
9520,4266,-11000,2061,-11615,11798.2522434469,11796.4378521654
9540,4280,-11001,1763,-11664,11804.253513035,11796.4852816422
9560,4267,-10996,1436,-11705,11794.8846963419,11792.7571415679
9580,4278,-11004,1135,-11744,11806.32457626,11798.7186168668
9600,4269,-10993,808,-11760,11792.8117936309,11787.72514101
9620,4274,-11007,501,-11789,11807.6722938943,11799.6407572434
9640,4274,-10992,180,-11784,11793.6906861254,11785.3746652366
9660,4270,-11006,-134,-11798,11805.2927113223,11798.7609518966
9680,4277,-10994,-449,-11775,11796.6421069726,11783.5574424704
9700,4267,-11004,-770,-11772,11802.3431995515,11797.1557589107
9720,4280,-10997,-1077,-11735,11800.5257933704,11784.3181389506
9740,4266,-10999,-1402,-11710,11797.3199075044,11793.6298059588
9760,4280,-11001,-1703,-11662,11804.253513035,11785.6884822228
9780,4267,-10996,-2029,-11613,11794.8846963419,11788.9189495899
9800,4278,-11004,-2325,-11556,11806.32457626,11787.5680697929
9820,4269,-10993,-2648,-11483,11792.8117936309,11784.3622228782
9840,4274,-11006,-2944,-11416,11806.7401089378,11789.4949849432
9860,4274,-10992,-3257,-11322,11793.6906861254,11781.1600871901
9880,4270,-11005,-3554,-11243,11804.3604231657,11791.3512796456
9900,4277,-10994,-3856,-11129,11796.6421069726,11778.088851762
9920,4267,-11003,-4155,-11035,11801.4108478605,11791.3209607745
9940,4280,-10997,-4444,-10906,11800.5257933704,11776.6706670434
9960,4266,-10999,-4743,-10793,11797.3199075044,11789.1856376936
9980,4279,-11001,-5020,-10653,11803.8909686594,11776.5363753525
10000,4267,-10995,-5317,-10520,11793.9524333448,11787.3189911871
10020,4277,-11004,-5583,-10371,11805.9622648897,11778.2651523898
10040,4270,-10993,-5873,-10215,11793.1738306531,11782.9688109576
10060,4273,-11006,-6132,-10059,11806.3781491192,11780.7005309532
10080,4274,-10992,-6411,-9882,11793.6906861254,11779.4246463908
10100,4270,-11005,-6665,-9717,11804.3604231657,11783.136848904
10120,4277,-10994,-6928,-9522,11796.6421069726,11775.6387512525
10140,4267,-11003,-7180,-9346,11801.4108478605,11785.5893361342
10160,4279,-10997,-7426,-9136,11800.1631344656,11773.3585692444
10180,4266,-10999,-7673,-8946,11797.3199075044,11785.8323846897
10200,4279,-11001,-7902,-8726,11803.8909686594,11772.1994546474
10220,4267,-10995,-8144,-8519,11793.9524333448,11785.5036803694
10240,4277,-11004,-8357,-8292,11805.9622648897,11772.7105205216
10260,4270,-10993,-8590,-8066,11793.1738306531,11783.3974727156
10280,4273,-11006,-8790,-7835,11806.3781491192,11775.029723954
10300,4274,-10993,-9009,-7591,11794.6227154581,11780.7199270673
10320,4269,-11005,-9199,-7355,11803.9987292443,11777.8447094534
10340,4277,-10994,-9401,-7094,11796.6421069726,11777.2508252138
10360,4267,-11002,-9583,-6852,11800.4785072471,11780.6533350235
10380,4279,-10998,-9765,-6579,11801.0950763054,11774.4836829476
10400,4266,-10998,-9940,-6328,11796.3875826458,11783.3434983454
10420,4278,-11002,-10101,-6047,11804.4605128739,11772.6976517704
10440,4267,-10995,-10268,-5784,11793.9524333448,11785.0108188325
10460,4276,-11004,-10408,-5499,11805.6000271058,11771.3833086855
10480,4270,-10993,-10564,-5222,11793.1738306531,11784.2004395716
10500,4272,-11006,-10688,-4936,11806.016262906,11772.7413969729
10520,4274,-10993,-10830,-4645,11794.6227154581,11784.0962742164
10540,4269,-11004,-10938,-4358,11803.0664236037,11774.209442676
10560,4277,-10994,-11061,-4055,11796.6421069726,11780.863550691
10580,4267,-11002,-11159,-3768,11800.4785072471,11777.9924010843
10600,4279,-10998,-11261,-3455,11801.0950763054,11779.0978432136
10620,4266,-10998,-11348,-3165,11796.3875826458,11781.1005003777
10640,4278,-11002,-11427,-2847,11804.4605128739,11776.3210723893
10660,4268,-10995,-11505,-2551,11794.3142657808,11784.4230236359
10680,4276,-11004,-11561,-2232,11805.6000271058,11774.487037659
10700,4270,-10993,-11627,-1929,11793.1738306531,11785.9310196522
10720,4272,-11006,-11663,-1612,11806.016262906,11773.8741712318
10740,4274,-10993,-11715,-1300,11794.6227154581,11786.9090519949
10760,4269,-11004,-11733,-988,11803.0664236037,11774.5247462477
10780,4277,-10995,-11767,-667,11797.5740726643,11785.8889355025
10800,4266,-11002,-11771,-360,11800.116948573,11776.5037680969
10820,4279,-10998,-11784,-34,11801.0950763054,11784.0490494566
10840,4266,-10998,-11777,270,11796.3875826458,11780.0946091277
10860,4278,-11002,-11767,598,11804.4605128739,11782.1854084885
10880,4268,-10995,-11749,901,11794.3142657808,11783.4970191366
10900,4276,-11004,-11715,1226,11805.6000271058,11778.9770778281
10920,4270,-10993,-11687,1530,11793.1738306531,11786.7242692786
10940,4272,-11006,-11631,1850,11806.016262906,11777.2093893248
10960,4274,-10993,-11590,2157,11794.6227154581,11789.0096700274
10980,4269,-11004,-11516,2467,11803.0664236037,11777.2808831241
11000,4277,-10995,-11458,2777,11797.5740726643,11789.7198015899
11020,4266,-11001,-11368,3078,11799.1845904706,11777.3302577452
11040,4279,-10998,-11291,3390,11801.0950763054,11788.9262021611
11060,4266,-10997,-11190,3681,11795.4552688737,11779.8922321047
11080,4277,-11002,-11091,3991,11804.0981442887,11787.2117992339
11100,4268,-10995,-10980,4274,11794.3142657808,11782.5072034775
11120,4275,-11004,-10859,4579,11805.2378629149,11784.9532031315
11140,4270,-10993,-10738,4857,11793.1738306531,11785.3762349787
11160,4271,-11005,-10596,5152,11804.7221907167,11782.1186549788
11180,4274,-10993,-10465,5427,11794.6227154581,11788.4924396634
11200,4268,-11003,-10304,5709,11801.7724516278,11779.8598039196
11220,4277,-10995,-10160,5983,11797.5740726643,11790.7543863826
11240,4266,-11001,-9984,6250,11799.1845904706,11778.911494701
11260,4278,-10998,-9825,6521,11800.7325196362,11792.1188087638
11280,4266,-10997,-9637,6774,11795.4552688737,11779.5944327468
11300,4277,-11002,-9459,7039,11804.0981442887,11790.6828470619
11320,4268,-10994,-9264,7279,11793.3820424847,11781.5761678988
11340,4275,-11004,-9066,7536,11805.2378629149,11789.132792534
11360,4271,-10993,-8864,7764,11793.5359413536,11783.4711354507
11380,4271,-11005,-8647,8010,11804.7221907167,11786.8871632845
11400,4275,-10993,-8438,8230,11794.9851208045,11786.9734877109
11420,4268,-11003,-8204,8459,11801.7724516278,11783.899906228
11440,4277,-10996,-7986,8672,11798.5060494963,11788.9685723561
11460,4266,-11001,-7739,8883,11799.1845904706,11781.3331164177
11480,4278,-10999,-7510,9090,11801.6645012473,11791.0220082909
11500,4266,-10997,-7253,9282,11795.4552688737,11779.7085278032
11520,4277,-11002,-7011,9481,11804.0981442887,11791.6700259124
11540,4268,-10994,-6748,9656,11793.3820424847,11780.2308975673
11560,4274,-11004,-6491,9844,11804.8757723239,11791.4128500362
11580,4271,-10993,-6224,10003,11793.5359413536,11781.2641511851
11600,4271,-11005,-5951,10177,11804.7221907167,11789.2209242172
11620,4275,-10993,-5682,10322,11794.9851208045,11782.5637278141
11640,4268,-11003,-5395,10480,11801.7724516278,11787.1296336301
11660,4277,-10996,-5123,10614,11798.5060494963,11785.6745670326
11680,4266,-11000,-4825,10751,11798.2522434469,11784.0835876194
11700,4278,-10999,-4547,10876,11801.6645012473,11788.2392663196
11720,4266,-10997,-4243,10991,11795.4552688737,11781.5588951547
11740,4276,-11002,-3957,11106,11803.7358492979,11789.8721367112
11760,4268,-10994,-3649,11200,11793.3820424847,11779.4397574757
11780,4274,-11004,-3354,11303,11804.8757723239,11790.1282859857
11800,4271,-10993,-3047,11378,11793.5359413536,11778.9257999191
11820,4270,-11005,-2741,11467,11804.3604231657,11790.0453773512
11840,4275,-10994,-2435,11525,11795.9171326353,11779.4248586253
11860,4267,-11003,-2120,11596,11801.4108478605,11788.1981659624
11880,4277,-10996,-1816,11640,11798.5060494963,11780.8088007573
11900,4266,-11000,-1494,11691,11798.2522434469,11786.0730101251
11920,4278,-10999,-1191,11723,11801.6645012473,11783.3446015976
11940,4266,-10996,-864,11751,11794.5229661907,11782.720271652
11960,4276,-11003,-560,11773,11804.6679326443,11786.3110853227
11980,4269,-10994,-234,11778,11793.743977211,11780.3242739748
12000,4274,-11004,73,11788,11804.8757723239,11788.2260327837
12020,4271,-10993,395,11772,11793.5359413536,11778.6250895425
12040,4270,-11004,707,11768,11803.4281460938,11789.2185067544
12060,4275,-10994,1023,11733,11795.9171326353,11777.5132349745
12080,4267,-11002,1340,11713,11800.4785072471,11789.4007057187
12100,4277,-10996,1648,11662,11798.5060494963,11777.866869684
12120,4266,-11000,1968,11622,11798.2522434469,11787.4470518429
12140,4277,-10999,2270,11559,11801.3020468082,11779.7869675135
12160,4266,-10996,2590,11497,11794.5229661907,11785.1223582956
12180,4276,-11003,2886,11424,11804.6679326443,11782.9016799768
12200,4269,-10994,3202,11339,11793.743977211,11782.4328981751
12220,4273,-11004,3495,11255,11804.5137553395,11785.1622814453
12240,4271,-10993,3804,11149,11793.5359413536,11780.0940997939
12260,4270,-11004,4096,11053,11803.4281460938,11787.5368504196
12280,4275,-10994,4394,10928,11795.9171326353,11778.3029337846
12300,4267,-11002,4686,10818,11800.4785072471,11789.305323046
12320,4276,-10996,4972,10678,11798.1435827845,11778.8143715741
12340,4266,-10999,5262,10550,11797.3199075044,11789.4505385111
12360,4277,-10999,5535,10397,11801.3020468082,11778.5327609172
12380,4266,-10996,5822,10251,11794.5229661907,11788.9221305427
12400,4275,-11003,6084,10088,11804.3057398561,11780.6111895776
12420,4269,-10994,6364,9922,11793.743977211,11787.5603922101
12440,4273,-11004,6617,9750,11804.5137553395,11783.3437105093
12460,4271,-10993,6886,9564,11793.5359413536,11785.0367839901
12480,4269,-11004,7132,9383,11803.0664236037,11785.8437542672
12500,4275,-10994,7387,9179,11795.9171326353,11782.2667598387
12520,4267,-11002,7628,8989,11800.4785072471,11789.3386158851
12540,4276,-10997,7867,8770,11799.0755993849,11781.4510566398
12560,4266,-10999,8102,8567,11797.3199075044,11791.34822656
12580,4277,-11000,8324,8337,11802.2340681754,11781.1096675992
12600,4266,-10996,8552,8118,11794.5229661907,11791.4642008531
12620,4275,-11003,8758,7881,11804.3057398561,11781.8812165121
12640,4269,-10994,8977,7646,11793.743977211,11791.855027942
12660,4272,-11004,9168,7403,11804.1518119685,11783.7444388446
12680,4272,-10993,9374,7152,11793.8981257259,11790.8006513553
12700,4269,-11004,9554,6903,11803.0664236037,11786.8708739852
12720,4275,-10994,9743,6637,11795.9171326353,11788.800532709
12740,4267,-11001,9913,6383,11799.5461777138,11790.2611506277
12760,4276,-10997,10084,6104,11799.0755993849,11787.5303605123
12780,4266,-10999,10244,5843,11797.3199075044,11793.2262337327
12800,4276,-11000,10395,5555,11801.871715961,11786.1804669706
12820,4266,-10996,10546,5284,11794.5229661907,11795.7098980943
12840,4275,-11003,10676,4992,11804.3057398561,11785.4588370585
12860,4269,-10994,10816,4709,11793.743977211,11796.6324432017
12880,4272,-11004,10929,4415,11804.1518119685,11787.0804697346
12900,4272,-10993,11054,4121,11793.8981257259,11797.1842827007
12920,4269,-11004,11151,3826,11803.0664236037,11789.1084056429
12940,4275,-10994,11259,3520,11795.9171326353,11796.4181428093
12960,4266,-11001,11342,3225,11799.1845904706,11791.5897571108
12980,4276,-10997,11430,2910,11799.0755993849,11794.617416432
13000,4266,-10999,11502,2613,11797.3199075044,11795.0740989618
13020,4276,-11000,11568,2293,11801.871715961,11793.0688542041
13040,4266,-10995,11629,1993,11793.5906745995,11798.5460968714
13060,4274,-11003,11673,1671,11803.9436206719,11791.9960142463
13080,4269,-10994,11722,1365,11793.743977211,11801.2079466468
13100,4272,-11004,11745,1045,11804.1518119685,11791.3972878535
13120,4272,-10993,11780,733,11793.8981257259,11802.7831039971
13140,4269,-11003,11785,417,11802.1341290463,11792.3752484391
13160,4275,-10995,11803,98,11796.8491556008,11803.4068387055
13180,4266,-11001,11792,-213,11799.1845904706,11793.9235625809
13200,4276,-10997,11790,-536,11799.0755993849,11802.1775956812
13220,4266,-10998,11767,-843,11796.3875826458,11797.1580475977
13240,4276,-11000,11743,-1168,11801.871715961,11800.9437334478
13260,4267,-10995,11708,-1472,11793.9524333448,11800.1715241771
13280,4274,-11003,11662,-1795,11803.9436206719,11799.3334133755
13300,4270,-10994,11615,-2098,11794.1059856184,11802.9584850579
13320,4272,-11003,11548,-2416,11803.2196031422,11798.0235632923
13340,4272,-10993,11488,-2719,11793.8981257259,11805.3845765396
13360,4268,-11003,11402,-3028,11801.7724516278,11797.2195029168
13380,4275,-10995,11327,-3333,11796.8491556008,11807.1934853292
13400,4266,-11001,11224,-3633,11799.1845904706,11797.3244848143
13420,4276,-10997,11132,-3937,11799.0755993849,11807.6836424423
13440,4266,-10998,11016,-4227,11796.3875826458,11799.1434011118
13460,4276,-11000,10903,-4529,11801.871715961,11806.2377580667
13480,4267,-10995,10776,-4810,11793.9524333448,11800.7743813701
13500,4274,-11003,10643,-5107,11803.9436206719,11804.8675553773
13520,4270,-10994,10506,-5381,11794.1059856184,11803.8636471284
13540,4271,-11003,10353,-5669,11802.8577048103,11803.481266135
13560,4272,-10993,10205,-5937,11793.8981257259,11806.35396725
13580,4268,-11003,10033,-6213,11801.7724516278,11800.9515718013
13600,4275,-10995,9874,-6478,11796.8491556008,11809.3335967784
13620,4266,-11000,9686,-6739,11798.2522434469,11799.6913942696
13640,4276,-10998,9512,-7000,11800.0076271162,11810.0865365161
13660,4266,-10998,9313,-7247,11796.3875826458,11800.4651603231
13680,4276,-11000,9122,-7501,11801.871715961,11809.9908975409
13700,4267,-10995,8914,-7734,11793.9524333448,11801.4470299197
13720,4273,-11003,8706,-7979,11803.5815750983,11809.2708072937
13740,4270,-10994,8489,-8200,11794.1059856184,11802.6743155947
13760,4271,-11003,8264,-8434,11802.8577048103,11807.8809275839
13780,4272,-10993,8040,-8644,11793.8981257259,11805.0978818475
13800,4268,-11003,7798,-8863,11801.7724516278,11805.1502743506
13820,4275,-10995,7567,-9064,11796.8491556008,11807.4376983324
13840,4266,-11000,7312,-9266,11798.2522434469,11803.5630213932
13860,4276,-10998,7071,-9459,11800.0076271162,11809.8146471484
13880,4266,-10998,6806,-9642,11796.3875826458,11802.1099808466
13900,4275,-11001,6554,-9826,11802.441527074,11811.2316038591
13920,4267,-10995,6281,-9991,11793.9524333448,11801.3152656812
13940,4273,-11003,6016,-10164,11803.5815750983,11810.9759122606
13960,4270,-10994,5739,-10312,11794.1059856184,11801.4179232836
13980,4271,-11003,5460,-10472,11802.8577048103,11809.9273494802
14000,4272,-10994,5181,-10605,11794.8302234496,11802.9143011377
14020,4268,-11003,4890,-10748,11801.7724516278,11808.1160224652
14040,4275,-10995,4607,-10869,11796.8491556008,11805.0671323801
14060,4266,-11000,4306,-10993,11798.2522434469,11806.2561805172
14080,4276,-10998,4019,-11102,11800.0076271162,11807.0641990293
14100,4266,-10997,3710,-11205,11795.4552688737,11803.2251948355
14120,4275,-11000,3418,-11304,11801.5094373559,11809.4512997006
14140,4267,-10995,3106,-11386,11793.9524333448,11802.04355186
14160,4273,-11003,2806,-11472,11803.5815750983,11810.1828944348
14180,4270,-10994,2493,-11535,11794.1059856184,11801.32509509
14200,4270,-11003,2185,-11607,11802.4958801094,11810.871009371
14220,4272,-10994,1874,-11651,11794.8302234496,11800.7490016524
14240,4267,-11002,1558,-11707,11800.4785072471,11810.2164671102
14260,4275,-10995,1249,-11736,11796.8491556008,11802.2750772891
14280,4266,-11000,926,-11772,11798.2522434469,11808.3639849049
14300,4275,-10998,619,-11788,11799.6452912789,11804.240975175
14320,4266,-10997,293,-11803,11795.4552688737,11806.6361847903
14340,4275,-11001,-14,-11807,11802.441527074,11807.008300158
14360,4267,-10995,-339,-11799,11793.9524333448,11803.8689420037
14380,4273,-11003,-648,-11791,11803.5815750983,11808.7926986631
14400,4270,-10994,-970,-11762,11794.1059856184,11801.9296727273
14420,4270,-11003,-1281,-11741,11802.4958801094,11810.6749172094
14440,4272,-10994,-1597,-11693,11794.8302234496,11801.5532028627
14460,4267,-11002,-1911,-11656,11800.4785072471,11811.6153425347
14480,4275,-10996,-2220,-11591,11797.7811896983,11801.6812785298
14500,4266,-10999,-2535,-11536,11797.3199075044,11811.2455312723
14520,4275,-10999,-2836,-11457,11800.5773587566,11802.7854763187
14540,4266,-10997,-3151,-11381,11795.4552688737,11809.147386666
14560,4275,-11001,-3446,-11291,11802.441527074,11805.151290856
14580,4267,-10994,-3757,-11194,11793.0201814463,11807.6536619262
14600,4272,-11003,-4047,-11093,11803.2196031422,11808.1691214176
14620,4270,-10994,-4351,-10975,11794.1059856184,11806.0080467531
14640,4270,-11003,-4638,-10862,11802.4958801094,11810.7615334491
14660,4273,-10994,-4932,-10725,11795.1924528598,11804.670643436
14680,4267,-11002,-5216,-10598,11800.4785072471,11812.0387740644
14700,4275,-10996,-5498,-10445,11797.7811896983,11803.6447337253
14720,4266,-10999,-5780,-10303,11797.3199075044,11813.560386268
14740,4275,-10999,-6049,-10137,11800.5773587566,11804.6249410983
14760,4266,-10997,-6326,-9977,11795.4552688737,11813.5009628814
14780,4274,-11001,-6583,-9800,11802.0793506907,11805.7566043011
14800,4267,-10994,-6853,-9622,11793.0201814463,11812.9798526875
14820,4272,-11003,-7099,-9436,11803.2196031422,11808.2131163017
14840,4270,-10994,-7359,-9239,11794.1059856184,11811.6045480705
14860,4270,-11002,-7597,-9044,11801.5636252151,11811.3650777546
14880,4273,-10994,-7843,-8830,11795.1924528598,11810.2306920737
14900,4267,-11002,-8073,-8625,11800.4785072471,11813.7188894945
14920,4275,-10996,-8303,-8397,11797.7811896983,11808.8703100678
14940,4266,-10999,-8527,-8180,11797.3199075044,11816.1808127669
14960,4275,-10999,-8740,-7940,11800.5773587566,11808.0989155749
14980,4266,-10996,-8956,-7711,11794.5229661907,11818.1833206293
15000,4274,-11001,-9152,-7462,11802.0793506907,11808.4947389581
15020,4268,-10994,-9358,-7218,11793.3820424847,11818.2777087019
15040,4272,-11003,-9539,-6963,11803.2196031422,11809.9911092261
15060,4271,-10994,-9732,-6704,11794.4680677002,11817.590278902
15080,4269,-11003,-9900,-6444,11802.1341290463,11812.4991428571
15100,4273,-10994,-10077,-6171,11795.1924528598,11816.3941200351
15120,4267,-11001,-10233,-5906,11799.5461777138,11815.0380871159
15140,4275,-10996,-10392,-5621,11797.7811896983,11814.7917882627
15160,4266,-10999,-10538,-5349,11797.3199075044,11817.8358847972
15180,4275,-10999,-10677,-5056,11800.5773587566,11813.6135453975
15200,4266,-10996,-10812,-4776,11794.5229661907,11819.878171961
15220,4274,-11001,-10931,-4477,11802.0793506907,11812.2940193681
15240,4268,-10994,-11055,-4188,11793.3820424847,11821.6906151362
15260,4271,-11003,-11155,-3887,11802.8577048103,11812.8232865814
15280,4271,-10994,-11264,-3588,11794.4680677002,11821.6513228906
15300,4269,-11002,-11347,-3286,11801.2018455749,11813.22161817
15320,4273,-10994,-11440,-2977,11795.1924528598,11821.0037221887
15340,4267,-11001,-11508,-2675,11799.5461777138,11814.8080390669
15360,4275,-10996,-11582,-2358,11797.7811896983,11819.5976242848
15380,4266,-10998,-11637,-2055,11796.3875826458,11817.0552169312
15400,4275,-10999,-11689,-1733,11800.5773587566,11816.7681706971
15420,4266,-10996,-11732,-1428,11794.5229661907,11818.5873944393
15440,4274,-11001,-11763,-1105,11802.0793506907,11814.7870907605
15460,4268,-10994,-11793,-797,11793.3820424847,11819.9009302109
15480,4271,-11003,-11803,-475,11802.8577048103,11812.5540845323
15500,4271,-10994,-11820,-162,11794.4680677002,11821.1101001556
15520,4269,-11002,-11810,156,11801.2018455749,11811.0302683551
15540,4273,-10995,-11811,474,11796.1245330829,11820.5074764157
15560,4267,-11001,-11785,787,11799.5461777138,11811.2486215472
15580,4275,-10997,-11766,1107,11798.7132349252,11817.9611185686
15600,4266,-10998,-11726,1415,11796.3875826458,11811.066886611
15620,4275,-10999,-11687,1737,11800.5773587566,11815.3771839921
15640,4266,-10996,-11634,2041,11794.5229661907,11811.6737594636
15660,4273,-11001,-11573,2360,11801.7172479263,11811.1781376796
15680,4268,-10994,-11508,2661,11793.3820424847,11811.6461596172
15700,4271,-11003,-11427,2975,11802.8577048103,11807.9191223517
15720,4271,-10994,-11349,3275,11794.4680677002,11812.0881303858
15740,4269,-11002,-11248,3580,11801.2018455749,11803.9783124165
15760,4273,-10995,-11155,3879,11796.1245330829,11810.1933091715
15780,4266,-11001,-11038,4175,11799.1845904706,11801.1893044727
15800,4274,-10997,-10928,4472,11798.3509440938,11807.6233002243
15820,4266,-10998,-10796,4757,11796.3875826458,11797.5703007018
15840,4274,-10999,-10669,5050,11800.2151251577,11803.8155271929
15860,4267,-10996,-10525,5326,11794.8846963419,11795.8425303155
15880,4273,-11001,-10378,5613,11801.7172479263,11798.671662522
15900,4268,-10994,-10223,5880,11793.3820424847,11793.3934471805
15920,4271,-11003,-10057,6158,11802.8577048103,11792.5490459018
15940,4271,-10994,-9892,6417,11794.4680677002,11791.0793823127
15960,4268,-11002,-9708,6684,11800.8401395833,11786.4803906849
15980,4273,-10995,-9531,6937,11796.1245330829,11788.2114843601
16000,4266,-11001,-9331,7189,11799.1845904706,11779.1885119477
16020,4274,-10997,-9142,7436,11798.3509440938,11784.3226364522
16040,4266,-10998,-8929,7673,11796.3875826458,11772.9337889924
16060,4274,-11000,-8725,7913,11801.1472323669,11778.8451895761
16080,4267,-10996,-8503,8135,11794.8846963419,11767.720000068
16100,4273,-11001,-8283,8365,11801.7172479263,11772.0564898407
16120,4268,-10994,-8052,8573,11793.3820424847,11761.4213851898
16140,4270,-11003,-7816,8792,11802.4958801094,11763.8905129213
16160,4271,-10994,-7579,8987,11794.4680677002,11756.1647657729
16180,4268,-11002,-7328,9191,11800.8401395833,11754.7464881213
16200,4273,-10995,-7084,9376,11796.1245330829,11751.2736331004
16220,4266,-11000,-6819,9562,11798.2522434469,11744.3861057103
16240,4274,-10997,-6567,9736,11798.3509440938,11743.7296034948
16260,4266,-10998,-6293,9904,11796.3875826458,11734.1836102901
16280,4274,-11000,-6031,10068,11801.1472323669,11736.1656856062
16300,4267,-10996,-5750,10217,11794.8846963419,11723.8896702417
16320,4273,-11001,-5477,10370,11801.7172479263,11727.507365165
16340,4268,-10994,-5192,10500,11793.3820424847,11713.5333695687
16360,4270,-11003,-4907,10639,11802.4958801094,11716.0987534247
16380,4271,-10994,-4619,10753,11794.4680677002,11703.0837816364
16400,4268,-11002,-4324,10876,11800.8401395833,11704.0314421997
16420,4273,-10995,-4034,10976,11796.1245330829,11693.8330756001
16440,4266,-11000,-3730,11079,11798.2522434469,11690.0445251504
16460,4274,-10997,-3438,11166,11798.3509440938,11683.2957678902
16480,4266,-10997,-3127,11249,11795.4552688737,11675.535533756
16500,4274,-11000,-2831,11324,11801.1472323669,11672.5120261236
16520,4267,-10995,-2518,11386,11793.9524333448,11661.1028637947
16540,4272,-11001,-2217,11448,11801.3552187874,11660.6943618294
16560,4268,-10994,-1903,11489,11793.3820424847,11645.5369133415
16580,4270,-11003,-1596,11536,11802.4958801094,11645.8796146964
16600,4271,-10994,-1285,11559,11794.4680677002,11630.2066189729
16620,4268,-11002,-973,11590,11800.8401395833,11630.7707827126
16640,4273,-10995,-664,11597,11796.1245330829,11615.9935003425
16660,4266,-11000,-348,11608,11798.2522434469,11613.2152309341
16680,4274,-10997,-43,11600,11798.3509440938,11600.0796980021
16700,4266,-10997,275,11591,11795.4552688737,11594.2617703759
16720,4274,-11000,578,11570,11801.1472323669,11584.4285141737
16740,4267,-10995,895,11540,11793.9524333448,11574.6544224871
16760,4272,-11001,1196,11506,11801.3552187874,11567.9925656961
16780,4269,-10994,1509,11455,11793.743977211,11553.9649471513
16800,4270,-11002,1809,11408,11801.5636252151,11550.5387320246
16820,4272,-10994,2115,11338,11794.8302234496,11533.5800599814
16840,4268,-11001,2416,11275,11799.9078386231,11530.9444973081
16860,4273,-10995,2714,11188,11796.1245330829,11512.477578697
16880,4266,-11000,3013,11108,11798.2522434469,11509.3802178918
16900,4274,-10997,3302,11006,11798.3509440938,11490.6588148809
16920,4266,-10997,3599,10908,11795.4552688737,11486.3947781713
16940,4273,-11000,3879,10794,11800.7851010007,11469.8333466533
16960,4267,-10995,4171,10676,11793.9524333448,11461.8592296364
16980,4272,-11001,4443,10550,11801.3552187874,11447.390488666
17000,4269,-10994,4726,10413,11793.743977211,11435.2807136511
17020,4269,-11002,4992,10276,11801.2018455749,11424.3704421732
17040,4272,-10994,5265,10121,11794.8302234496,11408.5435529694
17060,4267,-11001,5525,9972,11799.5461777138,11400.2810930257
17080,4273,-10996,5785,9800,11797.0566244297,11380.0801842518
17100,4266,-10999,6040,9638,11797.3199075044,11374.2095989128
17120,4274,-10998,6285,9454,11799.2830290658,11352.5037326574
17140,4266,-10997,6533,9276,11795.4552688737,11345.6716416438
17160,4273,-11000,6765,9082,11800.7851010007,11324.6610986819
17180,4267,-10995,7004,8888,11793.9524333448,11316.0311063553
17200,4272,-11001,7222,8684,11801.3552187874,11294.6509463551
17220,4269,-10994,7450,8475,11793.743977211,11283.976471085
17240,4269,-11002,7657,8264,11801.2018455749,11266.0261405697
17260,4272,-10994,7871,8039,11794.8302234496,11250.6960673551
17280,4267,-11001,8067,7820,11799.5461777138,11235.163060677
17300,4273,-10996,8265,7582,11797.0566244297,11215.9239030942
17320,4266,-10999,8452,7354,11797.3199075044,11203.4646426898
17340,4274,-10998,8631,7106,11799.2830290658,11179.8656968677
17360,4266,-10997,8808,6868,11795.4552688737,11169.1668444876
17380,4273,-11000,8970,6613,11800.7851010007,11144.1764612734
17400,4267,-10995,9135,6364,11793.9524333448,11133.2259924965
17420,4272,-11001,9280,6104,11801.3552187874,11107.5296983623
17440,4269,-10994,9432,5844,11793.743977211,11095.7180930303
17460,4269,-11002,9561,5581,11801.2018455749,11070.6947388138
17480,4272,-10994,9697,5309,11794.8302234496,11055.1928974577
17500,4267,-11001,9813,5043,11799.5461777138,11032.9877186554
17520,4273,-10996,9930,4764,11797.0566244297,11013.6549791611
17540,4266,-10999,10033,4494,11797.3199075044,10993.5037635869
17560,4274,-10998,10131,4208,11799.2830290658,10970.1606642747
17580,4266,-10997,10222,3935,11795.4552688737,10953.2419401746
17600,4273,-11000,10300,3645,11800.7851010007,10925.9335985535
17620,4267,-10995,10378,3367,11793.9524333448,10910.5257893467
17640,4271,-11002,10437,3077,11801.9254784971,10881.1257689634
17660,4269,-10994,10501,2792,11793.743977211,10865.8301569645
17680,4269,-11002,10543,2504,11801.2018455749,10836.2754210107
17700,4272,-10994,10590,2214,11794.8302234496,10818.9600239579
17720,4267,-11001,10616,1929,11799.5461777138,10789.83303856
17740,4273,-10996,10645,1635,11797.0566244297,10769.8305464849
17760,4266,-10999,10657,1352,11797.3199075044,10742.4183962458
17780,4274,-10998,10667,1057,11799.2830290658,10719.2414843589
17800,4266,-10996,10666,776,11794.5229661907,10694.1915075428
17820,4273,-11001,10656,482,11801.7172479263,10666.8955183783
17840,4268,-10995,10642,202,11794.3142657808,10643.9169481916
17860,4271,-11001,10612,-89,11800.9932632809,10612.3732030117
17880,4269,-10994,10585,-368,11793.743977211,10591.3950450354
17900,4269,-11002,10538,-652,11801.2018455749,10558.150785057
17920,4272,-10995,10496,-932,11795.7623322954,10537.2975662643
17940,4267,-11000,10433,-1208,11798.6138592633,10502.7021761069
17960,4273,-10996,10375,-1486,11797.0566244297,10480.8788276556
17980,4266,-10999,10298,-1754,11797.3199075044,10446.3065243176
18000,4274,-10998,10223,-2030,11799.2830290658,10422.6018344749
18020,4266,-10996,10134,-2290,11794.5229661907,10389.5166393822
18040,4273,-11001,10040,-2560,11801.7172479263,10361.2354475709
18060,4268,-10995,9940,-2813,11794.3142657808,10330.3711937181
18080,4271,-11001,9829,-3075,11800.9932632809,10298.7798306401
18100,4269,-10994,9718,-3322,11793.743977211,10270.1123655002
18120,4268,-11002,9591,-3574,11800.8401395833,10235.2702455773
18140,4272,-10995,9469,-3816,11795.7623322954,10209.0066607873
18160,4267,-11000,9327,-4056,11798.6138592633,10170.7455478937
18180,4273,-10996,9192,-4292,11797.0566244297,10144.6600731616
18200,4266,-10998,9038,-4519,11796.3875826458,10104.7911903215
18220,4273,-10998,8889,-4748,11798.9208404837,10077.5902377503
18240,4266,-10996,8726,-4962,11794.5229661907,10038.1532166031
18260,4272,-11001,8563,-5183,11801.3552187874,10009.4184646262
18280,4268,-10995,8392,-5385,11794.3142657808,9971.15284207398
18300,4271,-11001,8214,-5595,11800.9932632809,9938.50194948917
18320,4270,-10994,8036,-5786,11794.1059856184,9902.27711185665
18340,4268,-11002,7845,-5983,11800.8401395833,9866.11950059394
18360,4272,-10995,7659,-6165,11795.7623322954,9831.96348650665
18380,4267,-11000,7458,-6346,11798.6138592633,9792.52163643257
18400,4273,-10996,7264,-6519,11797.0566244297,9760.27955542258
18420,4266,-10998,7054,-6684,11796.3875826458,9717.7555021723
18440,4273,-10999,6851,-6847,11799.8529651856,9685.94910166268
18460,4266,-10996,6635,-6996,11794.5229661907,9641.95213636741
18480,4272,-11001,6422,-7148,11801.3552187874,9609.16166998974
18500,4268,-10995,6202,-7282,11794.3142657808,9565.16220458388
18520,4270,-11001,5980,-7422,11800.6313814135,9531.34219299674
18540,4270,-10994,5757,-7542,11794.1059856184,9488.14065030657
18560,4268,-11001,5526,-7667,11799.9078386231,9450.90286692229
18580,4272,-10995,5301,-7775,11795.7623322954,9410.16609842781
18600,4266,-11000,5063,-7883,11798.2522434469,9368.86642022395
18620,4273,-10997,4835,-7979,11797.9887268975,9329.61231777613
18640,4266,-10998,4593,-8070,11796.3875826458,9285.50208658638
18660,4273,-10999,4362,-8155,11799.8529651856,9248.30087097084
18680,4266,-10996,4118,-8229,11794.5229661907,9201.86747350775
18700,4272,-11001,3882,-8302,11801.3552187874,9164.77648390838
18720,4268,-10995,3638,-8359,11794.3142657808,9116.35480880379
18740,4270,-11001,3398,-8419,11800.6313814135,9078.87465493384
18760,4270,-10994,3156,-8461,11794.1059856184,9030.44057618453
18780,4268,-11001,2913,-8507,11799.9078386231,8991.91959483624
18800,4272,-10995,2674,-8536,11795.7623322954,8945.03057568838
18820,4266,-11000,2428,-8566,11798.2522434469,8903.45663211766
18840,4273,-10997,2191,-8582,11797.9887268975,8857.26848413211
18860,4266,-10998,1945,-8595,11796.3875826458,8812.32375710289
18880,4273,-10999,1711,-8600,11799.8529651856,8768.55295929722
18900,4266,-10996,1467,-8597,11794.5229661907,8721.26699511029
18920,4272,-11001,1234,-8590,11801.3552187874,8678.18275908038
18940,4268,-10994,994,-8571,11793.3820424847,8628.44580443083
18960,4270,-11001,763,-8553,11800.6313814135,8586.96558744706
18980,4270,-10994,529,-8519,11794.1059856184,8535.40871897767
19000,4268,-11001,298,-8488,11799.9078386231,8493.22953887389
19020,4272,-10995,72,-8441,11795.7623322954,8441.30706703648
19040,4266,-11000,-156,-8397,11798.2522434469,8398.44896394566
19060,4273,-10997,-376,-8339,11797.9887268975,8347.47249171868
19080,4266,-10998,-600,-8280,11796.3875826458,8301.71066708543
19100,4273,-10999,-812,-8212,11799.8529651856,8252.04750349875
19120,4266,-10996,-1031,-8139,11794.5229661907,8204.04058985571
19140,4272,-11001,-1237,-8062,11801.3552187874,8156.34801856811
19160,4268,-10994,-1448,-7975,11793.3820424847,8105.38888641378
19180,4270,-11001,-1648,-7889,11800.6313814135,8059.29432394673
19200,4270,-10994,-1850,-7789,11794.1059856184,8005.68679127531
19220,4268,-11001,-2044,-7694,11799.9078386231,7960.87758981383
19240,4272,-10995,-2236,-7583,11795.7623322954,7905.79439398724
19260,4266,-10999,-2424,-7478,11797.3199075044,7861.05972499891
19280,4273,-10997,-2604,-7358,11797.9887268975,7805.18929943406
19300,4266,-10998,-2786,-7242,11796.3875826458,7759.40461633494
19320,4273,-10999,-2956,-7116,11799.8529651856,7705.54293998807
19340,4266,-10995,-3129,-6988,11793.5906745995,7656.55176956311
19360,4271,-11001,-3289,-6856,11800.9932632809,7604.09475217136
19380,4268,-10994,-3453,-6718,11793.3820424847,7553.458347009
19400,4269,-11001,-3603,-6581,11800.269573192,7502.74416463736
19420,4270,-10994,-3755,-6434,11794.1059856184,7449.58931753959
19440,4267,-11001,-3897,-6291,11799.5461777138,7400.22229395847
19460,4272,-10995,-4037,-6136,11795.7623322954,7344.92103429302
19480,4266,-10999,-4170,-5987,11797.3199075044,7296.09957443016
19500,4273,-10997,-4297,-5827,11797.9887268975,7240.0371546008
19520,4266,-10997,-4422,-5672,11795.4552688737,7192.05589522217
19540,4273,-10999,-4535,-5507,11799.8529651856,7133.95220056877
19560,4266,-10995,-4651,-5346,11793.5906745995,7086.00853795704
19580,4271,-11001,-4753,-5179,11800.9932632809,7029.44165634796
19600,4269,-10994,-4857,-5012,11793.743977211,6979.29745748095
19620,4269,-11001,-4948,-4844,11800.269573192,6924.38011666026
19640,4270,-10994,-5040,-4671,11794.1059856184,6871.66944781252
19660,4267,-11001,-5121,-4502,11799.5461777138,6818.55153240041
19680,4272,-10995,-5201,-4325,11795.7623322954,6764.32006930482
19700,4266,-10999,-5272,-4155,11797.3199075044,6712.52627555379
19720,4273,-10997,-5338,-3976,11797.9887268975,6656.03635807377
19740,4266,-10997,-5400,-3804,11795.4552688737,6605.33239133354
19760,4273,-10999,-5453,-3625,11799.8529651856,6547.96411108063
19780,4266,-10995,-5506,-3451,11793.5906745995,6498.1102637613
19800,4271,-11001,-5546,-3273,11800.9932632809,6439.77057044737
19820,4269,-10994,-5588,-3098,11793.743977211,6389.31514326849
19840,4269,-11001,-5618,-2922,11800.269573192,6332.45671126144
19860,4270,-10994,-5649,-2746,11794.1059856184,6281.06018121145
19880,4267,-11001,-5668,-2573,11799.5461777138,6224.6729231342
19900,4272,-10996,-5687,-2396,11796.6944522608,6171.12510001215
19920,4266,-10999,-5697,-2226,11797.3199075044,6116.44381973709
19940,4273,-10998,-5705,-2051,11798.9208404837,6062.47688655388
19960,4266,-10997,-5706,-1884,11795.4552688737,6008.98427356904
19980,4272,-10999,-5701,-1711,11799.4908788473,5952.21992201229
20000,4267,-10995,-5695,-1546,11793.9524333448,5901.11353898567
20020,4271,-11001,-5679,-1378,11800.9932632809,5843.79371641402
20040,4269,-10994,-5663,-1215,11793.743977211,5791.87309943856
20060,4269,-11001,-5637,-1052,11800.269573192,5734.32411012841
20080,4270,-10994,-5613,-892,11794.1059856184,5683.43496487819
20100,4267,-11001,-5578,-735,11799.5461777138,5626.21622407102
20120,4272,-10996,-5544,-578,11796.6944522608,5574.04879777707
20140,4266,-10999,-5501,-428,11797.3199075044,5517.6249419474
20160,4273,-10998,-5458,-274,11798.9208404837,5464.87328306888
20180,4266,-10997,-5409,-130,11795.4552688737,5410.56198559817
20200,4272,-10999,-5356,18,11799.4908788473,5356.03024636717
20220,4267,-10995,-5300,157,11793.9524333448,5302.32486745201
20240,4271,-11001,-5239,298,11800.9932632809,5247.4684372562
20260,4269,-10994,-5177,432,11793.743977211,5194.99307025524
20280,4269,-11001,-5108,566,11800.269573192,5139.26259301857
20300,4271,-10995,-5040,695,11795.4002051647,5087.69348526422
20320,4267,-11000,-4964,821,11798.6138592633,5031.43488480175
20340,4272,-10996,-4890,944,11796.6944522608,4980.2847308161
20360,4266,-10999,-4809,1062,11797.3199075044,4924.86801853613
20380,4273,-10998,-4728,1180,11798.9208404837,4873.0261645101
20400,4266,-10997,-4643,1289,11795.4552688737,4818.60664507905
20420,4272,-11000,-4556,1400,11800.4230432642,4766.24967873065
20440,4267,-10995,-4467,1502,11793.9524333448,4712.7585340223
20460,4271,-11001,-4374,1605,11800.9932632809,4659.17385380713
20480,4269,-10994,-4282,1700,11793.743977211,4607.11666880708
20500,4269,-11001,-4185,1795,11800.269573192,4553.70728088664
20520,4271,-10995,-4090,1884,11795.4002051647,4503.06073687664
20540,4267,-11000,-3988,1970,11798.6138592633,4448.03821926026
20560,4272,-10996,-3891,2052,11796.6944522608,4398.92998353009
20580,4266,-10999,-3787,2129,11797.3199075044,4344.4228615548
20600,4273,-10998,-3686,2204,11798.9208404837,4294.67251370812
20620,4266,-10997,-3580,2273,11795.4552688737,4240.62837324847
20640,4272,-11000,-3476,2341,11800.4230432642,4190.80624701262
20660,4267,-10995,-3370,2401,11793.9524333448,4137.83772035589
20680,4270,-11001,-3263,2463,11800.6313814135,4088.21941681217
20700,4269,-10994,-3157,2515,11793.743977211,4036.31936298405
20720,4268,-11001,-3049,2568,11799.9078386231,3986.35485123941
20740,4271,-10995,-2943,2614,11795.4002051647,3936.27298341972
20760,4267,-11000,-2833,2658,11798.6138592633,3884.69471129972
20780,4272,-10996,-2727,2698,11796.6944522608,3836.10909646741
20800,4266,-10998,-2618,2733,11796.3875826458,3784.60209269085
20820,4272,-10998,-2512,2767,11798.5587255393,3737.16911578805
20840,4266,-10996,-2403,2794,11794.5229661907,3685.21980348527
20860,4272,-11000,-2298,2821,11800.4230432642,3638.52236491684
20880,4267,-10995,-2191,2841,11793.9524333448,3587.72379092928
20900,4270,-11001,-2085,2862,11800.6313814135,3540.94182386551
20920,4269,-10994,-1981,2875,11793.743977211,3491.41604510262
20940,4268,-11001,-1876,2888,11799.9078386231,3443.82345656684
20960,4271,-10995,-1774,2895,11795.4002051647,3395.30572997484
20980,4267,-11000,-1671,2902,11798.6138592633,3348.70795979584
21000,4272,-10996,-1571,2903,11796.6944522608,3300.82565428712
21020,4266,-10998,-1470,2902,11796.3875826458,3253.07608272539
21040,4272,-10998,-1374,2899,11798.5587255393,3208.12671196136
21060,4266,-10996,-1275,2891,11794.5229661907,3159.66865351416
21080,4272,-11000,-1181,2883,11800.4230432642,3115.51761349539
21100,4267,-10995,-1086,2869,11793.9524333448,3067.66311709744
21120,4270,-11001,-994,2856,11800.6313814135,3024.03240723376
21140,4269,-10994,-904,2837,11793.743977211,2977.54680903592
21160,4268,-11001,-814,2818,11799.9078386231,2933.20984588556
21180,4271,-10995,-728,2794,11795.4002051647,2887.28592280016
21200,4266,-11000,-642,2771,11798.2522434469,2844.39888201356
21220,4272,-10996,-560,2743,11796.6944522608,2799.58014709349
21240,4266,-10998,-477,2715,11796.3875826458,2756.58375530293
21260,4272,-10998,-399,2684,11798.5587255393,2713.4953473334
21280,4266,-10996,-321,2651,11794.5229661907,2670.36364564829
21300,4271,-11000,-247,2616,11800.0610591641,2627.63486808955
21320,4267,-10995,-173,2579,11793.9524333448,2584.79593004941
21340,4270,-11001,-103,2542,11800.6313814135,2544.08588691498
21360,4269,-10994,-33,2501,11793.743977211,2501.21770343967
21380,4268,-11001,33,2461,11799.9078386231,2461.22124157907
21400,4271,-10995,97,2417,11795.4002051647,2418.94563808284
21420,4266,-11000,160,2374,11798.2522434469,2379.38563499068
21440,4272,-10997,219,2328,11797.6265833429,2338.27821270267
21460,4266,-10998,277,2283,11796.3875826458,2299.74302912304
21480,4272,-10998,332,2235,11798.5587255393,2259.52406493049
21500,4266,-10996,386,2187,11794.5229661907,2220.80278277924
21520,4271,-11000,435,2138,11800.0610591641,2181.80407003012
21540,4267,-10995,485,2087,11793.9524333448,2142.61382428099
21560,4270,-11001,530,2037,11800.6313814135,2104.82041989335
21580,4270,-10994,575,1985,11794.1059856184,2066.60349365813
21600,4268,-11001,616,1935,11799.9078386231,2030.68485984409
21620,4271,-10995,656,1882,11795.4002051647,1993.05293457048
21640,4266,-11000,693,1830,11798.2522434469,1956.82114665597
21660,4272,-10997,728,1776,11797.6265833429,1919.41657802573
21680,4266,-10998,762,1724,11796.3875826458,1884.89256988296
21700,4272,-10999,791,1671,11799.4908788473,1848.76228866775
21720,4266,-10996,821,1618,11794.5229661907,1814.37730364993
21740,4271,-11000,847,1565,11800.0610591641,1779.50386344059
21760,4267,-10995,872,1512,11793.9524333448,1745.43060589644
21780,4269,-11001,894,1459,11800.269573192,1711.11571788702
21800,4270,-10994,915,1406,11794.1059856184,1677.5163188476
21820,4268,-11001,933,1355,11799.9078386231,1645.1486255047
21840,4271,-10995,950,1302,11795.4002051647,1611.73943303501
21860,4266,-10999,965,1251,11797.3199075044,1579.94493574934
21880,4272,-10997,978,1199,11797.6265833429,1547.28310273201
21900,4266,-10997,989,1149,11795.4552688737,1516.02176765375
21920,4272,-10999,998,1099,11799.4908788473,1484.5218085296
21940,4266,-10996,1007,1050,11794.5229661907,1454.83641692116
21960,4271,-11000,1012,1001,11800.0610591641,1423.42720221303
21980,4267,-10995,1017,953,11793.9524333448,1393.73526898045
22000,4269,-11001,1020,905,11800.269573192,1363.60734817615
22020,4270,-10995,1022,859,11795.0381516975,1335.05243342724
22040,4268,-11000,1021,813,11798.97554875,1305.14750124268
22060,4271,-10995,1020,768,11795.4002051647,1276.80225563711
22080,4266,-10999,1018,725,11797.3199075044,1249.77958056611
22100,4272,-10997,1014,681,11797.6265833429,1221.45691696433
22120,4266,-10997,1009,640,11795.4552688737,1194.85605827648
22140,4272,-10999,1002,598,11799.4908788473,1166.879599616
22160,4266,-10996,995,558,11794.5229661907,1140.78437927594
22180,4271,-11000,986,519,11800.0610591641,1114.25176688215
22200,4268,-10994,977,481,11793.3820424847,1088.98576666548
22220,4269,-11001,965,444,11800.269573192,1062.24338077486
22240,4270,-10995,954,408,11795.0381516975,1037.58373156098
22260,4267,-11000,942,373,11798.6138592633,1013.15990840538
22280,4271,-10995,929,339,11795.4002051647,988.919612506497
22300,4266,-10999,915,307,11797.3199075044,965.129006920836
22320,4272,-10997,900,275,11797.6265833429,941.076511235936
22340,4266,-10997,885,245,11795.4552688737,918.286447683946
22360,4272,-10999,869,215,11799.4908788473,895.201653260314
22380,4267,-10996,852,187,11794.8846963419,872.280344843331
22400,4271,-11000,835,160,11800.0610591641,850.191154976338
22420,4268,-10995,818,134,11794.3142657808,828.90288936642
22440,4269,-11001,800,109,11800.269573192,807.391478775941
22460,4270,-10995,782,86,11795.0381516975,786.71468779984
22480,4267,-11000,763,63,11798.6138592633,765.596499469531
22500,4271,-10996,744,41,11796.3323537445,745.128847918264
22520,4266,-10999,725,21,11797.3199075044,725.30407416476
22540,4272,-10997,706,1,11797.6265833429,706.000708214942
22560,4266,-10997,686,-17,11795.4552688737,686.210609069839
22580,4272,-10999,666,-35,11799.4908788473,666.919035565787
22600,4267,-10996,647,-51,11794.8846963419,649.006933707183
22620,4271,-11000,627,-66,11800.0610591641,630.464114759912
22640,4268,-10994,607,-80,11793.3820424847,612.249132298283
22660,4269,-11001,587,-94,11800.269573192,594.478763287638
22680,4270,-10995,568,-107,11795.0381516975,577.990484350737
22700,4267,-11000,548,-118,11798.6138592633,560.560433851694
22720,4271,-10996,529,-129,11796.3323537445,544.501606976508
22740,4266,-10999,509,-139,11797.3199075044,527.638133572622
22760,4272,-10997,490,-148,11797.6265833429,511.863262991202
22780,4266,-10997,471,-156,11795.4552688737,496.16227184259
22800,4272,-10999,452,-163,11799.4908788473,480.492455716008
22820,4267,-10995,434,-170,11793.9524333448,466.107283787756
22840,4270,-11000,416,-176,11799.6991487071,451.699014831779
22860,4268,-10994,398,-181,11793.3820424847,437.224198781357
22880,4269,-11001,380,-185,11800.269573192,422.640509180083
22900,4270,-10995,363,-189,11795.0381516975,409.255421466839
22920,4267,-11000,346,-192,11798.6138592633,395.701908006519
22940,4271,-10996,329,-195,11796.3323537445,382.44738200176
22960,4266,-10999,313,-196,11797.3199075044,369.303398305512
22980,4272,-10997,297,-198,11797.6265833429,356.949576270935
23000,4266,-10997,282,-199,11795.4552688737,345.144897108446
23020,4271,-10999,267,-199,11799.1288661494,333.001501498116
23040,4267,-10995,252,-199,11793.9524333448,321.099672998899
23060,4270,-11000,238,-198,11799.6991487071,309.593281580851
23080,4268,-10995,224,-197,11794.3142657808,298.303536687046
23100,4268,-11001,210,-196,11799.9078386231,287.255983401565
23120,4270,-10995,198,-193,11795.0381516975,276.501356235372
23140,4267,-11000,185,-191,11798.6138592633,265.905998428016
23160,4271,-10996,173,-189,11796.3323537445,256.222559506379
23180,4266,-10999,161,-186,11797.3199075044,246.002032511929
23200,4272,-10997,150,-183,11797.6265833429,236.619948440532
23220,4266,-10997,140,-179,11795.4552688737,227.246562130211
23240,4271,-10999,129,-176,11799.1288661494,218.213198500916
23260,4267,-10995,119,-172,11793.9524333448,209.153054005912
23280,4270,-11000,110,-168,11799.6991487071,200.808366359572
23300,4268,-10995,101,-163,11794.3142657808,191.755052084684
23320,4268,-11001,93,-159,11799.9078386231,184.200977196105
23340,4270,-10995,84,-154,11795.0381516975,175.419497205983
23360,4267,-11000,77,-150,11798.6138592633,168.609015180091
23380,4271,-10996,69,-145,11796.3323537445,160.580198032011
23400,4266,-10998,63,-140,11796.3875826458,153.521985396229
23420,4272,-10998,56,-135,11798.5587255393,146.154028339967
23440,4266,-10997,50,-130,11795.4552688737,139.283882771841
23460,4271,-10999,44,-125,11799.1288661494,132.517923316056
23480,4267,-10995,39,-120,11793.9524333448,126.178445068879
23500,4270,-11000,34,-115,11799.6991487071,119.920807202086
23520,4268,-10994,29,-110,11793.3820424847,113.758516164725
23540,4268,-11001,25,-105,11799.9078386231,107.935165724615
23560,4270,-10995,21,-100,11795.0381516975,102.181211580212
23580,4267,-11000,17,-95,11798.6138592633,96.5090669315583
23600,4271,-10996,14,-90,11796.3323537445,91.0823802938856
23620,4266,-10998,11,-85,11796.3875826458,85.7088093488645
23640,4272,-10998,8,-81,11798.5587255393,81.3941029804985
23660,4266,-10996,5,-76,11794.5229661907,76.1642960973185
23680,4271,-10999,3,-71,11799.1288661494,71.0633520177595
23700,4267,-10995,1,-67,11793.9524333448,67.0074622710038
23720,4270,-11000,-1,-63,11799.6991487071,63.0079360080935
23740,4268,-10995,-2,-58,11794.3142657808,58.0344725141876
23760,4268,-11001,-3,-54,11799.9078386231,54.0832691319598
23780,4270,-10995,-5,-50,11795.0381516975,50.2493781056044
23800,4267,-10999,-5,-47,11797.6815518982,47.2652091923859
23820,4271,-10996,-6,-43,11796.3323537445,43.4165866921848
23840,4266,-10998,-7,-39,11796.3875826458,39.6232255123179
23860,4272,-10998,-7,-36,11798.5587255393,36.6742416417845
23880,4266,-10996,-7,-32,11794.5229661907,32.7566787083184
23900,4271,-11000,-7,-29,11800.0610591641,29.8328677803526
23920,4267,-10995,-7,-26,11793.9524333448,26.9258240356725
23940,4270,-11000,-7,-23,11799.6991487071,24.0416305603426
23960,4268,-10995,-7,-21,11794.3142657808,22.1359436211787
23980,4268,-11000,-7,-18,11798.97554875,19.313207915828
24000,4270,-10995,-6,-15,11795.0381516975,16.1554944214035
24020,4266,-10999,-6,-13,11797.3199075044,14.3178210632764
24040,4271,-10996,-5,-11,11796.3323537445,12.0830459735946
24060,4266,-10998,-4,-9,11796.3875826458,9.8488578017961
24080,4272,-10998,-4,-7,11798.5587255393,8.06225774829855
24100,4266,-10996,-3,-5,11794.5229661907,5.8309518948453
24120,4271,-11000,-2,-4,11800.0610591641,4.47213595499958
24140,4267,-10995,-1,-2,11793.9524333448,2.23606797749979
24160,4270,-11000,0,-1,11799.6991487071,1
24180,4269,-10994,0,1,11793.743977211,1
24200,4268,-11000,1,2,11798.97554875,2.23606797749979
24220,4270,-10995,2,3,11795.0381516975,3.60555127546399
24240,4266,-10999,3,4,11797.3199075044,5
24260,4271,-10996,4,5,11796.3323537445,6.40312423743285
24280,4266,-10998,5,5,11796.3875826458,7.07106781186548
24300,4272,-10998,6,6,11798.5587255393,8.48528137423857
24320,4266,-10996,7,7,11794.5229661907,9.89949493661167
24340,4271,-11000,8,7,11800.0610591641,10.6301458127346
24360,4267,-10995,9,7,11793.9524333448,11.4017542509914
24380,4269,-11000,10,8,11799.3373119002,12.8062484748657
24400,4269,-10994,10,8,11793.743977211,12.8062484748657
24420,4268,-11000,11,8,11798.97554875,13.6014705087354
24440,4271,-10995,12,8,11795.4002051647,14.422205101856
24460,4266,-10999,13,8,11797.3199075044,15.2643375224737
24480,4271,-10996,13,8,11796.3323537445,15.2643375224737
24500,4266,-10998,14,8,11796.3875826458,16.1245154965971
24520,4272,-10998,15,8,11798.5587255393,17
24540,4266,-10996,15,8,11794.5229661907,17
24560,4271,-11000,16,7,11800.0610591641,17.464249196573
24580,4267,-10995,16,7,11793.9524333448,17.464249196573
24600,4269,-11000,17,7,11799.3373119002,18.3847763108502
24620,4269,-10994,17,6,11793.743977211,18.0277563773199
24640,4267,-11000,18,6,11798.6138592633,18.9736659610103
24660,4271,-10995,18,6,11795.4002051647,18.9736659610103
24680,4266,-10999,18,5,11797.3199075044,18.6815416922694
24700,4271,-10997,19,5,11797.264513437,19.6468827043885
24720,4266,-10998,19,4,11796.3875826458,19.4164878389476
24740,4271,-10998,19,4,11798.1966842395,19.4164878389476
24760,4266,-10996,19,3,11794.5229661907,19.2353840616713
24780,4270,-11000,19,3,11799.6991487071,19.2353840616713
24800,4268,-10995,19,2,11794.3142657808,19.1049731745428
24820,4269,-11000,19,2,11799.3373119002,19.1049731745428
24840,4269,-10995,20,1,11794.6761719006,20.0249843945008
24860,4267,-11000,19,1,11798.6138592633,19.0262975904404
24880,4270,-10995,20,0,11795.0381516975,20
24900,4266,-10999,19,0,11797.3199075044,19
24920,4271,-10997,19,-1,11797.264513437,19.0262975904404
24940,4266,-10998,19,-1,11796.3875826458,19.0262975904404
24960,4271,-10998,19,-2,11798.1966842395,19.1049731745428
24980,4266,-10996,19,-2,11794.5229661907,19.1049731745428
25000,4270,-11000,19,-3,11799.6991487071,19.2353840616713
25020,4268,-10995,19,-3,11794.3142657808,19.2353840616713
25040,4269,-11000,18,-4,11799.3373119002,18.4390889145858
25060,4269,-10995,18,-4,11794.6761719006,18.4390889145858
25080,4267,-11000,18,-5,11798.6138592633,18.6815416922694
25100,4271,-10995,17,-5,11795.4002051647,17.7200451466693
25120,4266,-10999,17,-6,11797.3199075044,18.0277563773199
25140,4271,-10997,17,-6,11797.264513437,18.0277563773199
25160,4266,-10997,17,-6,11795.4552688737,18.0277563773199
25180,4271,-10998,16,-7,11798.1966842395,17.464249196573
25200,4266,-10996,16,-7,11794.5229661907,17.464249196573
25220,4270,-11000,15,-8,11799.6991487071,17
25240,4268,-10995,15,-8,11794.3142657808,17
25260,4269,-11000,15,-8,11799.3373119002,17
25280,4269,-10995,15,-8,11794.6761719006,17
25300,4267,-11000,14,-9,11798.6138592633,16.6433169770932
25320,4271,-10996,14,-9,11796.3323537445,16.6433169770932
25340,4266,-10999,13,-9,11797.3199075044,15.8113883008419
25360,4271,-10997,13,-10,11797.264513437,16.4012194668567
25380,4266,-10997,13,-10,11795.4552688737,16.4012194668567
25400,4271,-10998,12,-10,11798.1966842395,15.6204993518133
25420,4266,-10996,12,-10,11794.5229661907,15.6204993518133
25440,4270,-11000,12,-11,11799.6991487071,16.2788205960997
25460,4268,-10995,11,-11,11794.3142657808,15.556349186104
25480,4269,-11000,11,-11,11799.3373119002,15.556349186104
25500,4269,-10995,10,-11,11794.6761719006,14.8660687473185
25520,4267,-11000,10,-11,11798.6138592633,14.8660687473185
25540,4271,-10996,10,-12,11796.3323537445,15.6204993518133
25560,4266,-10999,9,-12,11797.3199075044,15
25580,4271,-10997,9,-12,11797.264513437,15
25600,4266,-10997,9,-12,11795.4552688737,15
25620,4271,-10998,8,-12,11798.1966842395,14.422205101856
25640,4266,-10995,8,-13,11793.5906745995,15.2643375224737
25660,4270,-11000,7,-13,11799.6991487071,14.7648230602334
25680,4268,-10995,7,-13,11794.3142657808,14.7648230602334
25700,4268,-11000,7,-13,11798.97554875,14.7648230602334
25720,4269,-10995,6,-13,11794.6761719006,14.3178210632764
25740,4267,-11000,6,-13,11798.6138592633,14.3178210632764
25760,4271,-10996,6,-13,11796.3323537445,14.3178210632764
25780,4266,-10998,5,-14,11796.3875826458,14.8660687473185
25800,4271,-10997,5,-14,11797.264513437,14.8660687473185
25820,4266,-10997,5,-14,11795.4552688737,14.8660687473185
25840,4271,-10999,4,-14,11799.1288661494,14.560219778561
25860,4266,-10995,4,-14,11793.5906745995,14.560219778561
25880,4270,-11000,3,-14,11799.6991487071,14.3178210632764
25900,4268,-10995,3,-14,11794.3142657808,14.3178210632764
25920,4268,-11000,3,-14,11798.97554875,14.3178210632764
25940,4269,-10995,2,-14,11794.6761719006,14.142135623731
25960,4267,-11000,2,-14,11798.6138592633,14.142135623731
25980,4271,-10996,2,-14,11796.3323537445,14.142135623731
26000,4266,-10998,1,-14,11796.3875826458,14.0356688476182
26020,4271,-10997,1,-15,11797.264513437,15.0332963783729
26040,4266,-10997,0,-15,11795.4552688737,15
26060,4271,-10999,0,-15,11799.1288661494,15
26080,4266,-10995,0,-15,11793.5906745995,15
26100,4270,-11000,-1,-15,11799.6991487071,15.0332963783729
26120,4268,-10995,-1,-15,11794.3142657808,15.0332963783729
26140,4268,-11000,-2,-15,11798.97554875,15.1327459504216
26160,4269,-10995,-2,-15,11794.6761719006,15.1327459504216
26180,4267,-11000,-2,-15,11798.6138592633,15.1327459504216
26200,4271,-10996,-3,-15,11796.3323537445,15.2970585407784
26220,4266,-10998,-3,-15,11796.3875826458,15.2970585407784
26240,4271,-10997,-4,-15,11797.264513437,15.52417469626
26260,4266,-10997,-4,-15,11795.4552688737,15.52417469626
26280,4271,-10999,-4,-15,11799.1288661494,15.52417469626
26300,4267,-10995,-5,-14,11793.9524333448,14.8660687473185
26320,4270,-11000,-5,-15,11799.6991487071,15.8113883008419
26340,4268,-10995,-6,-14,11794.3142657808,15.2315462117278
26360,4268,-11000,-6,-14,11798.97554875,15.2315462117278
26380,4269,-10995,-7,-14,11794.6761719006,15.6524758424985
26400,4267,-10999,-7,-14,11797.6815518982,15.6524758424985
26420,4271,-10996,-7,-14,11796.3323537445,15.6524758424985
26440,4266,-10998,-8,-14,11796.3875826458,16.1245154965971
26460,4271,-10998,-8,-14,11798.1966842395,16.1245154965971
26480,4266,-10997,-9,-13,11795.4552688737,15.8113883008419
26500,4271,-10999,-9,-13,11799.1288661494,15.8113883008419
26520,4267,-10995,-9,-13,11793.9524333448,15.8113883008419
26540,4269,-11000,-10,-13,11799.3373119002,16.4012194668567
26560,4268,-10995,-10,-13,11794.3142657808,16.4012194668567
26580,4268,-11000,-10,-12,11798.97554875,15.6204993518133
26600,4269,-10995,-11,-12,11794.6761719006,16.2788205960997
26620,4267,-10999,-11,-12,11797.6815518982,16.2788205960997
26640,4271,-10996,-11,-11,11796.3323537445,15.556349186104
26660,4266,-10998,-12,-11,11796.3875826458,16.2788205960997
26680,4271,-10998,-12,-11,11798.1966842395,16.2788205960997
26700,4266,-10996,-12,-10,11794.5229661907,15.6204993518133
26720,4271,-10999,-12,-10,11799.1288661494,15.6204993518133
26740,4267,-10995,-13,-10,11793.9524333448,16.4012194668567
26760,4269,-11000,-13,-9,11799.3373119002,15.8113883008419
26780,4268,-10995,-13,-9,11794.3142657808,15.8113883008419
26800,4268,-11000,-13,-9,11798.97554875,15.8113883008419
26820,4270,-10995,-13,-8,11795.0381516975,15.2643375224737
26840,4266,-10999,-14,-8,11797.3199075044,16.1245154965971
26860,4271,-10996,-14,-8,11796.3323537445,16.1245154965971
26880,4266,-10998,-14,-7,11796.3875826458,15.6524758424985
26900,4271,-10998,-14,-7,11798.1966842395,15.6524758424985
26920,4266,-10996,-14,-6,11794.5229661907,15.2315462117278
26940,4271,-10999,-14,-6,11799.1288661494,15.2315462117278
26960,4267,-10995,-14,-5,11793.9524333448,14.8660687473185
26980,4269,-11000,-14,-5,11799.3373119002,14.8660687473185
27000,4268,-10995,-14,-5,11794.3142657808,14.8660687473185
27020,4268,-11000,-14,-4,11798.97554875,14.560219778561
27040,4270,-10995,-14,-4,11795.0381516975,14.560219778561
27060,4266,-10999,-14,-3,11797.3199075044,14.3178210632764
27080,4271,-10996,-14,-3,11796.3323537445,14.3178210632764
27100,4266,-10998,-14,-2,11796.3875826458,14.142135623731
27120,4271,-10998,-14,-2,11798.1966842395,14.142135623731
27140,4266,-10996,-14,-2,11794.5229661907,14.142135623731
27160,4270,-10999,-14,-1,11798.7669270988,14.0356688476182
27180,4267,-10995,-13,-1,11793.9524333448,13.0384048104053
27200,4269,-11000,-13,-1,11799.3373119002,13.0384048104053
27220,4269,-10995,-13,0,11794.6761719006,13
27240,4267,-11000,-13,0,11798.6138592633,13
27260,4270,-10995,-13,1,11795.0381516975,13.0384048104053
27280,4266,-10999,-12,1,11797.3199075044,12.0415945787923
27300,4271,-10996,-12,1,11796.3323537445,12.0415945787923
27320,4266,-10997,-12,1,11795.4552688737,12.0415945787923
27340,4271,-10998,-11,2,11798.1966842395,11.1803398874989
27360,4266,-10996,-11,2,11794.5229661907,11.1803398874989
27380,4270,-10999,-10,2,11798.7669270988,10.1980390271856
27400,4267,-10995,-10,2,11793.9524333448,10.1980390271856
27420,4269,-11000,-10,3,11799.3373119002,10.4403065089106
27440,4269,-10995,-9,3,11794.6761719006,9.48683298050514
27460,4267,-11000,-9,3,11798.6138592633,9.48683298050514
27480,4270,-10995,-9,3,11795.0381516975,9.48683298050514
27500,4266,-10999,-8,3,11797.3199075044,8.54400374531753
27520,4271,-10996,-8,3,11796.3323537445,8.54400374531753
27540,4266,-10998,-7,3,11796.3875826458,7.61577310586391
27560,4271,-10998,-7,3,11798.1966842395,7.61577310586391
27580,4266,-10996,-6,3,11794.5229661907,6.70820393249937
27600,4270,-10999,-6,3,11798.7669270988,6.70820393249937
27620,4267,-10995,-6,3,11793.9524333448,6.70820393249937
27640,4269,-11000,-5,3,11799.3373119002,5.8309518948453
27660,4269,-10995,-5,3,11794.6761719006,5.8309518948453
27680,4267,-11000,-4,3,11798.6138592633,5
27700,4270,-10995,-4,3,11795.0381516975,5
27720,4266,-10999,-4,3,11797.3199075044,5
27740,4271,-10997,-3,3,11797.264513437,4.24264068711928
27760,4266,-10997,-3,2,11795.4552688737,3.60555127546399
27780,4271,-10998,-2,2,11798.1966842395,2.82842712474619
27800,4266,-10996,-2,2,11794.5229661907,2.82842712474619
27820,4270,-10999,-2,2,11798.7669270988,2.82842712474619
27840,4267,-10995,-1,1,11793.9524333448,1.4142135623731
27860,4269,-11000,-1,1,11799.3373119002,1.4142135623731
27880,4269,-10995,-1,1,11794.6761719006,1.4142135623731
27900,4267,-11000,0,0,11798.6138592633,0
27920,4270,-10995,0,0,11795.0381516975,0
27940,4266,-10999,0,0,11797.3199075044,0
27960,4271,-10997,1,-1,11797.264513437,1.4142135623731
27980,4266,-10997,1,-1,11795.4552688737,1.4142135623731
28000,4271,-10998,1,-2,11798.1966842395,2.23606797749979
28020,4266,-10996,1,-2,11794.5229661907,2.23606797749979
28040,4270,-10999,1,-2,11798.7669270988,2.23606797749979
28060,4267,-10995,1,-3,11793.9524333448,3.16227766016838
28080,4268,-11000,2,-3,11798.97554875,3.60555127546399
28100,4269,-10995,2,-4,11794.6761719006,4.47213595499958
28120,4267,-11000,2,-4,11798.6138592633,4.47213595499958
28140,4270,-10995,2,-5,11795.0381516975,5.3851648071345
28160,4266,-10998,2,-5,11796.3875826458,5.3851648071345
28180,4271,-10997,2,-6,11797.264513437,6.32455532033676
28200,4266,-10997,2,-6,11795.4552688737,6.32455532033676
28220,4271,-10998,2,-7,11798.1966842395,7.28010988928052
28240,4266,-10996,2,-7,11794.5229661907,7.28010988928052
28260,4270,-10999,1,-8,11798.7669270988,8.06225774829855
28280,4267,-10995,1,-8,11793.9524333448,8.06225774829855
28300,4268,-11000,1,-9,11798.97554875,9.05538513813742
28320,4269,-10995,1,-9,11794.6761719006,9.05538513813742
28340,4267,-10999,1,-9,11797.6815518982,9.05538513813742
28360,4270,-10996,0,-10,11795.9703288877,10
28380,4266,-10998,0,-10,11796.3875826458,10
28400,4271,-10997,0,-11,11797.264513437,11
28420,4266,-10997,0,-11,11795.4552688737,11
28440,4270,-10998,-1,-12,11797.834716591,12.0415945787923
28460,4266,-10996,-1,-12,11794.5229661907,12.0415945787923
28480,4270,-10999,-1,-12,11798.7669270988,12.0415945787923
28500,4267,-10995,-2,-13,11793.9524333448,13.1529464379659
28520,4268,-11000,-2,-13,11798.97554875,13.1529464379659
28540,4269,-10995,-3,-13,11794.6761719006,13.3416640641263
28560,4267,-10999,-3,-14,11797.6815518982,14.3178210632764
28580,4270,-10996,-3,-14,11795.9703288877,14.3178210632764
28600,4266,-10998,-4,-14,11796.3875826458,14.560219778561
28620,4271,-10997,-4,-14,11797.264513437,14.560219778561
28640,4266,-10997,-5,-14,11795.4552688737,14.8660687473185
28660,4270,-10999,-5,-15,11798.7669270988,15.8113883008419
28680,4266,-10996,-6,-15,11794.5229661907,16.1554944214035
28700,4270,-10999,-6,-15,11798.7669270988,16.1554944214035
28720,4267,-10995,-7,-15,11793.9524333448,16.5529453572468
28740,4268,-11000,-7,-15,11798.97554875,16.5529453572468
28760,4269,-10995,-8,-15,11794.6761719006,17
28780,4267,-10999,-8,-15,11797.6815518982,17
28800,4270,-10996,-9,-15,11795.9703288877,17.4928556845359
28820,4266,-10998,-9,-15,11796.3875826458,17.4928556845359
28840,4271,-10997,-10,-15,11797.264513437,18.0277563773199
28860,4266,-10997,-10,-15,11795.4552688737,18.0277563773199
28880,4270,-10999,-11,-14,11798.7669270988,17.8044938147649
28900,4266,-10996,-11,-14,11794.5229661907,17.8044938147649
28920,4269,-10999,-12,-14,11798.4050617022,18.4390889145858
28940,4268,-10995,-12,-14,11794.3142657808,18.4390889145858
28960,4268,-11000,-13,-14,11798.97554875,19.1049731745428
28980,4269,-10995,-13,-13,11794.6761719006,18.3847763108502
29000,4267,-10999,-14,-13,11797.6815518982,19.1049731745428
29020,4270,-10996,-14,-13,11795.9703288877,19.1049731745428
29040,4266,-10998,-14,-12,11796.3875826458,18.4390889145858
29060,4271,-10997,-15,-12,11797.264513437,19.2093727122985
29080,4266,-10997,-15,-12,11795.4552688737,19.2093727122985
29100,4270,-10999,-15,-11,11798.7669270988,18.6010752377383
29120,4267,-10995,-16,-11,11793.9524333448,19.4164878389476
29140,4269,-10999,-16,-11,11798.4050617022,19.4164878389476
29160,4268,-10995,-16,-10,11794.3142657808,18.8679622641132
29180,4268,-11000,-17,-10,11798.97554875,19.723082923316
29200,4269,-10995,-17,-9,11794.6761719006,19.2353840616713
29220,4267,-10999,-17,-9,11797.6815518982,19.2353840616713
29240,4270,-10996,-17,-8,11795.9703288877,18.7882942280559
29260,4266,-10998,-18,-8,11796.3875826458,19.6977156035922
29280,4271,-10997,-18,-7,11797.264513437,19.313207915828
29300,4266,-10997,-18,-7,11795.4552688737,19.313207915828
29320,4270,-10999,-18,-6,11798.7669270988,18.9736659610103
29340,4267,-10995,-18,-6,11793.9524333448,18.9736659610103
29360,4269,-10999,-18,-5,11798.4050617022,18.6815416922694
29380,4268,-10995,-18,-5,11794.3142657808,18.6815416922694
29400,4268,-11000,-18,-4,11798.97554875,18.4390889145858
29420,4269,-10995,-18,-4,11794.6761719006,18.4390889145858
29440,4266,-10999,-18,-3,11797.3199075044,18.2482875908947
29460,4270,-10996,-18,-3,11795.9703288877,18.2482875908947
29480,4266,-10998,-17,-2,11796.3875826458,17.1172427686237
29500,4271,-10997,-17,-2,11797.264513437,17.1172427686237
29520,4266,-10996,-17,-1,11794.5229661907,17.0293863659264
29540,4270,-10999,-17,-1,11798.7669270988,17.0293863659264
29560,4267,-10995,-17,0,11793.9524333448,17
29580,4269,-10999,-16,0,11798.4050617022,16
29600,4268,-10995,-16,1,11794.3142657808,16.0312195418814
29620,4267,-11000,-16,1,11798.6138592633,16.0312195418814
29640,4269,-10995,-15,1,11794.6761719006,15.0332963783729
29660,4266,-10999,-15,2,11797.3199075044,15.1327459504216
29680,4270,-10996,-15,2,11795.9703288877,15.1327459504216
29700,4266,-10998,-14,2,11796.3875826458,14.142135623731
29720,4271,-10997,-14,3,11797.264513437,14.3178210632764
29740,4266,-10996,-13,3,11794.5229661907,13.3416640641263
29760,4270,-10999,-13,3,11798.7669270988,13.3416640641263
29780,4267,-10995,-13,3,11793.9524333448,13.3416640641263
29800,4269,-10999,-12,4,11798.4050617022,12.6491106406735
29820,4268,-10995,-12,4,11794.3142657808,12.6491106406735
29840,4267,-11000,-11,4,11798.6138592633,11.7046999107196
29860,4269,-10995,-11,4,11794.6761719006,11.7046999107196
29880,4266,-10999,-10,4,11797.3199075044,10.770329614269
29900,4270,-10996,-10,4,11795.9703288877,10.770329614269
29920,4266,-10998,-9,5,11796.3875826458,10.295630140987
29940,4271,-10998,-9,5,11798.1966842395,10.295630140987
29960,4266,-10996,-8,5,11794.5229661907,9.4339811320566
29980,4270,-10999,-8,4,11798.7669270988,8.94427190999916
30000,4267,-10995,-7,5,11793.9524333448,8.60232526704263
30020,4269,-10999,-7,4,11798.4050617022,8.06225774829855
30040,4268,-10995,-6,4,11794.3142657808,7.21110255092798
30060,4267,-11000,-6,4,11798.6138592633,7.21110255092798
30080,4269,-10995,-5,4,11794.6761719006,6.40312423743285
30100,4266,-10999,-5,4,11797.3199075044,6.40312423743285
30120,4270,-10996,-4,4,11795.9703288877,5.65685424949238
30140,4266,-10998,-4,3,11796.3875826458,5
30160,4270,-10998,-3,3,11797.834716591,4.24264068711928
30180,4266,-10996,-3,3,11794.5229661907,4.24264068711928
30200,4270,-10999,-2,3,11798.7669270988,3.60555127546399
30220,4267,-10995,-2,2,11793.9524333448,2.82842712474619
30240,4269,-11000,-2,2,11799.3373119002,2.82842712474619
30260,4268,-10995,-1,2,11794.3142657808,2.23606797749979
30280,4267,-11000,-1,1,11798.6138592633,1.4142135623731
30300,4270,-10995,-1,1,11795.0381516975,1.4142135623731
30320,4266,-10999,0,1,11797.3199075044,1
30340,4270,-10997,0,0,11796.9025171865,0
30360,4266,-10998,0,0,11796.3875826458,0
30380,4270,-10998,1,-1,11797.834716591,1.4142135623731
30400,4266,-10996,1,-1,11794.5229661907,1.4142135623731
30420,4270,-10999,1,-2,11798.7669270988,2.23606797749979
30440,4267,-10995,1,-2,11793.9524333448,2.23606797749979
30460,4269,-10999,1,-3,11798.4050617022,3.16227766016838
30480,4268,-10995,1,-3,11794.3142657808,3.16227766016838
30500,4267,-11000,1,-4,11798.6138592633,4.12310562561766
30520,4270,-10995,1,-4,11795.0381516975,4.12310562561766
30540,4266,-10999,1,-5,11797.3199075044,5.09901951359278
30560,4270,-10996,1,-5,11795.9703288877,5.09901951359278
30580,4266,-10997,1,-6,11795.4552688737,6.08276253029822
30600,4270,-10998,1,-6,11797.834716591,6.08276253029822
30620,4266,-10996,1,-7,11794.5229661907,7.07106781186548
30640,4269,-10999,1,-7,11798.4050617022,7.07106781186548
30660,4267,-10995,1,-8,11793.9524333448,8.06225774829855
30680,4268,-10999,1,-8,11798.0432699664,8.06225774829855
30700,4268,-10995,1,-9,11794.3142657808,9.05538513813742
30720,4267,-10999,0,-9,11797.6815518982,9
30740,4270,-10996,0,-10,11795.9703288877,10
30760,4266,-10999,0,-10,11797.3199075044,10
30780,4270,-10997,-1,-11,11796.9025171865,11.0453610171873
30800,4266,-10997,-1,-11,11795.4552688737,11.0453610171873
30820,4270,-10998,-1,-11,11797.834716591,11.0453610171873
30840,4266,-10996,-2,-12,11794.5229661907,12.1655250605964
30860,4269,-10999,-2,-12,11798.4050617022,12.1655250605964
30880,4267,-10995,-2,-12,11793.9524333448,12.1655250605964
30900,4268,-11000,-3,-13,11798.97554875,13.3416640641263
30920,4268,-10995,-3,-13,11794.3142657808,13.3416640641263
30940,4267,-10999,-4,-13,11797.6815518982,13.6014705087354
30960,4270,-10996,-4,-13,11795.9703288877,13.6014705087354
30980,4266,-10998,-5,-14,11796.3875826458,14.8660687473185
31000,4270,-10997,-5,-14,11796.9025171865,14.8660687473185
31020,4266,-10997,-5,-14,11795.4552688737,14.8660687473185
31040,4270,-10998,-6,-14,11797.834716591,15.2315462117278
31060,4266,-10996,-6,-14,11794.5229661907,15.2315462117278
31080,4269,-10999,-7,-14,11798.4050617022,15.6524758424985
31100,4267,-10995,-7,-14,11793.9524333448,15.6524758424985
31120,4268,-11000,-8,-14,11798.97554875,16.1245154965971
31140,4268,-10995,-8,-14,11794.3142657808,16.1245154965971
31160,4267,-10999,-9,-14,11797.6815518982,16.6433169770932
31180,4270,-10996,-9,-14,11795.9703288877,16.6433169770932
31200,4266,-10998,-10,-14,11796.3875826458,17.2046505340853
31220,4270,-10997,-10,-14,11796.9025171865,17.2046505340853
31240,4266,-10997,-11,-14,11795.4552688737,17.8044938147649
31260,4270,-10998,-11,-14,11797.834716591,17.8044938147649
31280,4266,-10996,-12,-13,11794.5229661907,17.6918060129541
31300,4269,-10999,-12,-13,11798.4050617022,17.6918060129541
31320,4267,-10995,-13,-13,11793.9524333448,18.3847763108502
31340,4268,-10999,-13,-13,11798.0432699664,18.3847763108502
31360,4268,-10995,-13,-12,11794.3142657808,17.6918060129541
31380,4267,-10999,-14,-12,11797.6815518982,18.4390889145858
31400,4270,-10996,-14,-12,11795.9703288877,18.4390889145858
31420,4266,-10998,-14,-11,11796.3875826458,17.8044938147649
31440,4270,-10997,-15,-11,11796.9025171865,18.6010752377383
31460,4266,-10997,-15,-11,11795.4552688737,18.6010752377383
31480,4270,-10998,-15,-10,11797.834716591,18.0277563773199
31500,4266,-10996,-16,-10,11794.5229661907,18.8679622641132
31520,4269,-10999,-16,-9,11798.4050617022,18.3575597506858
31540,4267,-10995,-16,-9,11793.9524333448,18.3575597506858
31560,4268,-10999,-16,-9,11798.0432699664,18.3575597506858
31580,4269,-10995,-17,-8,11794.6761719006,18.7882942280559
31600,4267,-10999,-17,-8,11797.6815518982,18.7882942280559
31620,4270,-10996,-17,-7,11795.9703288877,18.3847763108502
31640,4266,-10998,-17,-7,11796.3875826458,18.3847763108502
31660,4270,-10997,-17,-6,11796.9025171865,18.0277563773199
31680,4266,-10997,-17,-6,11795.4552688737,18.0277563773199
31700,4270,-10998,-17,-5,11797.834716591,17.7200451466693
31720,4266,-10996,-17,-5,11794.5229661907,17.7200451466693
31740,4269,-10999,-17,-4,11798.4050617022,17.464249196573
31760,4268,-10995,-17,-4,11794.3142657808,17.464249196573
31780,4268,-10999,-17,-3,11798.0432699664,17.2626765016321
31800,4269,-10995,-17,-3,11794.6761719006,17.2626765016321
31820,4267,-10999,-17,-2,11797.6815518982,17.1172427686237
31840,4270,-10996,-17,-2,11795.9703288877,17.1172427686237
31860,4266,-10998,-16,-1,11796.3875826458,16.0312195418814
31880,4270,-10997,-16,-1,11796.9025171865,16.0312195418814
31900,4266,-10997,-16,0,11795.4552688737,16
31920,4270,-10998,-16,0,11797.834716591,16
31940,4266,-10995,-15,0,11793.5906745995,15
31960,4269,-10999,-15,1,11798.4050617022,15.0332963783729
31980,4268,-10995,-15,1,11794.3142657808,15.0332963783729
32000,4268,-10999,-14,2,11798.0432699664,14.142135623731
32020,4269,-10995,-14,2,11794.6761719006,14.142135623731
32040,4266,-10999,-14,2,11797.3199075044,14.142135623731
32060,4270,-10996,-13,3,11795.9703288877,13.3416640641263
32080,4266,-10998,-13,3,11796.3875826458,13.3416640641263
32100,4270,-10997,-12,3,11796.9025171865,12.369316876853
32120,4266,-10997,-12,3,11795.4552688737,12.369316876853
32140,4270,-10998,-12,4,11797.834716591,12.6491106406735
32160,4266,-10995,-11,4,11793.5906745995,11.7046999107196
32180,4269,-10999,-11,4,11798.4050617022,11.7046999107196
32200,4268,-10995,-10,4,11794.3142657808,10.770329614269
32220,4268,-10999,-10,4,11798.0432699664,10.770329614269
32240,4269,-10995,-9,4,11794.6761719006,9.8488578017961
32260,4266,-10999,-9,4,11797.3199075044,9.8488578017961
32280,4270,-10996,-8,4,11795.9703288877,8.94427190999916
32300,4266,-10998,-8,4,11796.3875826458,8.94427190999916
32320,4270,-10997,-7,4,11796.9025171865,8.06225774829855
32340,4266,-10997,-7,4,11795.4552688737,8.06225774829855
32360,4270,-10998,-6,4,11797.834716591,7.21110255092798
32380,4266,-10995,-6,4,11793.5906745995,7.21110255092798
32400,4269,-10999,-5,4,11798.4050617022,6.40312423743285
32420,4268,-10995,-5,4,11794.3142657808,6.40312423743285
32440,4268,-10999,-4,4,11798.0432699664,5.65685424949238
32460,4269,-10995,-4,3,11794.6761719006,5
32480,4266,-10999,-4,3,11797.3199075044,5
32500,4270,-10996,-3,3,11795.9703288877,4.24264068711928
32520,4266,-10998,-3,3,11796.3875826458,4.24264068711928
32540,4270,-10997,-2,3,11796.9025171865,3.60555127546399
32560,4266,-10996,-2,2,11794.5229661907,2.82842712474619
32580,4270,-10998,-2,2,11797.834716591,2.82842712474619
32600,4266,-10995,-1,1,11793.5906745995,1.4142135623731
32620,4268,-10999,-1,1,11798.0432699664,1.4142135623731
32640,4268,-10995,-1,1,11794.3142657808,1.4142135623731
32660,4267,-10999,0,0,11797.6815518982,0
32680,4269,-10995,0,0,11794.6761719006,0
32700,4266,-10999,0,0,11797.3199075044,0
32720,4270,-10996,1,-1,11795.9703288877,1.4142135623731
32740,4266,-10998,1,-1,11796.3875826458,1.4142135623731
32760,4270,-10997,1,-2,11796.9025171865,2.23606797749979
32780,4266,-10996,1,-2,11794.5229661907,2.23606797749979
32800,4270,-10998,1,-3,11797.834716591,3.16227766016838
32820,4266,-10995,1,-3,11793.5906745995,3.16227766016838
32840,4268,-10999,1,-4,11798.0432699664,4.12310562561766
32860,4268,-10995,1,-4,11794.3142657808,4.12310562561766
32880,4267,-10999,1,-4,11797.6815518982,4.12310562561766
32900,4269,-10995,1,-5,11794.6761719006,5.09901951359278
32920,4266,-10999,1,-5,11797.3199075044,5.09901951359278
32940,4270,-10996,1,-6,11795.9703288877,6.08276253029822
32960,4266,-10997,1,-6,11795.4552688737,6.08276253029822
32980,4270,-10998,1,-7,11797.834716591,7.07106781186548
33000,4266,-10996,1,-7,11794.5229661907,7.07106781186548
33020,4270,-10999,1,-8,11798.7669270988,8.06225774829855
33040,4266,-10995,1,-8,11793.5906745995,8.06225774829855
33060,4268,-10999,0,-8,11798.0432699664,8
33080,4268,-10995,0,-9,11794.3142657808,9
33100,4267,-10999,0,-9,11797.6815518982,9
33120,4269,-10995,0,-10,11794.6761719006,10
33140,4266,-10999,-1,-10,11797.3199075044,10.0498756211209
33160,4270,-10996,-1,-11,11795.9703288877,11.0453610171873
33180,4266,-10997,-1,-11,11795.4552688737,11.0453610171873
33200,4270,-10998,-2,-11,11797.834716591,11.1803398874989
33220,4266,-10996,-2,-11,11794.5229661907,11.1803398874989
33240,4269,-10999,-2,-12,11798.4050617022,12.1655250605964
33260,4267,-10995,-3,-12,11793.9524333448,12.369316876853
33280,4268,-10999,-3,-12,11798.0432699664,12.369316876853
33300,4268,-10995,-4,-12,11794.3142657808,12.6491106406735
33320,4267,-10999,-4,-13,11797.6815518982,13.6014705087354
33340,4269,-10995,-5,-13,11794.6761719006,13.9283882771841
33360,4266,-10999,-5,-13,11797.3199075044,13.9283882771841
33380,4270,-10996,-5,-13,11795.9703288877,13.9283882771841
33400,4265,-10997,-6,-13,11795.0936410018,14.3178210632764
33420,4270,-10998,-6,-13,11797.834716591,14.3178210632764
33440,4266,-10996,-7,-13,11794.5229661907,14.7648230602334
33460,4269,-10999,-7,-13,11798.4050617022,14.7648230602334
33480,4267,-10995,-8,-13,11793.9524333448,15.2643375224737
33500,4268,-10999,-8,-13,11798.0432699664,15.2643375224737
33520,4268,-10995,-9,-13,11794.3142657808,15.8113883008419
33540,4267,-10999,-9,-13,11797.6815518982,15.8113883008419
33560,4269,-10995,-9,-13,11794.6761719006,15.8113883008419
33580,4266,-10999,-10,-13,11797.3199075044,16.4012194668567
33600,4270,-10996,-10,-13,11795.9703288877,16.4012194668567
33620,4266,-10997,-11,-12,11795.4552688737,16.2788205960997
33640,4270,-10998,-11,-12,11797.834716591,16.2788205960997
33660,4266,-10996,-12,-12,11794.5229661907,16.9705627484771
33680,4269,-10999,-12,-12,11798.4050617022,16.9705627484771
33700,4267,-10995,-12,-12,11793.9524333448,16.9705627484771
33720,4268,-10999,-13,-11,11798.0432699664,17.0293863659264
33740,4268,-10995,-13,-11,11794.3142657808,17.0293863659264
33760,4267,-10999,-13,-11,11797.6815518982,17.0293863659264
33780,4269,-10995,-14,-10,11794.6761719006,17.2046505340853
33800,4266,-10998,-14,-10,11796.3875826458,17.2046505340853
33820,4270,-10997,-14,-10,11796.9025171865,17.2046505340853
33840,4265,-10997,-15,-9,11795.0936410018,17.4928556845359
33860,4270,-10998,-15,-9,11797.834716591,17.4928556845359
33880,4266,-10996,-15,-8,11794.5229661907,17
33900,4269,-10999,-15,-8,11798.4050617022,17
33920,4267,-10995,-15,-7,11793.9524333448,16.5529453572468
33940,4268,-10999,-15,-7,11798.0432699664,16.5529453572468
33960,4268,-10995,-15,-7,11794.3142657808,16.5529453572468
33980,4267,-10999,-16,-6,11797.6815518982,17.0880074906351
34000,4269,-10996,-16,-6,11795.6083776972,17.0880074906351
34020,4266,-10998,-16,-5,11796.3875826458,16.7630546142402
34040,4270,-10997,-16,-5,11796.9025171865,16.7630546142402
34060,4266,-10997,-16,-4,11795.4552688737,16.4924225024706
34080,4270,-10998,-16,-4,11797.834716591,16.4924225024706
34100,4266,-10996,-16,-3,11794.5229661907,16.2788205960997
34120,4269,-10999,-16,-3,11798.4050617022,16.2788205960997
34140,4267,-10995,-15,-3,11793.9524333448,15.2970585407784
34160,4268,-10999,-15,-2,11798.0432699664,15.1327459504216
34180,4268,-10995,-15,-2,11794.3142657808,15.1327459504216
34200,4267,-10999,-15,-1,11797.6815518982,15.0332963783729
34220,4269,-10996,-15,-1,11795.6083776972,15.0332963783729
34240,4266,-10998,-14,0,11796.3875826458,14
34260,4270,-10997,-14,0,11796.9025171865,14
34280,4265,-10997,-14,0,11795.0936410018,14
34300,4270,-10998,-14,1,11797.834716591,14.0356688476182
34320,4266,-10996,-13,1,11794.5229661907,13.0384048104053
34340,4269,-10999,-13,1,11798.4050617022,13.0384048104053
34360,4267,-10995,-13,2,11793.9524333448,13.1529464379659
34380,4268,-10999,-12,2,11798.0432699664,12.1655250605964
34400,4268,-10995,-12,2,11794.3142657808,12.1655250605964
34420,4267,-10999,-12,3,11797.6815518982,12.369316876853
34440,4269,-10996,-11,3,11795.6083776972,11.4017542509914
34460,4266,-10998,-11,3,11796.3875826458,11.4017542509914
34480,4270,-10997,-11,3,11796.9025171865,11.4017542509914
34500,4266,-10997,-10,3,11795.4552688737,10.4403065089106
34520,4270,-10998,-10,3,11797.834716591,10.4403065089106
34540,4266,-10996,-9,4,11794.5229661907,9.8488578017961
34560,4269,-10999,-9,4,11798.4050617022,9.8488578017961
34580,4267,-10995,-8,4,11793.9524333448,8.94427190999916
34600,4268,-10999,-8,4,11798.0432699664,8.94427190999916
34620,4269,-10995,-8,4,11794.6761719006,8.94427190999916
34640,4266,-10999,-7,4,11797.3199075044,8.06225774829855
34660,4269,-10996,-7,4,11795.6083776972,8.06225774829855
34680,4266,-10998,-6,4,11796.3875826458,7.21110255092798
34700,4270,-10997,-6,4,11796.9025171865,7.21110255092798
34720,4266,-10997,-5,4,11795.4552688737,6.40312423743285
34740,4270,-10998,-5,4,11797.834716591,6.40312423743285
34760,4266,-10996,-4,3,11794.5229661907,5
34780,4269,-10999,-4,3,11798.4050617022,5
34800,4267,-10995,-4,3,11793.9524333448,5
34820,4268,-10999,-3,3,11798.0432699664,4.24264068711928
34840,4269,-10995,-3,3,11794.6761719006,4.24264068711928
34860,4266,-10999,-2,2,11797.3199075044,2.82842712474619
34880,4269,-10996,-2,2,11795.6083776972,2.82842712474619
34900,4266,-10998,-2,2,11796.3875826458,2.82842712474619
34920,4270,-10997,-1,2,11796.9025171865,2.23606797749979
34940,4266,-10997,-1,1,11795.4552688737,1.4142135623731
34960,4269,-10998,-1,1,11797.4728226006,1.4142135623731
34980,4266,-10996,0,1,11794.5229661907,1
35000,4269,-10999,0,0,11798.4050617022,0
35020,4267,-10995,0,0,11793.9524333448,0
35040,4267,-10999,0,-1,11797.6815518982,1
35060,4269,-10995,1,-1,11794.6761719006,1.4142135623731
35080,4266,-10999,1,-1,11797.3199075044,1.4142135623731
35100,4269,-10996,1,-2,11795.6083776972,2.23606797749979
35120,4266,-10998,1,-2,11796.3875826458,2.23606797749979
35140,4270,-10997,1,-3,11796.9025171865,3.16227766016838
35160,4266,-10996,1,-3,11794.5229661907,3.16227766016838
35180,4269,-10998,1,-3,11797.4728226006,3.16227766016838
35200,4266,-10996,1,-4,11794.5229661907,4.12310562561766
35220,4269,-10999,1,-4,11798.4050617022,4.12310562561766
35240,4267,-10995,1,-5,11793.9524333448,5.09901951359278
35260,4267,-10999,1,-5,11797.6815518982,5.09901951359278
35280,4269,-10995,1,-6,11794.6761719006,6.08276253029822
35300,4266,-10999,1,-6,11797.3199075044,6.08276253029822
35320,4269,-10996,1,-6,11795.6083776972,6.08276253029822
35340,4266,-10998,1,-7,11796.3875826458,7.07106781186548
35360,4270,-10997,1,-7,11796.9025171865,7.07106781186548
35380,4265,-10996,1,-8,11794.1613097329,8.06225774829855
35400,4269,-10998,0,-8,11797.4728226006,8
35420,4266,-10995,0,-9,11793.5906745995,9
35440,4269,-10999,0,-9,11798.4050617022,9
35460,4267,-10995,0,-9,11793.9524333448,9
35480,4267,-10999,-1,-10,11797.6815518982,10.0498756211209
35500,4269,-10995,-1,-10,11794.6761719006,10.0498756211209
35520,4266,-10999,-1,-10,11797.3199075044,10.0498756211209
35540,4269,-10996,-1,-11,11795.6083776972,11.0453610171873
35560,4266,-10998,-2,-11,11796.3875826458,11.1803398874989
35580,4270,-10997,-2,-11,11796.9025171865,11.1803398874989
35600,4266,-10996,-3,-11,11794.5229661907,11.4017542509914
35620,4269,-10999,-3,-11,11798.4050617022,11.4017542509914
35640,4266,-10995,-3,-12,11793.5906745995,12.369316876853
35660,4268,-10999,-4,-12,11798.0432699664,12.6491106406735
35680,4267,-10995,-4,-12,11793.9524333448,12.6491106406735
35700,4267,-10999,-5,-12,11797.6815518982,13
35720,4269,-10995,-5,-12,11794.6761719006,13
35740,4266,-10998,-5,-12,11796.3875826458,13
35760,4269,-10996,-6,-12,11795.6083776972,13.4164078649987
35780,4266,-10998,-6,-12,11796.3875826458,13.4164078649987
35800,4270,-10997,-7,-12,11796.9025171865,13.8924439894498
35820,4266,-10996,-7,-12,11794.5229661907,13.8924439894498
35840,4269,-10999,-7,-12,11798.4050617022,13.8924439894498
35860,4267,-10995,-8,-12,11793.9524333448,14.422205101856
35880,4268,-10999,-8,-12,11798.0432699664,14.422205101856
35900,4268,-10995,-9,-12,11794.3142657808,15
35920,4267,-10999,-9,-12,11797.6815518982,15
35940,4269,-10995,-10,-12,11794.6761719006,15.6204993518133
35960,4266,-10998,-10,-12,11796.3875826458,15.6204993518133
35980,4269,-10996,-10,-11,11795.6083776972,14.8660687473185
36000,4266,-10997,-11,-11,11795.4552688737,15.556349186104
36020,4270,-10997,-11,-11,11796.9025171865,15.556349186104
36040,4266,-10996,-11,-11,11794.5229661907,15.556349186104
36060,4269,-10999,-12,-10,11798.4050617022,15.6204993518133
36080,4267,-10995,-12,-10,11793.9524333448,15.6204993518133
36100,4268,-10999,-12,-10,11798.0432699664,15.6204993518133
36120,4268,-10995,-12,-9,11794.3142657808,15
36140,4267,-10999,-13,-9,11797.6815518982,15.8113883008419
36160,4269,-10995,-13,-9,11794.6761719006,15.8113883008419
36180,4266,-10998,-13,-9,11796.3875826458,15.8113883008419
36200,4270,-10996,-13,-8,11795.9703288877,15.2643375224737
36220,4266,-10997,-14,-8,11795.4552688737,16.1245154965971
36240,4270,-10997,-14,-7,11796.9025171865,15.6524758424985
36260,4266,-10996,-14,-7,11794.5229661907,15.6524758424985
36280,4269,-10999,-14,-6,11798.4050617022,15.2315462117278
36300,4267,-10995,-14,-6,11793.9524333448,15.2315462117278
36320,4268,-10999,-14,-6,11798.0432699664,15.2315462117278
36340,4268,-10995,-14,-5,11794.3142657808,14.8660687473185
36360,4267,-10999,-14,-5,11797.6815518982,14.8660687473185
36380,4269,-10995,-14,-4,11794.6761719006,14.560219778561
36400,4266,-10998,-14,-4,11796.3875826458,14.560219778561
36420,4270,-10996,-14,-4,11795.9703288877,14.560219778561
36440,4266,-10997,-14,-3,11795.4552688737,14.3178210632764
36460,4270,-10997,-14,-3,11796.9025171865,14.3178210632764
36480,4266,-10996,-14,-2,11794.5229661907,14.142135623731
36500,4269,-10999,-14,-2,11798.4050617022,14.142135623731
36520,4267,-10995,-14,-2,11793.9524333448,14.142135623731
36540,4268,-10999,-13,-1,11798.0432699664,13.0384048104053
36560,4268,-10995,-13,-1,11794.3142657808,13.0384048104053
36580,4267,-10999,-13,0,11797.6815518982,13
36600,4269,-10996,-13,0,11795.6083776972,13
36620,4266,-10998,-13,0,11796.3875826458,13
36640,4270,-10997,-12,1,11796.9025171865,12.0415945787923
36660,4266,-10997,-12,1,11795.4552688737,12.0415945787923
36680,4270,-10998,-12,1,11797.834716591,12.0415945787923
36700,4266,-10996,-11,2,11794.5229661907,11.1803398874989
36720,4269,-10999,-11,2,11798.4050617022,11.1803398874989
36740,4267,-10995,-11,2,11793.9524333448,11.1803398874989
36760,4268,-10999,-10,2,11798.0432699664,10.1980390271856
36780,4268,-10995,-10,2,11794.3142657808,10.1980390271856
36800,4267,-10999,-10,3,11797.6815518982,10.4403065089106
36820,4269,-10995,-9,3,11794.6761719006,9.48683298050514
36840,4266,-10998,-9,3,11796.3875826458,9.48683298050514
36860,4270,-10997,-9,3,11796.9025171865,9.48683298050514
36880,4265,-10997,-8,3,11795.0936410018,8.54400374531753
36900,4270,-10998,-8,3,11797.834716591,8.54400374531753
36920,4266,-10996,-7,3,11794.5229661907,7.61577310586391
36940,4269,-10999,-7,3,11798.4050617022,7.61577310586391
36960,4267,-10995,-6,3,11793.9524333448,6.70820393249937
36980,4268,-10999,-6,3,11798.0432699664,6.70820393249937
37000,4268,-10995,-6,3,11794.3142657808,6.70820393249937
37020,4266,-10999,-5,3,11797.3199075044,5.8309518948453
37040,4269,-10996,-5,3,11795.6083776972,5.8309518948453
37060,4266,-10998,-4,3,11796.3875826458,5
37080,4269,-10997,-4,3,11796.5405945981,5
37100,4265,-10997,-4,3,11795.0936410018,5
37120,4269,-10998,-3,3,11797.4728226006,4.24264068711928
37140,4266,-10996,-3,3,11794.5229661907,4.24264068711928
37160,4269,-10999,-3,2,11798.4050617022,3.60555127546399
37180,4267,-10995,-2,2,11793.9524333448,2.82842712474619
37200,4268,-10999,-2,2,11798.0432699664,2.82842712474619
37220,4268,-10995,-2,2,11794.3142657808,2.82842712474619
37240,4266,-10999,-1,1,11797.3199075044,1.4142135623731
37260,4269,-10996,-1,1,11795.6083776972,1.4142135623731
37280,4266,-10998,-1,1,11796.3875826458,1.4142135623731
37300,4270,-10997,0,0,11796.9025171865,0
37320,4266,-10997,0,0,11795.4552688737,0
37340,4269,-10998,0,0,11797.4728226006,0
37360,4266,-10996,0,0,11794.5229661907,0
37380,4269,-10999,1,-1,11798.4050617022,1.4142135623731
37400,4267,-10995,1,-1,11793.9524333448,1.4142135623731
37420,4268,-10999,1,-2,11798.0432699664,2.23606797749979
37440,4268,-10995,1,-2,11794.3142657808,2.23606797749979
37460,4266,-10999,1,-2,11797.3199075044,2.23606797749979
37480,4269,-10996,1,-3,11795.6083776972,3.16227766016838
37500,4266,-10998,1,-3,11796.3875826458,3.16227766016838
37520,4270,-10997,1,-4,11796.9025171865,4.12310562561766
37540,4266,-10997,1,-4,11795.4552688737,4.12310562561766
37560,4269,-10998,1,-4,11797.4728226006,4.12310562561766
37580,4266,-10996,1,-5,11794.5229661907,5.09901951359278
37600,4269,-10999,1,-5,11798.4050617022,5.09901951359278
37620,4267,-10995,1,-6,11793.9524333448,6.08276253029822
37640,4267,-10999,1,-6,11797.6815518982,6.08276253029822
37660,4268,-10995,1,-6,11794.3142657808,6.08276253029822
37680,4266,-10999,1,-7,11797.3199075044,7.07106781186548
37700,4269,-10996,1,-7,11795.6083776972,7.07106781186548
37720,4266,-10998,0,-7,11796.3875826458,7
37740,4269,-10997,0,-8,11796.5405945981,8
37760,4266,-10997,0,-8,11795.4552688737,8
37780,4269,-10998,0,-8,11797.4728226006,8
37800,4266,-10996,0,-9,11794.5229661907,9
37820,4268,-10999,-1,-9,11798.0432699664,9.05538513813742
37840,4267,-10995,-1,-9,11793.9524333448,9.05538513813742
37860,4267,-10999,-1,-10,11797.6815518982,10.0498756211209
37880,4268,-10995,-1,-10,11794.3142657808,10.0498756211209
37900,4266,-10999,-2,-10,11797.3199075044,10.1980390271856
37920,4269,-10996,-2,-10,11795.6083776972,10.1980390271856
37940,4266,-10998,-2,-11,11796.3875826458,11.1803398874989
37960,4270,-10997,-3,-11,11796.9025171865,11.4017542509914
37980,4266,-10997,-3,-11,11795.4552688737,11.4017542509914
38000,4269,-10998,-3,-11,11797.4728226006,11.4017542509914
38020,4266,-10995,-4,-11,11793.5906745995,11.7046999107196
38040,4268,-10999,-4,-11,11798.0432699664,11.7046999107196
38060,4267,-10995,-5,-11,11793.9524333448,12.0830459735946
38080,4267,-10999,-5,-11,11797.6815518982,12.0830459735946
38100,4268,-10995,-5,-11,11794.3142657808,12.0830459735946
38120,4266,-10999,-6,-11,11797.3199075044,12.5299640861417
38140,4269,-10996,-6,-11,11795.6083776972,12.5299640861417
38160,4265,-10998,-6,-11,11796.0259833556,12.5299640861417
38180,4270,-10997,-7,-11,11796.9025171865,13.0384048104053
38200,4266,-10997,-7,-11,11795.4552688737,13.0384048104053
38220,4269,-10998,-8,-11,11797.4728226006,13.6014705087354
38240,4266,-10995,-8,-11,11793.5906745995,13.6014705087354
38260,4268,-10999,-8,-11,11798.0432699664,13.6014705087354
38280,4267,-10995,-9,-11,11793.9524333448,14.2126704035519
38300,4267,-10999,-9,-11,11797.6815518982,14.2126704035519
38320,4268,-10995,-9,-10,11794.3142657808,13.4536240470737
38340,4266,-10999,-10,-10,11797.3199075044,14.142135623731
38360,4269,-10996,-10,-10,11795.6083776972,14.142135623731
38380,4266,-10998,-10,-10,11796.3875826458,14.142135623731
38400,4269,-10997,-11,-10,11796.5405945981,14.8660687473185
38420,4266,-10996,-11,-9,11794.5229661907,14.2126704035519
38440,4269,-10998,-11,-9,11797.4728226006,14.2126704035519
38460,4266,-10995,-11,-9,11793.5906745995,14.2126704035519
38480,4268,-10999,-12,-8,11798.0432699664,14.422205101856
38500,4267,-10995,-12,-8,11793.9524333448,14.422205101856
38520,4267,-10999,-12,-8,11797.6815518982,14.422205101856
38540,4268,-10995,-12,-7,11794.3142657808,13.8924439894498
38560,4266,-10998,-12,-7,11796.3875826458,13.8924439894498
38580,4269,-10996,-13,-7,11795.6083776972,14.7648230602334
38600,4266,-10997,-13,-6,11795.4552688737,14.3178210632764
38620,4269,-10997,-13,-6,11796.5405945981,14.3178210632764
38640,4266,-10996,-13,-6,11794.5229661907,14.3178210632764
38660,4269,-10998,-13,-5,11797.4728226006,13.9283882771841
38680,4266,-10995,-13,-5,11793.5906745995,13.9283882771841
38700,4268,-10999,-13,-4,11798.0432699664,13.6014705087354
38720,4267,-10995,-13,-4,11793.9524333448,13.6014705087354
38740,4267,-10999,-13,-4,11797.6815518982,13.6014705087354
38760,4268,-10995,-13,-3,11794.3142657808,13.3416640641263
38780,4266,-10998,-13,-3,11796.3875826458,13.3416640641263
38800,4269,-10996,-13,-3,11795.6083776972,13.3416640641263
38820,4265,-10997,-13,-2,11795.0936410018,13.1529464379659
38840,4269,-10997,-13,-2,11796.5405945981,13.1529464379659
38860,4266,-10996,-12,-1,11794.5229661907,12.0415945787923
38880,4269,-10998,-12,-1,11797.4728226006,12.0415945787923
38900,4266,-10995,-12,-1,11793.5906745995,12.0415945787923
38920,4268,-10999,-12,0,11798.0432699664,12
38940,4268,-10995,-12,0,11794.3142657808,12
38960,4267,-10999,-11,0,11797.6815518982,11
38980,4269,-10995,-11,1,11794.6761719006,11.0453610171873
39000,4266,-10998,-11,1,11796.3875826458,11.0453610171873
39020,4269,-10996,-11,1,11795.6083776972,11.0453610171873
39040,4265,-10997,-10,1,11795.0936410018,10.0498756211209
39060,4269,-10997,-10,1,11796.5405945981,10.0498756211209
39080,4266,-10996,-10,2,11794.5229661907,10.1980390271856
39100,4269,-10998,-9,2,11797.4728226006,9.21954445729289
39120,4266,-10995,-9,2,11793.5906745995,9.21954445729289
39140,4268,-10999,-9,2,11798.0432699664,9.21954445729289
39160,4268,-10995,-8,2,11794.3142657808,8.24621125123532
39180,4267,-10999,-8,3,11797.6815518982,8.54400374531753
39200,4268,-10995,-8,3,11794.3142657808,8.54400374531753
39220,4266,-10998,-7,3,11796.3875826458,7.61577310586391
39240,4269,-10996,-7,3,11795.6083776972,7.61577310586391
39260,4265,-10997,-6,3,11795.0936410018,6.70820393249937
39280,4269,-10998,-6,3,11797.4728226006,6.70820393249937
39300,4266,-10996,-6,3,11794.5229661907,6.70820393249937
39320,4269,-10998,-5,3,11797.4728226006,5.8309518948453
39340,4266,-10995,-5,3,11793.5906745995,5.8309518948453
39360,4268,-10999,-5,3,11798.0432699664,5.8309518948453
39380,4268,-10995,-4,3,11794.3142657808,5
39400,4267,-10999,-4,3,11797.6815518982,5
39420,4269,-10995,-3,3,11794.6761719006,4.24264068711928
39440,4266,-10998,-3,2,11796.3875826458,3.60555127546399
39460,4269,-10996,-3,2,11795.6083776972,3.60555127546399
39480,4265,-10997,-3,2,11795.0936410018,3.60555127546399
39500,4269,-10998,-2,2,11797.4728226006,2.82842712474619
39520,4266,-10996,-2,2,11794.5229661907,2.82842712474619
39540,4269,-10998,-1,2,11797.4728226006,2.23606797749979
39560,4267,-10995,-1,1,11793.9524333448,1.4142135623731
39580,4268,-10999,-1,1,11798.0432699664,1.4142135623731
39600,4268,-10995,-1,1,11794.3142657808,1.4142135623731
39620,4267,-10999,0,1,11797.6815518982,1
39640,4269,-10995,0,0,11794.6761719006,0
39660,4266,-10998,0,0,11796.3875826458,0
39680,4269,-10996,0,0,11795.6083776972,0
39700,4265,-10997,1,-1,11795.0936410018,1.4142135623731
39720,4269,-10998,1,-1,11797.4728226006,1.4142135623731
39740,4266,-10996,1,-1,11794.5229661907,1.4142135623731
39760,4269,-10998,1,-2,11797.4728226006,2.23606797749979
39780,4267,-10995,1,-2,11793.9524333448,2.23606797749979
39800,4267,-10999,1,-3,11797.6815518982,3.16227766016838
39820,4268,-10995,1,-3,11794.3142657808,3.16227766016838
39840,4267,-10999,1,-3,11797.6815518982,3.16227766016838
39860,4269,-10996,1,-4,11795.6083776972,4.12310562561766
39880,4266,-10998,1,-4,11796.3875826458,4.12310562561766
39900,4269,-10997,1,-4,11796.5405945981,4.12310562561766
39920,4265,-10997,1,-5,11795.0936410018,5.09901951359278
39940,4269,-10998,1,-5,11797.4728226006,5.09901951359278
39960,4266,-10996,1,-5,11794.5229661907,5.09901951359278
39980,4269,-10998,1,-6,11797.4728226006,6.08276253029822
40000,4267,-10995,1,-6,11793.9524333448,6.08276253029822
40020,4267,-10999,1,-7,11797.6815518982,7.07106781186548
40040,4268,-10995,1,-7,11794.3142657808,7.07106781186548
40060,4266,-10999,1,-7,11797.3199075044,7.07106781186548
40080,4269,-10996,0,-7,11795.6083776972,7
40100,4266,-10998,0,-8,11796.3875826458,8
40120,4269,-10997,0,-8,11796.5405945981,8
40140,4265,-10997,0,-8,11795.0936410018,8
40160,4269,-10998,0,-9,11797.4728226006,9
40180,4266,-10996,-1,-9,11794.5229661907,9.05538513813742
40200,4268,-10999,-1,-9,11798.0432699664,9.05538513813742
40220,4267,-10995,-1,-9,11793.9524333448,9.05538513813742
40240,4267,-10999,-2,-10,11797.6815518982,10.1980390271856
40260,4268,-10995,-2,-10,11794.3142657808,10.1980390271856
40280,4266,-10999,-2,-10,11797.3199075044,10.1980390271856
40300,4269,-10996,-3,-10,11795.6083776972,10.4403065089106
40320,4266,-10998,-3,-10,11796.3875826458,10.4403065089106
40340,4269,-10997,-3,-10,11796.5405945981,10.4403065089106
40360,4265,-10997,-4,-11,11795.0936410018,11.7046999107196
40380,4269,-10998,-4,-11,11797.4728226006,11.7046999107196
40400,4266,-10996,-4,-11,11794.5229661907,11.7046999107196
40420,4268,-10999,-4,-11,11798.0432699664,11.7046999107196
40440,4267,-10995,-5,-11,11793.9524333448,12.0830459735946
40460,4267,-10999,-5,-11,11797.6815518982,12.0830459735946
40480,4268,-10995,-6,-11,11794.3142657808,12.5299640861417
40500,4266,-10999,-6,-11,11797.3199075044,12.5299640861417
40520,4269,-10996,-6,-11,11795.6083776972,12.5299640861417
40540,4266,-10998,-7,-11,11796.3875826458,13.0384048104053
40560,4269,-10997,-7,-10,11796.5405945981,12.2065556157337
40580,4265,-10997,-7,-10,11795.0936410018,12.2065556157337
40600,4269,-10998,-8,-10,11797.4728226006,12.8062484748657
40620,4266,-10996,-8,-10,11794.5229661907,12.8062484748657
40640,4268,-10999,-8,-10,11798.0432699664,12.8062484748657
40660,4267,-10995,-9,-10,11793.9524333448,13.4536240470737
40680,4267,-10999,-9,-10,11797.6815518982,13.4536240470737
40700,4268,-10995,-9,-9,11794.3142657808,12.7279220613579
40720,4266,-10998,-10,-9,11796.3875826458,13.4536240470737
40740,4269,-10996,-10,-9,11795.6083776972,13.4536240470737
40760,4265,-10998,-10,-9,11796.0259833556,13.4536240470737
40780,4269,-10997,-10,-8,11796.5405945981,12.8062484748657
40800,4266,-10997,-11,-8,11795.4552688737,13.6014705087354
40820,4269,-10998,-11,-8,11797.4728226006,13.6014705087354
40840,4266,-10996,-11,-8,11794.5229661907,13.6014705087354
40860,4268,-10999,-11,-7,11798.0432699664,13.0384048104053
40880,4267,-10995,-11,-7,11793.9524333448,13.0384048104053
40900,4267,-10999,-11,-7,11797.6815518982,13.0384048104053
40920,4268,-10995,-12,-6,11794.3142657808,13.4164078649987
40940,4266,-10998,-12,-6,11796.3875826458,13.4164078649987
40960,4269,-10996,-12,-6,11795.6083776972,13.4164078649987
40980,4265,-10998,-12,-5,11796.0259833556,13
41000,4269,-10997,-12,-5,11796.5405945981,13
41020,4265,-10996,-12,-5,11794.1613097329,13
41040,4269,-10998,-12,-4,11797.4728226006,12.6491106406735
41060,4266,-10996,-12,-4,11794.5229661907,12.6491106406735
41080,4268,-10999,-12,-3,11798.0432699664,12.369316876853
41100,4267,-10995,-12,-3,11793.9524333448,12.369316876853
41120,4267,-10999,-12,-3,11797.6815518982,12.369316876853
41140,4268,-10995,-12,-2,11794.3142657808,12.1655250605964
41160,4266,-10998,-12,-2,11796.3875826458,12.1655250605964
41180,4269,-10996,-11,-2,11795.6083776972,11.1803398874989
41200,4266,-10998,-11,-2,11796.3875826458,11.1803398874989
41220,4269,-10997,-11,-1,11796.5405945981,11.0453610171873
41240,4265,-10996,-11,-1,11794.1613097329,11.0453610171873
41260,4269,-10998,-11,0,11797.4728226006,11
41280,4266,-10996,-11,0,11794.5229661907,11
41300,4268,-10999,-10,0,11798.0432699664,10
41320,4267,-10995,-10,0,11793.9524333448,10
41340,4267,-10999,-10,1,11797.6815518982,10.0498756211209
41360,4268,-10995,-10,1,11794.3142657808,10.0498756211209
41380,4266,-10998,-9,1,11796.3875826458,9.05538513813742
41400,4269,-10996,-9,1,11795.6083776972,9.05538513813742
41420,4266,-10997,-9,2,11795.4552688737,9.21954445729289
41440,4269,-10997,-8,2,11796.5405945981,8.24621125123532
41460,4265,-10996,-8,2,11794.1613097329,8.24621125123532
41480,4269,-10998,-8,2,11797.4728226006,8.24621125123532
41500,4266,-10996,-7,2,11794.5229661907,7.28010988928052
41520,4268,-10999,-7,2,11798.0432699664,7.28010988928052
41540,4267,-10995,-7,2,11793.9524333448,7.28010988928052
41560,4267,-10999,-6,2,11797.6815518982,6.32455532033676
41580,4268,-10995,-6,2,11794.3142657808,6.32455532033676
41600,4266,-10998,-6,3,11796.3875826458,6.70820393249937
41620,4269,-10996,-5,3,11795.6083776972,5.8309518948453
41640,4266,-10997,-5,3,11795.4552688737,5.8309518948453
41660,4269,-10997,-5,2,11796.5405945981,5.3851648071345
41680,4265,-10996,-4,3,11794.1613097329,5
41700,4269,-10998,-4,2,11797.4728226006,4.47213595499958
41720,4266,-10996,-4,2,11794.5229661907,4.47213595499958
41740,4268,-10999,-3,2,11798.0432699664,3.60555127546399
41760,4267,-10995,-3,2,11793.9524333448,3.60555127546399
41780,4267,-10999,-3,2,11797.6815518982,3.60555127546399
41800,4268,-10995,-2,2,11794.3142657808,2.82842712474619
41820,4266,-10998,-2,2,11796.3875826458,2.82842712474619
41840,4269,-10996,-2,2,11795.6083776972,2.82842712474619
41860,4266,-10997,-1,1,11795.4552688737,1.4142135623731
41880,4269,-10997,-1,1,11796.5405945981,1.4142135623731
41900,4265,-10996,-1,1,11794.1613097329,1.4142135623731
41920,4269,-10998,-1,1,11797.4728226006,1.4142135623731
41940,4266,-10995,0,0,11793.5906745995,0
41960,4268,-10999,0,0,11798.0432699664,0
41980,4267,-10995,0,0,11793.9524333448,0
42000,4267,-10999,0,0,11797.6815518982,0
42020,4268,-10996,0,-1,11795.2465001796,1
42040,4266,-10998,1,-1,11796.3875826458,1.4142135623731
42060,4269,-10996,1,-1,11795.6083776972,1.4142135623731
42080,4265,-10997,1,-2,11795.0936410018,2.23606797749979
42100,4269,-10997,1,-2,11796.5405945981,2.23606797749979
42120,4266,-10996,1,-2,11794.5229661907,2.23606797749979
42140,4269,-10998,1,-3,11797.4728226006,3.16227766016838
42160,4266,-10995,1,-3,11793.5906745995,3.16227766016838
42180,4268,-10999,1,-3,11798.0432699664,3.16227766016838
42200,4267,-10995,1,-4,11793.9524333448,4.12310562561766
42220,4267,-10999,1,-4,11797.6815518982,4.12310562561766
42240,4268,-10996,1,-4,11795.2465001796,4.12310562561766
42260,4266,-10998,1,-5,11796.3875826458,5.09901951359278
42280,4269,-10996,1,-5,11795.6083776972,5.09901951359278
42300,4265,-10997,1,-5,11795.0936410018,5.09901951359278
42320,4269,-10997,1,-6,11796.5405945981,6.08276253029822
42340,4266,-10996,1,-6,11794.5229661907,6.08276253029822
42360,4268,-10998,1,-6,11797.1110022751,6.08276253029822
42380,4267,-10995,1,-7,11793.9524333448,7.07106781186548
42400,4268,-10999,1,-7,11798.0432699664,7.07106781186548
42420,4267,-10995,0,-7,11793.9524333448,7
42440,4267,-10999,0,-7,11797.6815518982,7
42460,4268,-10996,0,-8,11795.2465001796,8
42480,4266,-10998,0,-8,11796.3875826458,8
42500,4269,-10996,0,-8,11795.6083776972,8
42520,4265,-10997,-1,-9,11795.0936410018,9.05538513813742
42540,4269,-10997,-1,-9,11796.5405945981,9.05538513813742
42560,4266,-10996,-1,-9,11794.5229661907,9.05538513813742
42580,4268,-10998,-1,-9,11797.1110022751,9.05538513813742
42600,4267,-10995,-2,-9,11793.9524333448,9.21954445729289
42620,4268,-10999,-2,-10,11798.0432699664,10.1980390271856
42640,4267,-10995,-2,-10,11793.9524333448,10.1980390271856
42660,4267,-10999,-3,-10,11797.6815518982,10.4403065089106
42680,4268,-10996,-3,-10,11795.2465001796,10.4403065089106
42700,4266,-10998,-3,-10,11796.3875826458,10.4403065089106
42720,4269,-10997,-4,-10,11796.5405945981,10.770329614269
42740,4265,-10997,-4,-10,11795.0936410018,10.770329614269
42760,4269,-10997,-4,-10,11796.5405945981,10.770329614269
42780,4266,-10996,-5,-10,11794.5229661907,11.1803398874989
42800,4268,-10998,-5,-10,11797.1110022751,11.1803398874989
42820,4267,-10995,-5,-10,11793.9524333448,11.1803398874989
42840,4267,-10999,-6,-10,11797.6815518982,11.6619037896906
42860,4268,-10995,-6,-10,11794.3142657808,11.6619037896906
42880,4266,-10999,-6,-10,11797.3199075044,11.6619037896906
42900,4269,-10996,-7,-10,11795.6083776972,12.2065556157337
42920,4266,-10998,-7,-10,11796.3875826458,12.2065556157337
42940,4269,-10997,-7,-10,11796.5405945981,12.2065556157337
42960,4265,-10997,-7,-10,11795.0936410018,12.2065556157337
42980,4269,-10997,-8,-9,11796.5405945981,12.0415945787923
43000,4266,-10996,-8,-9,11794.5229661907,12.0415945787923
43020,4268,-10999,-8,-9,11798.0432699664,12.0415945787923
43040,4267,-10995,-9,-9,11793.9524333448,12.7279220613579
43060,4267,-10999,-9,-9,11797.6815518982,12.7279220613579
43080,4268,-10995,-9,-8,11794.3142657808,12.0415945787923
43100,4266,-10999,-9,-8,11797.3199075044,12.0415945787923
43120,4269,-10996,-10,-8,11795.6083776972,12.8062484748657
43140,4266,-10998,-10,-8,11796.3875826458,12.8062484748657
43160,4269,-10997,-10,-7,11796.5405945981,12.2065556157337
43180,4265,-10997,-10,-7,11795.0936410018,12.2065556157337
43200,4269,-10998,-10,-7,11797.4728226006,12.2065556157337
43220,4266,-10996,-10,-6,11794.5229661907,11.6619037896906
43240,4268,-10999,-11,-6,11798.0432699664,12.5299640861417
43260,4267,-10995,-11,-6,11793.9524333448,12.5299640861417
43280,4267,-10999,-11,-6,11797.6815518982,12.5299640861417
43300,4268,-10995,-11,-5,11794.3142657808,12.0830459735946
43320,4266,-10999,-11,-5,11797.3199075044,12.0830459735946
43340,4269,-10996,-11,-4,11795.6083776972,11.7046999107196
43360,4266,-10998,-11,-4,11796.3875826458,11.7046999107196
43380,4269,-10997,-11,-4,11796.5405945981,11.7046999107196
43400,4265,-10997,-11,-4,11795.0936410018,11.7046999107196
43420,4269,-10998,-11,-3,11797.4728226006,11.4017542509914
43440,4266,-10996,-11,-3,11794.5229661907,11.4017542509914
43460,4268,-10999,-11,-2,11798.0432699664,11.1803398874989
43480,4267,-10995,-11,-2,11793.9524333448,11.1803398874989
43500,4267,-10999,-11,-2,11797.6815518982,11.1803398874989
43520,4268,-10995,-11,-2,11794.3142657808,11.1803398874989
43540,4266,-10999,-10,-1,11797.3199075044,10.0498756211209
43560,4269,-10996,-10,-1,11795.6083776972,10.0498756211209
43580,4266,-10998,-10,-1,11796.3875826458,10.0498756211209
43600,4269,-10997,-10,0,11796.5405945981,10
43620,4266,-10997,-10,0,11795.4552688737,10
43640,4269,-10998,-9,0,11797.4728226006,9
43660,4266,-10996,-9,0,11794.5229661907,9
43680,4268,-10999,-9,1,11798.0432699664,9.05538513813742
43700,4267,-10995,-9,1,11793.9524333448,9.05538513813742
43720,4267,-10999,-8,1,11797.6815518982,8.06225774829855
43740,4268,-10995,-8,1,11794.3142657808,8.06225774829855
43760,4266,-10998,-8,1,11796.3875826458,8.06225774829855
43780,4269,-10996,-7,2,11795.6083776972,7.28010988928052
43800,4266,-10997,-7,2,11795.4552688737,7.28010988928052
43820,4269,-10997,-7,2,11796.5405945981,7.28010988928052
43840,4266,-10997,-7,2,11795.4552688737,7.28010988928052
43860,4269,-10998,-6,2,11797.4728226006,6.32455532033676
43880,4266,-10996,-6,2,11794.5229661907,6.32455532033676
43900,4268,-10999,-6,2,11798.0432699664,6.32455532033676
43920,4267,-10995,-5,2,11793.9524333448,5.3851648071345
43940,4267,-10999,-5,2,11797.6815518982,5.3851648071345
43960,4268,-10995,-5,2,11794.3142657808,5.3851648071345
43980,4266,-10998,-4,2,11796.3875826458,4.47213595499958
44000,4269,-10996,-4,2,11795.6083776972,4.47213595499958
44020,4265,-10997,-4,2,11795.0936410018,4.47213595499958
44040,4269,-10997,-3,2,11796.5405945981,3.60555127546399
44060,4265,-10997,-3,2,11795.0936410018,3.60555127546399
44080,4269,-10998,-3,2,11797.4728226006,3.60555127546399
44100,4266,-10996,-3,2,11794.5229661907,3.60555127546399
44120,4268,-10999,-2,2,11798.0432699664,2.82842712474619
44140,4267,-10995,-2,2,11793.9524333448,2.82842712474619
44160,4267,-10999,-2,1,11797.6815518982,2.23606797749979
44180,4268,-10995,-1,1,11794.3142657808,1.4142135623731
44200,4266,-10998,-1,1,11796.3875826458,1.4142135623731
44220,4269,-10996,-1,1,11795.6083776972,1.4142135623731
44240,4266,-10997,-1,1,11795.4552688737,1.4142135623731
44260,4269,-10997,0,0,11796.5405945981,0
44280,4265,-10996,0,0,11794.1613097329,0
44300,4269,-10998,0,0,11797.4728226006,0
44320,4266,-10996,0,0,11794.5229661907,0
44340,4268,-10999,0,-1,11798.0432699664,1
44360,4267,-10995,1,-1,11793.9524333448,1.4142135623731
44380,4267,-10999,1,-1,11797.6815518982,1.4142135623731
44400,4268,-10995,1,-1,11794.3142657808,1.4142135623731
44420,4266,-10998,1,-2,11796.3875826458,2.23606797749979
44440,4269,-10996,1,-2,11795.6083776972,2.23606797749979
44460,4265,-10997,1,-2,11795.0936410018,2.23606797749979
44480,4269,-10997,1,-3,11796.5405945981,3.16227766016838
44500,4266,-10996,1,-3,11794.5229661907,3.16227766016838
44520,4269,-10998,1,-3,11797.4728226006,3.16227766016838
44540,4266,-10995,1,-4,11793.5906745995,4.12310562561766
44560,4268,-10999,1,-4,11798.0432699664,4.12310562561766
44580,4267,-10995,1,-4,11793.9524333448,4.12310562561766
44600,4267,-10999,1,-5,11797.6815518982,5.09901951359278
44620,4268,-10995,1,-5,11794.3142657808,5.09901951359278
44640,4266,-10998,1,-5,11796.3875826458,5.09901951359278
44660,4269,-10996,1,-5,11795.6083776972,5.09901951359278
44680,4265,-10997,1,-6,11795.0936410018,6.08276253029822
44700,4269,-10997,1,-6,11796.5405945981,6.08276253029822
44720,4266,-10996,1,-6,11794.5229661907,6.08276253029822
44740,4268,-10998,1,-7,11797.1110022751,7.07106781186548
44760,4266,-10995,0,-7,11793.5906745995,7
44780,4268,-10999,0,-7,11798.0432699664,7
44800,4267,-10995,0,-7,11793.9524333448,7
44820,4267,-10999,0,-8,11797.6815518982,8
44840,4268,-10995,0,-8,11794.3142657808,8
44860,4266,-10998,-1,-8,11796.3875826458,8.06225774829855
44880,4269,-10996,-1,-8,11795.6083776972,8.06225774829855
44900,4265,-10997,-1,-9,11795.0936410018,9.05538513813742
44920,4269,-10997,-1,-9,11796.5405945981,9.05538513813742
44940,4266,-10996,-2,-9,11794.5229661907,9.21954445729289
44960,4268,-10998,-2,-9,11797.1110022751,9.21954445729289
44980,4266,-10995,-2,-9,11793.5906745995,9.21954445729289
45000,4268,-10999,-2,-9,11798.0432699664,9.21954445729289
45020,4267,-10995,-3,-9,11793.9524333448,9.48683298050514
45040,4267,-10999,-3,-9,11797.6815518982,9.48683298050514
45060,4268,-10996,-3,-10,11795.2465001796,10.4403065089106
45080,4266,-10998,-4,-10,11796.3875826458,10.770329614269
45100,4269,-10996,-4,-10,11795.6083776972,10.770329614269
45120,4265,-10997,-4,-10,11795.0936410018,10.770329614269
45140,4269,-10997,-5,-10,11796.5405945981,11.1803398874989
45160,4266,-10996,-5,-10,11794.5229661907,11.1803398874989
45180,4268,-10998,-5,-10,11797.1110022751,11.1803398874989
45200,4266,-10995,-6,-10,11793.5906745995,11.6619037896906
45220,4267,-10999,-6,-9,11797.6815518982,10.816653826392
45240,4267,-10995,-6,-9,11793.9524333448,10.816653826392
45260,4266,-10999,-6,-9,11797.3199075044,10.816653826392
45280,4268,-10995,-7,-9,11794.3142657808,11.4017542509914
45300,4266,-10998,-7,-9,11796.3875826458,11.4017542509914
45320,4269,-10996,-7,-9,11795.6083776972,11.4017542509914
45340,4265,-10997,-8,-9,11795.0936410018,12.0415945787923
45360,4269,-10997,-8,-9,11796.5405945981,12.0415945787923
45380,4266,-10996,-8,-8,11794.5229661907,11.3137084989848
45400,4268,-10998,-8,-8,11797.1110022751,11.3137084989848
45420,4266,-10995,-8,-8,11793.5906745995,11.3137084989848
45440,4267,-10999,-9,-8,11797.6815518982,12.0415945787923
45460,4267,-10995,-9,-7,11793.9524333448,11.4017542509914
45480,4266,-10999,-9,-7,11797.3199075044,11.4017542509914
45500,4268,-10996,-9,-7,11795.2465001796,11.4017542509914
45520,4266,-10998,-9,-7,11796.3875826458,11.4017542509914
45540,4269,-10996,-10,-6,11795.6083776972,11.6619037896906
45560,4265,-10997,-10,-6,11795.0936410018,11.6619037896906
45580,4269,-10997,-10,-6,11796.5405945981,11.6619037896906
45600,4266,-10996,-10,-6,11794.5229661907,11.6619037896906
45620,4268,-10998,-10,-5,11797.1110022751,11.1803398874989
45640,4266,-10995,-10,-5,11793.5906745995,11.1803398874989
45660,4267,-10999,-10,-5,11797.6815518982,11.1803398874989
45680,4268,-10995,-10,-4,11794.3142657808,10.770329614269
45700,4266,-10998,-10,-4,11796.3875826458,10.770329614269
45720,4268,-10996,-10,-4,11795.2465001796,10.770329614269
45740,4265,-10998,-10,-3,11796.0259833556,10.4403065089106
45760,4269,-10996,-10,-3,11795.6083776972,10.4403065089106
45780,4265,-10997,-10,-3,11795.0936410018,10.4403065089106
45800,4269,-10998,-10,-2,11797.4728226006,10.1980390271856
45820,4266,-10996,-10,-2,11794.5229661907,10.1980390271856
45840,4268,-10998,-10,-2,11797.1110022751,10.1980390271856
45860,4266,-10995,-10,-2,11793.5906745995,10.1980390271856
45880,4267,-10999,-9,-1,11797.6815518982,9.05538513813742
45900,4268,-10995,-9,-1,11794.3142657808,9.05538513813742
45920,4266,-10998,-9,-1,11796.3875826458,9.05538513813742
45940,4268,-10996,-9,0,11795.2465001796,9
45960,4266,-10998,-9,0,11796.3875826458,9
45980,4269,-10997,-9,0,11796.5405945981,9
46000,4265,-10997,-8,0,11795.0936410018,8
46020,4269,-10998,-8,0,11797.4728226006,8
46040,4266,-10996,-8,1,11794.5229661907,8.06225774829855
46060,4268,-10998,-8,1,11797.1110022751,8.06225774829855
46080,4266,-10995,-7,1,11793.5906745995,7.07106781186548
46100,4267,-10999,-7,1,11797.6815518982,7.07106781186548
46120,4268,-10995,-7,1,11794.3142657808,7.07106781186548
46140,4266,-10998,-7,1,11796.3875826458,7.07106781186548
46160,4268,-10996,-6,2,11795.2465001796,6.32455532033676
46180,4265,-10998,-6,2,11796.0259833556,6.32455532033676
46200,4269,-10997,-6,2,11796.5405945981,6.32455532033676
46220,4265,-10997,-5,2,11795.0936410018,5.3851648071345
46240,4269,-10998,-5,2,11797.4728226006,5.3851648071345
46260,4266,-10996,-5,2,11794.5229661907,5.3851648071345
46280,4268,-10998,-5,2,11797.1110022751,5.3851648071345
46300,4266,-10995,-4,2,11793.5906745995,4.47213595499958
46320,4267,-10999,-4,2,11797.6815518982,4.47213595499958
46340,4268,-10995,-4,2,11794.3142657808,4.47213595499958
46360,4266,-10998,-3,2,11796.3875826458,3.60555127546399
46380,4268,-10996,-3,2,11795.2465001796,3.60555127546399
46400,4266,-10998,-3,2,11796.3875826458,3.60555127546399
46420,4269,-10997,-2,2,11796.5405945981,2.82842712474619
46440,4265,-10996,-2,1,11794.1613097329,2.23606797749979
46460,4269,-10998,-2,1,11797.4728226006,2.23606797749979
46480,4266,-10996,-2,1,11794.5229661907,2.23606797749979
46500,4268,-10998,-1,1,11797.1110022751,1.4142135623731
46520,4267,-10995,-1,1,11793.9524333448,1.4142135623731
46540,4267,-10999,-1,1,11797.6815518982,1.4142135623731
46560,4268,-10995,-1,1,11794.3142657808,1.4142135623731
46580,4266,-10998,0,0,11796.3875826458,0
46600,4268,-10996,0,0,11795.2465001796,0
46620,4266,-10997,0,0,11795.4552688737,0
46640,4269,-10997,0,0,11796.5405945981,0
46660,4265,-10996,0,-1,11794.1613097329,1
46680,4269,-10998,1,-1,11797.4728226006,1.4142135623731
46700,4266,-10996,1,-1,11794.5229661907,1.4142135623731
46720,4268,-10998,1,-1,11797.1110022751,1.4142135623731
46740,4267,-10995,1,-2,11793.9524333448,2.23606797749979
46760,4267,-10999,1,-2,11797.6815518982,2.23606797749979
46780,4268,-10995,1,-2,11794.3142657808,2.23606797749979
46800,4266,-10998,1,-2,11796.3875826458,2.23606797749979
46820,4268,-10996,1,-3,11795.2465001796,3.16227766016838
46840,4265,-10997,1,-3,11795.0936410018,3.16227766016838
46860,4269,-10997,1,-3,11796.5405945981,3.16227766016838
46880,4265,-10996,1,-4,11794.1613097329,4.12310562561766
46900,4269,-10998,1,-4,11797.4728226006,4.12310562561766
46920,4266,-10996,1,-4,11794.5229661907,4.12310562561766
46940,4268,-10998,1,-5,11797.1110022751,5.09901951359278
46960,4267,-10995,1,-5,11793.9524333448,5.09901951359278
46980,4267,-10999,1,-5,11797.6815518982,5.09901951359278
47000,4268,-10995,1,-5,11794.3142657808,5.09901951359278
47020,4266,-10998,1,-6,11796.3875826458,6.08276253029822
47040,4269,-10996,1,-6,11795.6083776972,6.08276253029822
47060,4265,-10997,1,-6,11795.0936410018,6.08276253029822
47080,4269,-10997,1,-7,11796.5405945981,7.07106781186548
47100,4265,-10996,0,-7,11794.1613097329,7
47120,4269,-10998,0,-7,11797.4728226006,7
47140,4266,-10996,0,-7,11794.5229661907,7
47160,4268,-10998,0,-7,11797.1110022751,7
47180,4267,-10995,0,-8,11793.9524333448,8
47200,4267,-10999,-1,-8,11797.6815518982,8.06225774829855
47220,4268,-10995,-1,-8,11794.3142657808,8.06225774829855
47240,4266,-10998,-1,-8,11796.3875826458,8.06225774829855
47260,4268,-10996,-1,-8,11795.2465001796,8.06225774829855
47280,4265,-10997,-2,-8,11795.0936410018,8.24621125123532
47300,4269,-10997,-2,-9,11796.5405945981,9.21954445729289
47320,4265,-10996,-2,-9,11794.1613097329,9.21954445729289
47340,4268,-10998,-2,-9,11797.1110022751,9.21954445729289
47360,4266,-10996,-3,-9,11794.5229661907,9.48683298050514
47380,4268,-10998,-3,-9,11797.1110022751,9.48683298050514
47400,4267,-10995,-3,-9,11793.9524333448,9.48683298050514
47420,4267,-10999,-3,-9,11797.6815518982,9.48683298050514
47440,4268,-10995,-4,-9,11794.3142657808,9.8488578017961
47460,4266,-10998,-4,-9,11796.3875826458,9.8488578017961
47480,4268,-10996,-4,-9,11795.2465001796,9.8488578017961
47500,4265,-10997,-5,-9,11795.0936410018,10.295630140987
47520,4269,-10997,-5,-9,11796.5405945981,10.295630140987
47540,4265,-10996,-5,-9,11794.1613097329,10.295630140987
47560,4268,-10998,-5,-9,11797.1110022751,10.295630140987
47580,4266,-10995,-6,-9,11793.5906745995,10.816653826392
47600,4268,-10998,-6,-9,11797.1110022751,10.816653826392
47620,4267,-10995,-6,-9,11793.9524333448,10.816653826392
47640,4267,-10999,-6,-8,11797.6815518982,10
47660,4268,-10995,-7,-8,11794.3142657808,10.6301458127346
47680,4266,-10998,-7,-8,11796.3875826458,10.6301458127346
47700,4268,-10996,-7,-8,11795.2465001796,10.6301458127346
47720,4265,-10997,-7,-8,11795.0936410018,10.6301458127346
47740,4269,-10997,-8,-8,11796.5405945981,11.3137084989848
47760,4265,-10996,-8,-7,11794.1613097329,10.6301458127346
47780,4268,-10998,-8,-7,11797.1110022751,10.6301458127346
47800,4266,-10996,-8,-7,11794.5229661907,10.6301458127346
47820,4267,-10998,-8,-7,11796.7492556212,10.6301458127346
47840,4267,-10995,-9,-6,11793.9524333448,10.816653826392
47860,4267,-10999,-9,-6,11797.6815518982,10.816653826392
47880,4268,-10996,-9,-6,11795.2465001796,10.816653826392
47900,4266,-10998,-9,-6,11796.3875826458,10.816653826392
47920,4268,-10996,-9,-5,11795.2465001796,10.295630140987
47940,4265,-10997,-9,-5,11795.0936410018,10.295630140987
47960,4269,-10997,-9,-5,11796.5405945981,10.295630140987
47980,4265,-10996,-9,-5,11794.1613097329,10.295630140987
48000,4268,-10998,-9,-4,11797.1110022751,9.8488578017961
48020,4266,-10995,-9,-4,11793.5906745995,9.8488578017961
48040,4267,-10998,-9,-4,11796.7492556212,9.8488578017961
48060,4267,-10995,-9,-3,11793.9524333448,9.48683298050514
48080,4266,-10999,-9,-3,11797.3199075044,9.48683298050514
48100,4268,-10995,-9,-3,11794.3142657808,9.48683298050514
48120,4266,-10998,-9,-3,11796.3875826458,9.48683298050514
48140,4269,-10996,-9,-2,11795.6083776972,9.21954445729289
48160,4265,-10997,-9,-2,11795.0936410018,9.21954445729289
48180,4269,-10997,-9,-2,11796.5405945981,9.21954445729289
48200,4265,-10996,-9,-1,11794.1613097329,9.05538513813742
48220,4268,-10998,-9,-1,11797.1110022751,9.05538513813742
48240,4266,-10995,-9,-1,11793.5906745995,9.05538513813742
48260,4267,-10999,-9,-1,11797.6815518982,9.05538513813742
48280,4267,-10995,-8,0,11793.9524333448,8
48300,4266,-10999,-8,0,11797.3199075044,8
48320,4268,-10996,-8,0,11795.2465001796,8
48340,4266,-10998,-8,0,11796.3875826458,8
48360,4268,-10996,-8,0,11795.2465001796,8
48380,4265,-10997,-7,1,11795.0936410018,7.07106781186548
48400,4269,-10997,-7,1,11796.5405945981,7.07106781186548
48420,4265,-10996,-7,1,11794.1613097329,7.07106781186548
48440,4268,-10998,-6,1,11797.1110022751,6.08276253029822
48460,4266,-10995,-6,1,11793.5906745995,6.08276253029822
48480,4267,-10998,-6,1,11796.7492556212,6.08276253029822
48500,4267,-10995,-6,1,11793.9524333448,6.08276253029822
48520,4266,-10998,-5,2,11796.3875826458,5.3851648071345
48540,4268,-10996,-5,2,11795.2465001796,5.3851648071345
48560,4266,-10998,-5,2,11796.3875826458,5.3851648071345
48580,4268,-10997,-5,2,11796.1787456786,5.3851648071345
48600,4265,-10997,-4,2,11795.0936410018,4.47213595499958
48620,4269,-10997,-4,2,11796.5405945981,4.47213595499958
48640,4265,-10996,-4,2,11794.1613097329,4.47213595499958
48660,4268,-10998,-3,2,11797.1110022751,3.60555127546399
48680,4266,-10995,-3,2,11793.5906745995,3.60555127546399
48700,4267,-10999,-3,2,11797.6815518982,3.60555127546399
48720,4267,-10995,-3,1,11793.9524333448,3.16227766016838
48740,4266,-10999,-2,2,11797.3199075044,2.82842712474619
48760,4268,-10996,-2,1,11795.2465001796,2.23606797749979
48780,4266,-10998,-2,1,11796.3875826458,2.23606797749979
48800,4269,-10997,-1,1,11796.5405945981,1.4142135623731
48820,4265,-10997,-1,1,11795.0936410018,1.4142135623731
48840,4269,-10997,-1,1,11796.5405945981,1.4142135623731
48860,4266,-10996,-1,1,11794.5229661907,1.4142135623731
48880,4268,-10998,0,1,11797.1110022751,1
48900,4266,-10995,0,0,11793.5906745995,0
48920,4267,-10998,0,0,11796.7492556212,0
48940,4267,-10995,0,0,11793.9524333448,0
48960,4266,-10998,0,0,11796.3875826458,0
48980,4268,-10996,0,-1,11795.2465001796,1
49000,4266,-10998,1,-1,11796.3875826458,1.4142135623731
49020,4269,-10997,1,-1,11796.5405945981,1.4142135623731
49040,4265,-10997,1,-1,11795.0936410018,1.4142135623731
49060,4268,-10997,1,-2,11796.1787456786,2.23606797749979
49080,4266,-10996,1,-2,11794.5229661907,2.23606797749979
49100,4268,-10998,1,-2,11797.1110022751,2.23606797749979
49120,4267,-10995,1,-2,11793.9524333448,2.23606797749979
49140,4267,-10998,1,-3,11796.7492556212,3.16227766016838
49160,4267,-10995,1,-3,11793.9524333448,3.16227766016838
49180,4266,-10998,1,-3,11796.3875826458,3.16227766016838
49200,4268,-10996,1,-3,11795.2465001796,3.16227766016838
49220,4265,-10998,1,-4,11796.0259833556,4.12310562561766
49240,4269,-10997,1,-4,11796.5405945981,4.12310562561766
49260,4265,-10997,1,-4,11795.0936410018,4.12310562561766
49280,4268,-10998,1,-5,11797.1110022751,5.09901951359278
49300,4266,-10996,1,-5,11794.5229661907,5.09901951359278
49320,4268,-10998,1,-5,11797.1110022751,5.09901951359278
49340,4267,-10995,1,-5,11793.9524333448,5.09901951359278
49360,4267,-10998,1,-6,11796.7492556212,6.08276253029822
49380,4267,-10995,1,-6,11793.9524333448,6.08276253029822
49400,4266,-10998,1,-6,11796.3875826458,6.08276253029822
49420,4268,-10996,1,-6,11795.2465001796,6.08276253029822
49440,4265,-10997,0,-7,11795.0936410018,7
49460,4269,-10997,0,-7,11796.5405945981,7
49480,4265,-10997,0,-7,11795.0936410018,7
49500,4269,-10997,0,-7,11796.5405945981,7
49520,4266,-10996,0,-7,11794.5229661907,7
49540,4268,-10998,0,-8,11797.1110022751,8
49560,4267,-10995,-1,-8,11793.9524333448,8.06225774829855
49580,4267,-10998,-1,-8,11796.7492556212,8.06225774829855
49600,4268,-10995,-1,-8,11794.3142657808,8.06225774829855
49620,4266,-10998,-1,-8,11796.3875826458,8.06225774829855
49640,4268,-10996,-2,-8,11795.2465001796,8.24621125123532
49660,4265,-10997,-2,-8,11795.0936410018,8.24621125123532
49680,4269,-10997,-2,-8,11796.5405945981,8.24621125123532
49700,4265,-10997,-2,-9,11795.0936410018,9.21954445729289
49720,4268,-10998,-3,-9,11797.1110022751,9.48683298050514
49740,4266,-10996,-3,-9,11794.5229661907,9.48683298050514
49760,4268,-10998,-3,-9,11797.1110022751,9.48683298050514
49780,4267,-10995,-4,-9,11793.9524333448,9.8488578017961
49800,4267,-10998,-4,-9,11796.7492556212,9.8488578017961
49820,4267,-10995,-4,-9,11793.9524333448,9.8488578017961
49840,4266,-10998,-4,-9,11796.3875826458,9.8488578017961
49860,4268,-10996,-5,-9,11795.2465001796,10.295630140987
49880,4265,-10997,-5,-9,11795.0936410018,10.295630140987
49900,4269,-10997,-5,-9,11796.5405945981,10.295630140987
49920,4265,-10996,-5,-8,11794.1613097329,9.4339811320566
49940,4268,-10998,-6,-8,11797.1110022751,10
49960,4266,-10996,-6,-8,11794.5229661907,10
49980,4268,-10998,-6,-8,11797.1110022751,10
50000,4267,-10995,-6,-8,11793.9524333448,10
50020,4267,-10998,-7,-8,11796.7492556212,10.6301458127346
50040,4268,-10995,-7,-8,11794.3142657808,10.6301458127346
50060,4266,-10998,-7,-7,11796.3875826458,9.89949493661167
50080,4268,-10996,-7,-7,11795.2465001796,9.89949493661167
50100,4265,-10997,-7,-7,11795.0936410018,9.89949493661167
50120,4269,-10997,-8,-7,11796.5405945981,10.6301458127346
50140,4265,-10996,-8,-7,11794.1613097329,10.6301458127346
50160,4268,-10998,-8,-6,11797.1110022751,10
50180,4266,-10996,-8,-6,11794.5229661907,10
50200,4268,-10998,-8,-6,11797.1110022751,10
50220,4267,-10995,-8,-6,11793.9524333448,10
50240,4267,-10998,-8,-5,11796.7492556212,9.4339811320566
50260,4268,-10995,-8,-5,11794.3142657808,9.4339811320566
50280,4266,-10998,-9,-5,11796.3875826458,10.295630140987
50300,4269,-10996,-9,-5,11795.6083776972,10.295630140987
50320,4265,-10997,-9,-4,11795.0936410018,9.8488578017961
50340,4268,-10997,-9,-4,11796.1787456786,9.8488578017961
50360,4265,-10996,-9,-4,11794.1613097329,9.8488578017961
50380,4268,-10998,-9,-4,11797.1110022751,9.8488578017961
50400,4266,-10995,-9,-3,11793.5906745995,9.48683298050514
50420,4267,-10998,-9,-3,11796.7492556212,9.48683298050514
50440,4267,-10995,-9,-3,11793.9524333448,9.48683298050514
50460,4267,-10998,-9,-2,11796.7492556212,9.21954445729289
50480,4268,-10995,-9,-2,11794.3142657808,9.21954445729289
50500,4266,-10998,-8,-2,11796.3875826458,8.24621125123532
50520,4268,-10996,-8,-2,11795.2465001796,8.24621125123532
50540,4265,-10997,-8,-1,11795.0936410018,8.06225774829855
50560,4269,-10997,-8,-1,11796.5405945981,8.06225774829855
50580,4265,-10996,-8,-1,11794.1613097329,8.06225774829855
50600,4268,-10998,-8,-1,11797.1110022751,8.06225774829855
50620,4266,-10995,-8,-1,11793.5906745995,8.06225774829855
50640,4267,-10998,-7,0,11796.7492556212,7
50660,4267,-10995,-7,0,11793.9524333448,7
50680,4267,-10998,-7,0,11796.7492556212,7
50700,4268,-10995,-7,0,11794.3142657808,7
50720,4266,-10998,-7,1,11796.3875826458,7.07106781186548
50740,4268,-10996,-6,1,11795.2465001796,6.08276253029822
50760,4265,-10997,-6,1,11795.0936410018,6.08276253029822
50780,4268,-10997,-6,1,11796.1787456786,6.08276253029822
50800,4265,-10996,-6,1,11794.1613097329,6.08276253029822
50820,4268,-10998,-5,1,11797.1110022751,5.09901951359278
50840,4266,-10995,-5,1,11793.5906745995,5.09901951359278
50860,4267,-10998,-5,1,11796.7492556212,5.09901951359278
50880,4267,-10995,-5,1,11793.9524333448,5.09901951359278
50900,4266,-10998,-4,1,11796.3875826458,4.12310562561766
50920,4268,-10995,-4,1,11794.3142657808,4.12310562561766
50940,4266,-10998,-4,1,11796.3875826458,4.12310562561766
50960,4268,-10996,-3,1,11795.2465001796,3.16227766016838
50980,4265,-10997,-3,1,11795.0936410018,3.16227766016838
51000,4268,-10997,-3,1,11796.1787456786,3.16227766016838
51020,4266,-10996,-3,1,11794.5229661907,3.16227766016838
51040,4268,-10998,-3,1,11797.1110022751,3.16227766016838
51060,4266,-10995,-2,1,11793.5906745995,2.23606797749979
51080,4267,-10999,-2,1,11797.6815518982,2.23606797749979
51100,4267,-10995,-2,1,11793.9524333448,2.23606797749979
51120,4266,-10998,-1,1,11796.3875826458,1.4142135623731
51140,4268,-10995,-1,1,11794.3142657808,1.4142135623731
51160,4266,-10998,-1,1,11796.3875826458,1.4142135623731
51180,4268,-10996,-1,1,11795.2465001796,1.4142135623731
51200,4265,-10997,-1,0,11795.0936410018,1
51220,4268,-10997,0,0,11796.1787456786,0
51240,4266,-10996,0,0,11794.5229661907,0
51260,4268,-10998,0,0,11797.1110022751,0
51280,4266,-10995,0,0,11793.5906745995,0
51300,4267,-10999,0,-1,11797.6815518982,1
51320,4267,-10995,1,-1,11793.9524333448,1.4142135623731
51340,4266,-10998,1,-1,11796.3875826458,1.4142135623731
51360,4268,-10995,1,-1,11794.3142657808,1.4142135623731
51380,4266,-10998,1,-1,11796.3875826458,1.4142135623731
51400,4269,-10996,1,-2,11795.6083776972,2.23606797749979
51420,4265,-10997,1,-2,11795.0936410018,2.23606797749979
51440,4268,-10997,1,-2,11796.1787456786,2.23606797749979
51460,4266,-10996,1,-2,11794.5229661907,2.23606797749979
51480,4268,-10998,1,-3,11797.1110022751,3.16227766016838
51500,4266,-10995,1,-3,11793.5906745995,3.16227766016838
51520,4267,-10999,2,-3,11797.6815518982,3.60555127546399
51540,4267,-10995,1,-3,11793.9524333448,3.16227766016838
51560,4266,-10998,1,-4,11796.3875826458,4.12310562561766
51580,4268,-10996,2,-4,11795.2465001796,4.47213595499958
51600,4266,-10998,1,-4,11796.3875826458,4.12310562561766
51620,4268,-10996,1,-4,11795.2465001796,4.12310562561766
51640,4265,-10997,1,-5,11795.0936410018,5.09901951359278
51660,4268,-10997,1,-5,11796.1787456786,5.09901951359278
51680,4266,-10996,1,-5,11794.5229661907,5.09901951359278
51700,4268,-10998,1,-6,11797.1110022751,6.08276253029822
51720,4266,-10995,1,-6,11793.5906745995,6.08276253029822
51740,4267,-10998,1,-6,11796.7492556212,6.08276253029822
51760,4267,-10995,1,-6,11793.9524333448,6.08276253029822
51780,4266,-10998,1,-6,11796.3875826458,6.08276253029822
51800,4268,-10996,0,-7,11795.2465001796,7
51820,4266,-10998,0,-7,11796.3875826458,7
51840,4268,-10996,0,-7,11795.2465001796,7
51860,4265,-10997,0,-7,11795.0936410018,7
51880,4268,-10998,0,-7,11797.1110022751,7
51900,4266,-10996,-1,-8,11794.5229661907,8.06225774829855
51920,4268,-10998,-1,-8,11797.1110022751,8.06225774829855
51940,4266,-10995,-1,-8,11793.5906745995,8.06225774829855
51960,4267,-10999,-1,-8,11797.6815518982,8.06225774829855
51980,4267,-10995,-2,-8,11793.9524333448,8.24621125123532
52000,4266,-10998,-2,-8,11796.3875826458,8.24621125123532
52020,4268,-10996,-2,-8,11795.2465001796,8.24621125123532
52040,4265,-10998,-2,-8,11796.0259833556,8.24621125123532
52060,4268,-10997,-3,-8,11796.1787456786,8.54400374531753
52080,4265,-10997,-3,-8,11795.0936410018,8.54400374531753
52100,4268,-10997,-3,-8,11796.1787456786,8.54400374531753
52120,4266,-10996,-3,-8,11794.5229661907,8.54400374531753
52140,4268,-10998,-3,-8,11797.1110022751,8.54400374531753
52160,4266,-10995,-4,-8,11793.5906745995,8.94427190999916
52180,4267,-10999,-4,-8,11797.6815518982,8.94427190999916
52200,4267,-10995,-4,-8,11793.9524333448,8.94427190999916
52220,4266,-10998,-5,-8,11796.3875826458,9.4339811320566
52240,4268,-10996,-5,-8,11795.2465001796,9.4339811320566
52260,4265,-10997,-5,-8,11795.0936410018,9.4339811320566
52280,4269,-10997,-5,-8,11796.5405945981,9.4339811320566
52300,4265,-10997,-5,-8,11795.0936410018,9.4339811320566
52320,4268,-10998,-6,-8,11797.1110022751,10
52340,4266,-10996,-6,-8,11794.5229661907,10
52360,4268,-10998,-6,-7,11797.1110022751,9.21954445729289
52380,4266,-10995,-6,-7,11793.5906745995,9.21954445729289
52400,4267,-10999,-7,-7,11797.6815518982,9.89949493661167
52420,4267,-10995,-7,-7,11793.9524333448,9.89949493661167
52440,4266,-10998,-7,-7,11796.3875826458,9.89949493661167
52460,4268,-10996,-7,-6,11795.2465001796,9.21954445729289
52480,4265,-10997,-7,-6,11795.0936410018,9.21954445729289
52500,4268,-10997,-7,-6,11796.1787456786,9.21954445729289
52520,4265,-10996,-8,-6,11794.1613097329,10
52540,4268,-10998,-8,-6,11797.1110022751,10
52560,4266,-10996,-8,-5,11794.5229661907,9.4339811320566
52580,4268,-10998,-8,-5,11797.1110022751,9.4339811320566
52600,4266,-10995,-8,-5,11793.5906745995,9.4339811320566
52620,4267,-10998,-8,-5,11796.7492556212,9.4339811320566
52640,4267,-10995,-8,-4,11793.9524333448,8.94427190999916
52660,4266,-10998,-8,-4,11796.3875826458,8.94427190999916
52680,4268,-10996,-8,-4,11795.2465001796,8.94427190999916
52700,4266,-10997,-8,-4,11795.4552688737,8.94427190999916
52720,4268,-10997,-8,-3,11796.1787456786,8.54400374531753
52740,4265,-10996,-8,-3,11794.1613097329,8.54400374531753
52760,4268,-10998,-8,-3,11797.1110022751,8.54400374531753
52780,4266,-10996,-8,-3,11794.5229661907,8.54400374531753
52800,4268,-10998,-8,-2,11797.1110022751,8.24621125123532
52820,4266,-10995,-8,-2,11793.5906745995,8.24621125123532
52840,4267,-10999,-8,-2,11797.6815518982,8.24621125123532
52860,4268,-10995,-8,-2,11794.3142657808,8.24621125123532
52880,4266,-10998,-8,-1,11796.3875826458,8.06225774829855
52900,4268,-10996,-7,-1,11795.2465001796,7.07106781186548
52920,4265,-10997,-7,-1,11795.0936410018,7.07106781186548
52940,4268,-10997,-7,-1,11796.1787456786,7.07106781186548
52960,4265,-10996,-7,0,11794.1613097329,7
52980,4268,-10998,-7,0,11797.1110022751,7
53000,4266,-10996,-7,0,11794.5229661907,7
53020,4268,-10998,-6,0,11797.1110022751,6
53040,4266,-10995,-6,0,11793.5906745995,6
53060,4266,-10998,-6,0,11796.3875826458,6
53080,4268,-10995,-6,1,11794.3142657808,6.08276253029822
53100,4266,-10998,-6,1,11796.3875826458,6.08276253029822
53120,4268,-10996,-5,1,11795.2465001796,5.09901951359278
53140,4265,-10997,-5,1,11795.0936410018,5.09901951359278
53160,4268,-10997,-5,1,11796.1787456786,5.09901951359278
53180,4265,-10996,-5,1,11794.1613097329,5.09901951359278
53200,4268,-10998,-5,1,11797.1110022751,5.09901951359278
53220,4266,-10996,-4,1,11794.5229661907,4.12310562561766
53240,4268,-10998,-4,1,11797.1110022751,4.12310562561766
53260,4267,-10995,-4,1,11793.9524333448,4.12310562561766
53280,4267,-10998,-3,1,11796.7492556212,3.16227766016838
53300,4268,-10995,-3,1,11794.3142657808,3.16227766016838
53320,4266,-10998,-3,1,11796.3875826458,3.16227766016838
53340,4268,-10996,-3,1,11795.2465001796,3.16227766016838
53360,4265,-10997,-2,1,11795.0936410018,2.23606797749979
53380,4268,-10997,-2,1,11796.1787456786,2.23606797749979
53400,4265,-10996,-2,1,11794.1613097329,2.23606797749979
53420,4268,-10998,-2,1,11797.1110022751,2.23606797749979
53440,4266,-10996,-1,1,11794.5229661907,1.4142135623731
53460,4267,-10998,-1,1,11796.7492556212,1.4142135623731
53480,4267,-10995,-1,1,11793.9524333448,1.4142135623731
53500,4266,-10998,-1,1,11796.3875826458,1.4142135623731
53520,4268,-10995,0,0,11794.3142657808,0
53540,4266,-10998,0,0,11796.3875826458,0
53560,4268,-10996,0,0,11795.2465001796,0
53580,4265,-10997,0,0,11795.0936410018,0
53600,4268,-10997,0,0,11796.1787456786,0
53620,4265,-10996,0,0,11794.1613097329,0
53640,4268,-10998,1,-1,11797.1110022751,1.4142135623731
53660,4266,-10996,1,-1,11794.5229661907,1.4142135623731
53680,4267,-10998,1,-1,11796.7492556212,1.4142135623731
53700,4267,-10995,1,-1,11793.9524333448,1.4142135623731
53720,4266,-10998,1,-2,11796.3875826458,2.23606797749979
53740,4268,-10996,1,-2,11795.2465001796,2.23606797749979
53760,4266,-10998,1,-2,11796.3875826458,2.23606797749979
53780,4268,-10996,1,-2,11795.2465001796,2.23606797749979
53800,4265,-10997,1,-2,11795.0936410018,2.23606797749979
53820,4268,-10997,1,-3,11796.1787456786,3.16227766016838
53840,4265,-10996,1,-3,11794.1613097329,3.16227766016838
53860,4268,-10998,2,-3,11797.1110022751,3.60555127546399
53880,4266,-10996,1,-4,11794.5229661907,4.12310562561766
53900,4267,-10998,2,-4,11796.7492556212,4.47213595499958
53920,4267,-10995,1,-4,11793.9524333448,4.12310562561766
53940,4266,-10998,1,-4,11796.3875826458,4.12310562561766
53960,4268,-10996,1,-4,11795.2465001796,4.12310562561766
53980,4265,-10998,1,-5,11796.0259833556,5.09901951359278
54000,4268,-10996,1,-5,11795.2465001796,5.09901951359278
54020,4265,-10997,1,-5,11795.0936410018,5.09901951359278
54040,4268,-10997,1,-5,11796.1787456786,5.09901951359278
54060,4265,-10996,1,-6,11794.1613097329,6.08276253029822
54080,4268,-10998,1,-6,11797.1110022751,6.08276253029822
54100,4266,-10995,1,-6,11793.5906745995,6.08276253029822
54120,4267,-10998,1,-6,11796.7492556212,6.08276253029822
54140,4267,-10995,0,-6,11793.9524333448,6
54160,4266,-10998,0,-7,11796.3875826458,7
54180,4268,-10995,0,-7,11794.3142657808,7
54200,4266,-10998,0,-7,11796.3875826458,7
54220,4268,-10996,0,-7,11795.2465001796,7
54240,4265,-10997,-1,-7,11795.0936410018,7.07106781186548
54260,4268,-10997,-1,-7,11796.1787456786,7.07106781186548
54280,4265,-10996,-1,-8,11794.1613097329,8.06225774829855
54300,4268,-10998,-1,-8,11797.1110022751,8.06225774829855
54320,4266,-10995,-1,-8,11793.5906745995,8.06225774829855
54340,4267,-10998,-2,-8,11796.7492556212,8.24621125123532
54360,4267,-10995,-2,-8,11793.9524333448,8.24621125123532
54380,4266,-10998,-2,-8,11796.3875826458,8.24621125123532
54400,4268,-10996,-2,-8,11795.2465001796,8.24621125123532
54420,4265,-10998,-3,-8,11796.0259833556,8.54400374531753
54440,4268,-10996,-3,-8,11795.2465001796,8.54400374531753
54460,4265,-10997,-3,-8,11795.0936410018,8.54400374531753
54480,4268,-10997,-3,-8,11796.1787456786,8.54400374531753
54500,4265,-10996,-4,-8,11794.1613097329,8.94427190999916
54520,4268,-10998,-4,-8,11797.1110022751,8.94427190999916
54540,4266,-10995,-4,-8,11793.5906745995,8.94427190999916
54560,4267,-10998,-4,-8,11796.7492556212,8.94427190999916
54580,4267,-10995,-5,-8,11793.9524333448,9.4339811320566
54600,4266,-10998,-5,-8,11796.3875826458,9.4339811320566
54620,4268,-10996,-5,-8,11795.2465001796,9.4339811320566
54640,4265,-10998,-5,-8,11796.0259833556,9.4339811320566
54660,4268,-10996,-6,-7,11795.2465001796,9.21954445729289
54680,4265,-10997,-6,-7,11795.0936410018,9.21954445729289
54700,4268,-10997,-6,-7,11796.1787456786,9.21954445729289
54720,4265,-10996,-6,-7,11794.1613097329,9.21954445729289
54740,4268,-10998,-6,-7,11797.1110022751,9.21954445729289
54760,4266,-10995,-7,-7,11793.5906745995,9.89949493661167
54780,4267,-10998,-7,-6,11796.7492556212,9.21954445729289
54800,4267,-10995,-7,-6,11793.9524333448,9.21954445729289
54820,4266,-10998,-7,-6,11796.3875826458,9.21954445729289
54840,4268,-10996,-7,-6,11795.2465001796,9.21954445729289
54860,4265,-10998,-7,-6,11796.0259833556,9.21954445729289
54880,4268,-10996,-7,-5,11795.2465001796,8.60232526704263
54900,4265,-10997,-7,-5,11795.0936410018,8.60232526704263
54920,4268,-10997,-7,-5,11796.1787456786,8.60232526704263
54940,4265,-10996,-8,-5,11794.1613097329,9.4339811320566
54960,4268,-10998,-8,-4,11797.1110022751,8.94427190999916
54980,4266,-10995,-8,-4,11793.5906745995,8.94427190999916
55000,4267,-10998,-8,-4,11796.7492556212,8.94427190999916
55020,4267,-10995,-8,-4,11793.9524333448,8.94427190999916
55040,4266,-10998,-8,-3,11796.3875826458,8.54400374531753
55060,4268,-10996,-8,-3,11795.2465001796,8.54400374531753
55080,4265,-10997,-8,-3,11795.0936410018,8.54400374531753
55100,4268,-10997,-8,-3,11796.1787456786,8.54400374531753
55120,4265,-10997,-7,-2,11795.0936410018,7.28010988928052
55140,4268,-10997,-8,-2,11796.1787456786,8.24621125123532
55160,4265,-10996,-7,-2,11794.1613097329,7.28010988928052
55180,4268,-10998,-7,-2,11797.1110022751,7.28010988928052
55200,4266,-10995,-7,-1,11793.5906745995,7.07106781186548
55220,4267,-10998,-7,-1,11796.7492556212,7.07106781186548
55240,4267,-10995,-7,-1,11793.9524333448,7.07106781186548
55260,4266,-10998,-7,-1,11796.3875826458,7.07106781186548
55280,4268,-10996,-7,-1,11795.2465001796,7.07106781186548
55300,4265,-10997,-7,0,11795.0936410018,7
55320,4268,-10996,-6,0,11795.2465001796,6
55340,4265,-10997,-6,0,11795.0936410018,6
55360,4268,-10997,-6,0,11796.1787456786,6
55380,4265,-10996,-6,0,11794.1613097329,6
55400,4268,-10998,-6,0,11797.1110022751,6
55420,4266,-10995,-5,1,11793.5906745995,5.09901951359278
55440,4267,-10998,-5,1,11796.7492556212,5.09901951359278
55460,4267,-10995,-5,1,11793.9524333448,5.09901951359278
55480,4266,-10998,-5,1,11796.3875826458,5.09901951359278
55500,4268,-10996,-5,1,11795.2465001796,5.09901951359278
55520,4265,-10997,-4,1,11795.0936410018,4.12310562561766
55540,4268,-10997,-4,1,11796.1787456786,4.12310562561766
55560,4265,-10996,-4,1,11794.1613097329,4.12310562561766
55580,4268,-10997,-4,1,11796.1787456786,4.12310562561766
55600,4266,-10996,-3,1,11794.5229661907,3.16227766016838
55620,4267,-10998,-3,1,11796.7492556212,3.16227766016838
55640,4266,-10995,-3,1,11793.5906745995,3.16227766016838
55660,4267,-10998,-3,1,11796.7492556212,3.16227766016838
55680,4267,-10995,-2,1,11793.9524333448,2.23606797749979
55700,4266,-10998,-2,1,11796.3875826458,2.23606797749979
55720,4268,-10996,-2,1,11795.2465001796,2.23606797749979
55740,4265,-10997,-2,1,11795.0936410018,2.23606797749979
55760,4268,-10997,-1,1,11796.1787456786,1.4142135623731
55780,4265,-10996,-1,1,11794.1613097329,1.4142135623731
55800,4268,-10998,-1,1,11797.1110022751,1.4142135623731
55820,4266,-10996,-1,1,11794.5229661907,1.4142135623731
55840,4267,-10998,-1,0,11796.7492556212,1
55860,4266,-10995,0,0,11793.5906745995,0
55880,4267,-10998,0,0,11796.7492556212,0
55900,4267,-10995,0,0,11793.9524333448,0
55920,4266,-10998,0,0,11796.3875826458,0
55940,4268,-10996,0,0,11795.2465001796,0
55960,4265,-10997,1,-1,11795.0936410018,1.4142135623731
55980,4268,-10997,1,-1,11796.1787456786,1.4142135623731
56000,4265,-10996,1,-1,11794.1613097329,1.4142135623731
56020,4268,-10998,1,-1,11797.1110022751,1.4142135623731
56040,4266,-10995,1,-1,11793.5906745995,1.4142135623731
56060,4267,-10998,1,-2,11796.7492556212,2.23606797749979
56080,4267,-10995,1,-2,11793.9524333448,2.23606797749979
56100,4267,-10998,1,-2,11796.7492556212,2.23606797749979
56120,4267,-10995,1,-2,11793.9524333448,2.23606797749979
56140,4266,-10998,1,-3,11796.3875826458,3.16227766016838
56160,4268,-10996,1,-3,11795.2465001796,3.16227766016838
56180,4265,-10997,2,-3,11795.0936410018,3.60555127546399
56200,4268,-10997,2,-3,11796.1787456786,3.60555127546399
56220,4265,-10996,2,-4,11794.1613097329,4.47213595499958
56240,4268,-10998,1,-4,11797.1110022751,4.12310562561766
56260,4266,-10995,1,-4,11793.5906745995,4.12310562561766
56280,4267,-10998,1,-4,11796.7492556212,4.12310562561766
56300,4267,-10995,1,-4,11793.9524333448,4.12310562561766
56320,4266,-10998,1,-5,11796.3875826458,5.09901951359278
56340,4267,-10995,1,-5,11793.9524333448,5.09901951359278
56360,4266,-10998,1,-5,11796.3875826458,5.09901951359278
56380,4268,-10996,1,-5,11795.2465001796,5.09901951359278
56400,4265,-10997,1,-6,11795.0936410018,6.08276253029822
56420,4268,-10997,1,-6,11796.1787456786,6.08276253029822
56440,4265,-10996,1,-6,11794.1613097329,6.08276253029822
56460,4268,-10998,1,-6,11797.1110022751,6.08276253029822
56480,4266,-10995,0,-6,11793.5906745995,6
56500,4267,-10998,0,-6,11796.7492556212,6
56520,4267,-10995,0,-7,11793.9524333448,7
56540,4266,-10998,0,-7,11796.3875826458,7
56560,4267,-10995,0,-7,11793.9524333448,7
56580,4266,-10998,-1,-7,11796.3875826458,7.07106781186548
56600,4268,-10996,-1,-7,11795.2465001796,7.07106781186548
56620,4265,-10997,-1,-7,11795.0936410018,7.07106781186548
56640,4268,-10997,-1,-7,11796.1787456786,7.07106781186548
56660,4265,-10996,-1,-8,11794.1613097329,8.06225774829855
56680,4268,-10998,-2,-8,11797.1110022751,8.24621125123532
56700,4266,-10995,-2,-8,11793.5906745995,8.24621125123532
56720,4267,-10998,-2,-8,11796.7492556212,8.24621125123532
56740,4267,-10995,-2,-8,11793.9524333448,8.24621125123532
56760,4266,-10998,-2,-8,11796.3875826458,8.24621125123532
56780,4267,-10995,-3,-8,11793.9524333448,8.54400374531753
56800,4266,-10998,-3,-8,11796.3875826458,8.54400374531753
56820,4268,-10996,-3,-8,11795.2465001796,8.54400374531753
56840,4265,-10997,-3,-8,11795.0936410018,8.54400374531753
56860,4268,-10997,-4,-8,11796.1787456786,8.94427190999916
56880,4265,-10996,-4,-8,11794.1613097329,8.94427190999916
56900,4268,-10998,-4,-8,11797.1110022751,8.94427190999916
56920,4266,-10995,-4,-7,11793.5906745995,8.06225774829855
56940,4267,-10998,-5,-7,11796.7492556212,8.60232526704263
56960,4267,-10995,-5,-7,11793.9524333448,8.60232526704263
56980,4266,-10998,-5,-7,11796.3875826458,8.60232526704263
57000,4268,-10995,-5,-7,11794.3142657808,8.60232526704263
57020,4265,-10998,-5,-7,11796.0259833556,8.60232526704263
57040,4268,-10996,-6,-7,11795.2465001796,9.21954445729289
57060,4265,-10997,-6,-7,11795.0936410018,9.21954445729289
57080,4268,-10997,-6,-6,11796.1787456786,8.48528137423857
57100,4265,-10996,-6,-6,11794.1613097329,8.48528137423857
57120,4268,-10998,-6,-6,11797.1110022751,8.48528137423857
57140,4266,-10995,-6,-6,11793.5906745995,8.48528137423857
57160,4267,-10998,-7,-6,11796.7492556212,9.21954445729289
57180,4267,-10995,-7,-6,11793.9524333448,9.21954445729289
57200,4266,-10998,-7,-5,11796.3875826458,8.60232526704263
57220,4268,-10996,-7,-5,11795.2465001796,8.60232526704263
57240,4265,-10998,-7,-5,11796.0259833556,8.60232526704263
57260,4268,-10996,-7,-5,11795.2465001796,8.60232526704263
57280,4265,-10997,-7,-5,11795.0936410018,8.60232526704263
57300,4268,-10997,-7,-4,11796.1787456786,8.06225774829855
57320,4265,-10996,-7,-4,11794.1613097329,8.06225774829855
57340,4268,-10998,-7,-4,11797.1110022751,8.06225774829855
57360,4266,-10995,-7,-4,11793.5906745995,8.06225774829855
57380,4267,-10998,-7,-3,11796.7492556212,7.61577310586391
57400,4267,-10995,-7,-3,11793.9524333448,7.61577310586391
57420,4266,-10998,-7,-3,11796.3875826458,7.61577310586391
57440,4268,-10996,-7,-3,11795.2465001796,7.61577310586391
57460,4265,-10998,-7,-2,11796.0259833556,7.28010988928052
57480,4268,-10996,-7,-2,11795.2465001796,7.28010988928052
57500,4265,-10997,-7,-2,11795.0936410018,7.28010988928052
57520,4268,-10997,-7,-2,11796.1787456786,7.28010988928052
57540,4265,-10996,-7,-1,11794.1613097329,7.07106781186548
57560,4268,-10998,-7,-1,11797.1110022751,7.07106781186548
57580,4266,-10995,-7,-1,11793.5906745995,7.07106781186548
57600,4267,-10998,-6,-1,11796.7492556212,6.08276253029822
57620,4267,-10995,-6,-1,11793.9524333448,6.08276253029822
57640,4266,-10998,-6,0,11796.3875826458,6
57660,4268,-10996,-6,0,11795.2465001796,6
57680,4265,-10998,-6,0,11796.0259833556,6
57700,4268,-10996,-6,0,11795.2465001796,6
57720,4265,-10997,-5,0,11795.0936410018,5
57740,4268,-10997,-5,0,11796.1787456786,5
57760,4266,-10996,-5,0,11794.5229661907,5
57780,4268,-10998,-5,1,11797.1110022751,5.09901951359278
57800,4266,-10995,-5,1,11793.5906745995,5.09901951359278
57820,4267,-10998,-4,1,11796.7492556212,4.12310562561766
57840,4267,-10995,-4,1,11793.9524333448,4.12310562561766
57860,4266,-10998,-4,1,11796.3875826458,4.12310562561766
57880,4268,-10996,-4,1,11795.2465001796,4.12310562561766
57900,4265,-10997,-3,1,11795.0936410018,3.16227766016838
57920,4268,-10997,-3,1,11796.1787456786,3.16227766016838
57940,4265,-10997,-3,1,11795.0936410018,3.16227766016838
57960,4268,-10997,-3,1,11796.1787456786,3.16227766016838
57980,4266,-10996,-3,1,11794.5229661907,3.16227766016838
58000,4267,-10998,-2,1,11796.7492556212,2.23606797749979
58020,4266,-10995,-2,1,11793.5906745995,2.23606797749979
58040,4267,-10998,-2,1,11796.7492556212,2.23606797749979
58060,4267,-10995,-2,1,11793.9524333448,2.23606797749979
58080,4266,-10998,-1,1,11796.3875826458,1.4142135623731
58100,4268,-10996,-1,1,11795.2465001796,1.4142135623731
58120,4265,-10997,-1,1,11795.0936410018,1.4142135623731
58140,4268,-10996,-1,1,11795.2465001796,1.4142135623731
58160,4265,-10996,-1,0,11794.1613097329,1
58180,4268,-10997,0,0,11796.1787456786,0
58200,4266,-10996,0,0,11794.5229661907,0
58220,4268,-10998,0,0,11797.1110022751,0
58240,4266,-10995,0,0,11793.5906745995,0
58260,4267,-10998,0,0,11796.7492556212,0
58280,4267,-10995,0,-1,11793.9524333448,1
58300,4266,-10998,1,-1,11796.3875826458,1.4142135623731
58320,4268,-10996,1,-1,11795.2465001796,1.4142135623731
58340,4265,-10997,1,-1,11795.0936410018,1.4142135623731
58360,4268,-10996,1,-1,11795.2465001796,1.4142135623731
58380,4265,-10996,1,-1,11794.1613097329,1.4142135623731
58400,4268,-10997,1,-2,11796.1787456786,2.23606797749979
58420,4266,-10996,1,-2,11794.5229661907,2.23606797749979
58440,4268,-10998,1,-2,11797.1110022751,2.23606797749979
58460,4266,-10995,1,-2,11793.5906745995,2.23606797749979
58480,4267,-10998,1,-3,11796.7492556212,3.16227766016838
58500,4267,-10995,2,-3,11793.9524333448,3.60555127546399
58520,4266,-10998,2,-3,11796.3875826458,3.60555127546399
58540,4268,-10996,2,-3,11795.2465001796,3.60555127546399
58560,4265,-10997,2,-4,11795.0936410018,4.47213595499958
58580,4268,-10997,1,-4,11796.1787456786,4.12310562561766
58600,4265,-10996,2,-4,11794.1613097329,4.47213595499958
58620,4268,-10998,2,-4,11797.1110022751,4.47213595499958
58640,4266,-10996,1,-4,11794.5229661907,4.12310562561766
58660,4267,-10998,1,-5,11796.7492556212,5.09901951359278
58680,4266,-10995,1,-5,11793.5906745995,5.09901951359278
58700,4266,-10998,1,-5,11796.3875826458,5.09901951359278
58720,4267,-10995,1,-5,11793.9524333448,5.09901951359278
58740,4266,-10998,1,-5,11796.3875826458,5.09901951359278
58760,4268,-10996,1,-6,11795.2465001796,6.08276253029822
58780,4265,-10997,1,-6,11795.0936410018,6.08276253029822
58800,4268,-10997,1,-6,11796.1787456786,6.08276253029822
58820,4265,-10996,0,-6,11794.1613097329,6
58840,4268,-10998,0,-6,11797.1110022751,6
58860,4266,-10996,0,-7,11794.5229661907,7
58880,4267,-10998,0,-7,11796.7492556212,7
58900,4266,-10995,0,-7,11793.5906745995,7
58920,4266,-10998,-1,-7,11796.3875826458,7.07106781186548
58940,4267,-10995,-1,-7,11793.9524333448,7.07106781186548
58960,4266,-10998,-1,-7,11796.3875826458,7.07106781186548
58980,4268,-10996,-1,-7,11795.2465001796,7.07106781186548
59000,4265,-10997,-1,-7,11795.0936410018,7.07106781186548
59020,4268,-10997,-1,-7,11796.1787456786,7.07106781186548
59040,4265,-10996,-2,-8,11794.1613097329,8.24621125123532
59060,4268,-10998,-2,-8,11797.1110022751,8.24621125123532
59080,4266,-10996,-2,-8,11794.5229661907,8.24621125123532
59100,4267,-10998,-2,-7,11796.7492556212,7.28010988928052
59120,4266,-10995,-3,-7,11793.5906745995,7.61577310586391
59140,4266,-10998,-3,-8,11796.3875826458,8.54400374531753
59160,4267,-10995,-3,-8,11793.9524333448,8.54400374531753
59180,4266,-10998,-3,-7,11796.3875826458,7.61577310586391
59200,4268,-10996,-4,-7,11795.2465001796,8.06225774829855
59220,4265,-10997,-4,-7,11795.0936410018,8.06225774829855
59240,4268,-10997,-4,-7,11796.1787456786,8.06225774829855
59260,4265,-10996,-4,-7,11794.1613097329,8.06225774829855
59280,4268,-10998,-4,-7,11797.1110022751,8.06225774829855
59300,4266,-10996,-5,-7,11794.5229661907,8.60232526704263
59320,4267,-10998,-5,-7,11796.7492556212,8.60232526704263
59340,4266,-10995,-5,-7,11793.5906745995,8.60232526704263
59360,4266,-10998,-5,-7,11796.3875826458,8.60232526704263
59380,4267,-10995,-5,-6,11793.9524333448,7.81024967590665
59400,4266,-10998,-5,-6,11796.3875826458,7.81024967590665
59420,4268,-10996,-6,-6,11795.2465001796,8.48528137423857
59440,4265,-10997,-6,-6,11795.0936410018,8.48528137423857
59460,4268,-10997,-6,-6,11796.1787456786,8.48528137423857
59480,4265,-10996,-6,-6,11794.1613097329,8.48528137423857
59500,4268,-10998,-6,-6,11797.1110022751,8.48528137423857
59520,4266,-10995,-6,-5,11793.5906745995,7.81024967590665
59540,4267,-10998,-6,-5,11796.7492556212,7.81024967590665
59560,4266,-10995,-7,-5,11793.5906745995,8.60232526704263
59580,4266,-10998,-7,-5,11796.3875826458,8.60232526704263
59600,4267,-10995,-7,-5,11793.9524333448,8.60232526704263
59620,4266,-10998,-7,-4,11796.3875826458,8.06225774829855
59640,4268,-10996,-7,-4,11795.2465001796,8.06225774829855
59660,4265,-10997,-7,-4,11795.0936410018,8.06225774829855
59680,4268,-10997,-7,-4,11796.1787456786,8.06225774829855
59700,4265,-10996,-7,-3,11794.1613097329,7.61577310586391
59720,4268,-10998,-7,-3,11797.1110022751,7.61577310586391
59740,4266,-10996,-7,-3,11794.5229661907,7.61577310586391
59760,4267,-10998,-7,-3,11796.7492556212,7.61577310586391
59780,4267,-10995,-7,-2,11793.9524333448,7.28010988928052
59800,4266,-10998,-7,-2,11796.3875826458,7.28010988928052
59820,4267,-10996,-7,-2,11794.8846963419,7.28010988928052
59840,4265,-10998,-7,-2,11796.0259833556,7.28010988928052
59860,4268,-10996,-7,-2,11795.2465001796,7.28010988928052
59880,4265,-10997,-6,-1,11795.0936410018,6.08276253029822
59900,4268,-10997,-6,-1,11796.1787456786,6.08276253029822
59920,4265,-10996,-6,-1,11794.1613097329,6.08276253029822
59940,4268,-10998,-6,-1,11797.1110022751,6.08276253029822
59960,4266,-10995,-6,-1,11793.5906745995,6.08276253029822
59980,4267,-10998,-6,0,11796.7492556212,6
60000,4267,-10995,-6,0,11793.9524333448,6
