frequency_hz,direct_adc_int16,filtered_adc_int16,direct_rms_uint16,filtered_rms_uint16,direct_rms_float,filtered_rms_float
200,20578,23537,17022,16805,17022.4079470466,16805.3462244063
220,-19918,-14753,16672,16536,16671.7265678286,16536.4144382521
240,-1948,-10501,16820,16809,16819.8613227271,16809.0211118545
260,21836,24077,16925,16682,16925.074751201,16681.7557543519
280,-18586,-10858,16664,16565,16663.9613488345,16564.7784178132
300,-4455,-14422,16821,16784,16820.7817484911,16783.5306071783
320,22831,23580,16859,16605,16858.8942698347,16604.6245012538
340,-17020,-6468,16664,16600,16664.0074443388,16599.7922407933
360,-6882,-17726,16820,16751,16819.6014555499,16751.010461053
380,23540,22019,16810,16561,16810.4429209418,16560.835998744
400,-15265,-1757,16668,16635,16668.365112429,16634.9757486729
420,-9215,-20314,16816,16715,16816.228737456,16715.1124881849
440,23956,19515,16773,16543,16773.1492674205,16542.5094773541
460,-13327,3100,16675,16665,16675.1972783451,16665.1500467975
480,-11437,-22097,16811,16679,16811.048411182,16679.3133012036
500,24075,16184,16744,16545,16744.0292743658,16544.755548494
520,-11218,7878,16684,16687,16683.9270447641,16687.2657497311
540,-13509,-22995,16804,16647,16804.4129662169,16647.1761503054
560,23913,12175,16721,16561,16721.1225216209,16560.9768901669
580,-8969,12361,16693,16700,16693.1505191612,16700.0754206726
600,-15423,-22999,16796,16622,16796.106028321,16621.7958543616
620,23425,7699,16703,16587,16703.3505089139,16586.6674503764
640,-6607,16362,16703,16703,16702.8404669623,16703.4102366168
660,-17158,-22100,16787,16605,16786.876999097,16604.9072121371
680,22672,2947,16690,16616,16689.8889199978,16616.2816774886
700,-4151,19674,16713,16698,16712.5740067663,16698.3218977077
720,-18696,-20330,16777,16598,16776.8411364178,16597.6252158968
740,21639,-1873,16680,16646,16680.4381128823,16645.8560745487
760,-1626,22142,16721,16687,16721.16276116,16687.0659226959
780,-20008,-17738,16766,16600,16766.0536646766,16600.3825674146
800,20335,-6541,16674,16672,16674.0962498575,16671.629327362
820,928,23634,16729,16673,16729.1603860787,16673.1279575963
840,-21110,-14412,16755,16612,16754.9211484688,16612.0152434682
860,18800,-10908,16671,16692,16670.8486275049,16691.688118978
880,3489,24095,16736,16660,16735.8760680502,16659.6063899809
900,-21973,-10465,16744,16630,16744.098018959,16630.4384119946
920,17022,-14778,16670,16705,16670.0307128257,16705.1169555552
940,6030,23482,16741,16649,16741.1888618988,16649.3292796704
960,-22603,-6025,16733,16653,16733.2838328235,16653.3975674061
980,15063,-18028,16671,16712,16671.4275227773,16711.6567153332
1000,8521,21828,16745,16644,16744.9708526604,16644.4941079364
1020,-22976,-1298,16723,16678,16723.1842928413,16678.1755926896
1040,12916,-20538,16675,16713,16674.565127688,16712.934383503
1060,10910,19245,16747,16646,16747.1461472075,16646.1374999205
1080,-23103,3567,16714,16702,16713.6606030342,16701.8532285147
1100,10650,-22231,16679,16710,16678.8937226741,16710.0552467771
1120,13178,15848,16748,16654,16747.6490123879,16654.2296455193
1140,-22966,8325,16705,16722,16705.4484900558,16721.829042661
1160,8258,-23046,16684,16705,16684.1247891735,16704.9038132566
1180,15305,11774,16747,16668,16746.5979852212,16667.7869840028
1200,-22601,12783,16698,16736,16697.7735091126,16736.4928256717
1220,5773,-22965,16690,16700,16689.7799508886,16699.555864375
1240,17253,7262,16744,16685,16744.1114087142,16685.1703060925
1260,-21969,16720,16692,16745,16691.8423879803,16745.0284226831
1280,3257,-21983,16696,16696,16695.758793915,16695.646946324
1300,19000,2492,16741,16704,16740.5931829692,16704.1016391059
1320,-21094,19967,16687,16747,16686.9837778373,16747.2799246041
1340,711,-20136,16702,16695,16701.6475414151,16694.6551193036
1360,20520,-2331,16736,16722,16735.7716330708,16722.1714685192
1380,-19981,22339,16683,16744,16683.47061788,16744.2719089103
1400,-1828,-17461,16707,16697,16707.1128162172,16696.9226820262
1420,21791,-6996,16730,16738,16729.952394765,16737.6399051577
1440,-18643,23743,16681,16737,16681.2369510782,16737.4196245707
1460,-4339,-14069,16712,16703,16712.0019060191,16703.0524349672
1480,22789,-11317,16724,16749,16723.8065310923,16748.856572315
1500,-17091,24109,16680,16729,16680.2993265496,16728.600854526
1520,-6763,-10066,16716,16712,16716.1251665273,16711.7409376533
1540,23516,-15135,16717,16755,16717.0173500766,16754.9721727031
1560,-15356,23391,16681,16720,16680.6536224811,16719.7799041206
1580,-9109,-5577,16719,16722,16719.427345654,16722.3525447778
1600,23956,-18302,16710,16756,16710.4227042755,16755.9409962897
1620,-13417,21646,16682,16713,16682.0046075134,16712.9855853765
1640,-11336,-823,16722,16733,16721.6007172641,16733.1227090155
1660,24078,-20754,16704,16753,16703.7843080531,16752.5690021815
1680,-11322,18965,16684,16709,16684.1654689195,16708.8983799803
1700,-13416,4033,16723,16743,16722.7672834947,16742.9682988428
1720,23922,-22349,16698,16745,16697.7026948805,16745.3458527299
1740,-9081,15485,16687,16708,16687.1399025549,16708.1037371673
1760,-15343,8781,16723,16750,16722.9535722444,16749.879580651
1780,23462,-23100,16692,16736,16692.1705273406,16735.9594425855
1800,-6735,11372,16691,16710,16690.6772304741,16710.2832498447
1820,-17079,13191,16722,16753,16721.9725491221,16753.3014015105
1840,22717,-22924,16688,16726,16687.5108889463,16725.9024810813
1860,-4273,6816,16695,16715,16694.5124159307,16714.8379623077
1880,-18620,17075,16720,16752,16720.3996961576,16751.8921771874
1900,21689,-21857,16684,16716,16683.7764970894,16716.1912523051
1920,-1748,2030,16699,16720,16698.5956869072,16720.2885675744
1940,-19956,20245,16718,16747,16717.9541577303,16746.6719984722
1960,20399,-19918,16681,16708,16681.0238330022,16708.4462636831
1980,812,-2777,16702,16726,16702.4678487572,16725.6077833267
2000,-21071,22524,16715,16738,16714.8809009359,16737.6842917397
2020,18866,-17165,16679,16703,16679.3149790441,16703.0284527656
2040,3373,-7423,16706,16729,16706.2516254559,16729.4440092722
2060,-21938,23842,16711,16726,16711.3284137891,16726.2434884703
2080,17119,-13706,16679,16701,16678.5386099348,16700.68413273
2100,5910,-11699,16710,16731,16709.573461372,16730.8581351343
2120,-22582,24080,16707,16714,16707.4613244928,16713.9900760838
2140,15162,-9641,16679,16701,16678.71204969,16700.7412270229
2160,8401,-15476,16712,16730,16712.2675444067,16729.6097024085
2180,-22959,23269,16704,16702,16703.5206242027,16702.1175402367
2200,13036,-5138,16680,16703,16679.7628377763,16702.9249247986
2220,10787,-18584,16714,16725,16714.2494490924,16725.2295013054
2240,-23093,21430,16700,16692,16699.6128376379,16692.3658246656
2260,10754,-366,16682,16706,16681.5285726757,16706.4613796602
2280,13076,-20947,16716,16718,16715.5798345094,16718.4834194211
2300,-22977,18660,16696,16686,16695.7595393545,16685.506594144
2320,8370,4503,16684,16710,16684.0663033711,16709.7806070149
2340,15214,-22471,16716,16710,16716.1313094372,16709.9880772912
2360,-22610,15114,16692,16682,16692.2300728565,16682.0661086193
2380,5890,9216,16687,16712,16686.9631874098,16712.3730488324
2400,17180,-23104,16716,16701,16715.7295493917,16700.7969454758
2420,-22005,10938,16689,16682,16689.1291894982,16681.7960681933
2440,3370,13588,16690,16713,16690.1480039001,16713.1173503597
2460,18927,-22860,16715,16692,16714.5500146617,16692.0240398849
2480,-21139,6357,16686,16684,16686.4878644369,16684.0752061984
2500,823,17418,16693,16712,16693.3228759765,16711.7676657984
2520,20462,-21701,16713,16685,16712.6423637851,16684.5705811915
2540,-20035,1569,16685,16688,16684.5050299736,16688.3507909288
2560,-1714,20488,16697,16708,16696.6982480219,16708.2686672989
2580,21735,-19688,16710,16679,16710.2319032969,16679.3623851219
2600,-18717,-3240,16683,16694,16683.0665967993,16693.5078315544
2620,-4227,22694,16699,16703,16699.447040596,16702.5414094583
2640,22750,-16865,16707,16677,16707.1518890898,16676.8637673132
2660,-17182,-7839,16682,16698,16682.4829170257,16697.985312116
2680,-6654,23896,16702,16696,16702.2417724198,16695.8889055198
2700,23490,-13341,16704,16677,16704.0266424237,16677.2221811354
2720,-15434,-12080,16682,16702,16682.3378170372,16701.7549231785
2740,-9009,24038,16704,16689,16704.365810335,16689.1565437369
2760,23931,-9231,16701,16681,16700.514709669,16680.7221494601
2780,-13514,-15796,16683,16704,16682.9522691737,16703.8410887632
2800,-11230,23128,16706,16683,16706.1110486514,16683.217222374
2820,24087,-4698,16697,16686,16696.696158993,16685.7346764569
2840,-11425,-18831,16684,16704,16684.2028477917,16703.9711197424
2860,-13326,21195,16707,16679,16707.1737203418,16679.3699692771
2880,23933,93,16693,16692,16693.1667075871,16692.1718276701
2900,-9180,-21113,16686,16702,16685.8887785554,16702.474832799
2920,-15257,18344,16708,16678,16707.7380110913,16677.7382681296
2940,23481,4953,16690,16699,16689.9793760653,16698.6807408582
2960,-6830,-22554,16688,16700,16688.0542497201,16699.5698466162
2980,-17009,14714,16708,16679,16707.7278843247,16679.0786987549
3000,22759,9641,16687,16704,16687.1326276495,16704.4466528169
3020,-4383,-23118,16690,16696,16690.3436361895,16696.2107814686
3040,-18568,10516,16707,16683,16706.9910888429,16682.7742069621
3060,21750,13977,16685,16709,16684.6455941033,16708.8931038419
3080,-1866,-22769,16693,16693,16693.0269809176,16692.6558157796
3100,-19909,5896,16706,16688,16705.9916585826,16688.0639445615
3120,20452,17727,16683,16711,16682.899047473,16710.9214943676
3140,686,-21541,16695,16690,16695.4932530137,16689.8255423852
3160,-21022,1105,16704,16694,16704.2447378638,16694.4655783446
3180,18942,20735,16682,16711,16681.5454060478,16710.6440460442
3200,3253,-19431,16698,16689,16698.1748626432,16688.506470614
3220,-21914,-3693,16702,16701,16702.210820984,16700.9702387036
3240,17196,22847,16681,16708,16680.7772362551,16708.4538757179
3260,5792,-16545,16700,16689,16700.3923999558,16688.5461980908
3280,-22550,-8271,16700,16706,16700.1144580322,16706.4746552276
3300,15247,23937,16681,16704,16680.9808440168,16704.4511457811
3320,8284,-12951,16703,16690,16702.5279090177,16690.1715811712
3340,-22954,-12458,16698,16711,16697.5868982207,16710.5256030423
3360,13131,23976,16681,16700,16681.4448292719,16699.7705378647
3380,10688,-8807,16704,16693,16704.0295136509,16693.4865628198
3400,-23098,-16100,16695,16713,16695.053006304,16712.5001733636
3420,10870,22962,16683,16695,16682.5765027181,16695.3306530376
3440,12983,-4234,16705,16698,16705.1736650124,16697.8049324751
3460,-23001,-19081,16693,16712,16692.5818239486,16712.1215082977
3480,8480,20940,16684,16692,16684.0889749434,16691.6330349238
3500,15124,563,16706,16702,16705.7566219263,16702.213576338
3520,-22634,-21274,16690,16710,16690.1624749121,16710.0221048589
3540,6014,18017,16686,16689,16685.8198019057,16689.3095593006
3560,17095,5418,16706,16706,16705.6923338797,16706.1790545237
3580,-22039,-22630,16688,16706,16688.0540775363,16705.8317472136
3600,3486,14348,16688,16689,16688.0843579217,16688.5312180278
3620,18850,10072,16705,16709,16705.1826075594,16709.0500548168
3640,-21178,-23109,16686,16701,16686.2921508686,16700.9539582979
3660,940,10086,16690,16689,16690.3175399972,16689.3863578755
3680,20389,14348,16704,16710,16704.134539731,16710.1408754502
3700,-20099,-22680,16685,16696,16684.9372907494,16695.5696852632
3720,-1597,5441,16693,16691,16692.5773332231,16691.0633860468
3740,21692,18044,16703,16709,16702.6914641103,16709.1107609992
3760,-18779,-21343,16684,16690,16683.8764395829,16690.397931573
3780,-4104,644,16695,16694,16694.764202391,16693.7771661112
3800,22712,20962,16701,16706,16700.8241186093,16705.874459711
3820,-17257,-19182,16683,16686,16683.3172891224,16686.2960474956
3840,-6548,-4136,16697,16696,16696.5092710317,16696.2443839933
3860,23456,22977,16699,16701,16698.7879206851,16700.8195492892
3880,-15516,-16229,16683,16684,16683.2739022402,16683.6255429266
3900,-8904,-8685,16698,16698,16698.1797158113,16697.9390744263
3920,23913,23980,16696,16695,16696.3015909707,16694.8790513457
3940,-13597,-12583,16684,16682,16683.5519672051,16682.3971550221
3960,-11135,-12826,16700,16699,16699.6927563209,16698.6335720423
3980,24077,23914,16694,16688,16693.8063978918,16688.2165123124
4000,-11528,-8375,16684,16682,16684.3625290782,16682.3306530246
4020,-13240,-16407,16701,16698,16700.6074994909,16697.5107628221
4040,23949,22803,16691,16682,16691.2187630838,16682.034526969
4060,-9294,-3780,16685,16684,16685.4035504131,16683.8966943784
4080,-15175,-19314,16701,16695,16701.1110741716,16695.1819835431
4100,23525,20688,16689,16677,16688.9783869577,16677.1007141011
4120,-6942,1043,16687,16686,16686.8678882358,16685.8683920065
4140,-16919,-21439,16701,16692,16701.2971558934,16691.585785689
4160,22793,17687,16687,16674,16686.8303282355,16673.6601609058
4180,-4497,5862,16689,16688,16688.5285257124,16688.05948463
4200,-18493,-22704,16701,16687,16700.9764664703,16687.0751380548
4220,21792,13949,16685,16672,16685.0978115197,16672.311823054
4240,-1991,10495,16691,16690,16690.5753919628,16689.9831379489
4260,-19845,-23092,16700,16683,16700.4304964526,16682.5480929045
4280,20529,9652,16684,16673,16683.6064791935,16672.8432064075
4300,569,14734,16692,16691,16692.2728337456,16690.70800863
4320,-20972,-22587,16699,16678,16699.1187833777,16678.0047311498
4340,19022,4978,16683,16675,16682.6322002453,16674.9080850985
4360,3138,18354,16694,16690,16694.2595507776,16690.3670518268
4380,-21874,-21178,16698,16675,16698.0443158728,16674.6928957545
4400,17286,169,16682,16678,16681.9947717062,16678.1301275946
4420,5688,21199,16696,16689,16696.0869355436,16688.8989913053
4440,-22523,-18930,16696,16672,16696.4156859579,16672.4948273297
4460,15354,-4588,16682,16682,16681.9557497604,16681.9436120623
4480,8162,23121,16697,16687,16697.4840197438,16686.5498252502
4500,-22929,-15905,16695,16672,16694.6576752797,16672.1881516689
4520,13228,-9105,16682,16686,16682.1381747235,16685.56937001
4540,10582,24029,16699,16683,16698.9560011347,16683.3870019237
4560,-23095,-12200,16693,16674,16692.673434332,16673.7357532436
4580,10975,-13196,16683,16689,16683.1063693883,16688.7000752942
4600,12867,23862,16700,16681,16699.7789187772,16680.5163375012
4620,-23002,-7952,16691,16677,16690.9310059815,16676.861324928
4640,8605,-16728,16684,16691,16683.9767898475,16691.0595288117
4660,15017,22648,16700,16678,16700.3294667456,16678.3780965988
4680,-22661,-3320,16689,16681,16689.1491761746,16681.3089564412
4700,6134,-19560,16685,16692,16685.3922454792,16692.1013139639
4720,16999,20448,16701,16678,16700.6123289935,16677.5531863255
4740,-22076,1508,16688,16687,16687.5387319014,16686.696051488
4760,3605,-21610,16687,16693,16687.0279531345,16692.6373518463
4780,18768,17365,16700,16678,16700.3033366941,16678.2746089236
4800,-21229,6329,16686,16692,16686.2162509418,16692.1592548378
4820,1066,-22795,16689,16692,16688.6254873194,16692.1978301066
4840,20320,13561,16700,16681,16699.6368066604,16680.7271185672
4860,-20153,10939,16685,16697,16685.0374934757,16697.3069103698
4880,-1485,-23101,16690,16692,16690.4654946463,16691.8288975568
4900,21619,9223,16699,16685,16698.615386227,16684.8588190468
4920,-18849,15125,16684,16702,16684.3134044623,16701.5886354562
4940,-3999,-22502,16692,16691,16692.1074058867,16691.4014596954
4960,22668,4532,16697,16690,16697.3530838744,16690.2430215942
4980,-17328,18680,16684,16705,16683.7611587758,16704.6531688027
5000,-6428,-21022,16694,16692,16693.8120564573,16691.5979776608
5020,23426,-294,16696,16696,16695.8500748516,16696.16205708
5040,-15605,21441,16684,16706,16683.6158170877,16706.1671792718
5060,-8797,-18688,16695,16693,16694.9600057767,16692.7948685119
5080,23902,-5024,16694,16702,16694.0406937058,16702.2704258266
5100,-13694,23263,16684,16707,16683.8782442159,16706.668564087
5120,-11040,-15589,16696,16695,16696.2211455691,16695.1692124759
5140,24078,-9527,16692,16708,16692.2637623018,16707.8079901565
5160,-11631,24069,16684,16706,16684.4474763934,16706.1557258829
5180,-13139,-11816,16697,16699,16697.1711257122,16698.6592560513
5200,23967,-13577,16690,16712,16690.4250865672,16712.3871507371
5220,-9390,23809,16685,16705,16685.1473221944,16705.4633074308
5240,-15075,-7533,16697,16703,16697.4609711274,16703.0706078102
5260,23538,-17041,16688,16716,16688.4225037618,16715.6996275603
5280,-7059,22502,16686,16705,16686.2868398268,16704.9491696765
5300,-16850,-2875,16698,16708,16697.7502857196,16708.1951205473
5320,22826,-19811,16687,16718,16686.725096416,16717.6873233167
5340,-4614,20203,16687,16705,16687.442382574,16704.7948543006
5360,-18429,1973,16698,16713,16697.6714885022,16713.1089050181
5380,21856,-21778,16685,16718,16685.1553965547,16718.3148820788
5400,-2101,17051,16689,16706,16689.0075963572,16705.6610062068
5420,-19786,6792,16697,16718,16697.1230419693,16718.0591604275
5440,20595,-22884,16684,16718,16684.0218796332,16717.7818903846
5460,451,13179,16690,16708,16690.4157698749,16707.7997267731
5480,-20926,11370,16697,16722,16696.5381324951,16722.0207598753
5500,19100,-23104,16683,16717,16683.2210790735,16716.5320575911
5520,3013,8789,16692,16710,16692.0557000963,16710.1753417682
5540,-21833,15505,16695,16725,16695.2356620395,16724.6826276058
5560,17379,-22415,16683,16715,16682.6890351819,16714.813425751
5580,5553,4075,16693,16714,16693.4749849015,16713.5096347108
5600,-22498,19000,16694,16725,16694.2719573522,16725.4876630298
5620,15443,-20837,16683,16713,16682.5440504035,16713.4844133225
5640,8052,-752,16695,16717,16694.7649093852,16717.131002488
5660,-22930,21674,16693,16725,16692.7854327303,16725.0005754201
5680,13340,-18423,16683,16713,16682.6463493588,16712.584281857
5700,10469,-5479,16696,16720,16695.9213923974,16720.1322799707
5720,-23102,23399,16692,16723,16691.6125191298,16723.1016090252
5740,11083,-15268,16683,16712,16683.1788914485,16712.165606126
5760,12782,-9942,16697,16723,16696.6329406028,16722.7717992825
5780,-23018,24111,16690,16720,16690.129194067,16719.9897371105
5800,8700,-11445,16684,16713,16683.9596227662,16712.5052881764
5820,14926,-13946,16697,16724,16697.2809438022,16723.9559666461
5840,-22682,23751,16689,16716,16688.6972699816,16716.4856439073
5860,6245,-7103,16685,16714,16685.095614201,16713.6684905824
5880,16905,-17346,16698,16724,16697.5723219289,16723.885918539
5900,-22100,22330,16687,16713,16687.2681474194,16713.1056772275
5920,3728,-2410,16686,16715,16686.2282565134,16715.2944083908
5940,18694,-20043,16697,16723,16697.2465206786,16722.6990916074
5960,-21271,19947,16686,16710,16686.1931255147,16710.2150968577
5980,1179,2440,16688,16717,16687.6866415124,16717.1023630006
6000,20256,-21935,16697,16720,16697.0441006989,16720.4060895676
6020,-20202,16714,16685,16708,16685.2275247884,16708.2122390122
6040,-1360,7238,16689,16718,16689.04329371,16718.4660432881
6060,21569,-22961,16696,16717,16696.366892594,16717.0192611902
6080,-18910,12783,16684,16707,16684.386050294,16706.9696292703
6100,-3872,11797,16690,16719,16690.4458251944,16719.3346821026
6120,22624,-23084,16695,16713,16695.150675156,16713.1472803859
6140,-17407,8350,16684,16707,16684.1047900761,16706.9719619666
6160,-6320,15868,16692,16719,16691.7792922566,16719.1574744007
6180,23398,-22306,16694,16709,16693.938581146,16709.4285975798
6200,-15686,3623,16684,16708,16683.9211150348,16707.6277009939
6220,-8684,19284,16693,16718,16692.8556144154,16717.629463121
6240,23889,-20650,16693,16706,16692.6330718695,16706.0057902646
6260,-13793,-1212,16684,16709,16683.963718255,16708.9032942729
6280,-10929,21881,16694,16715,16693.9318421644,16715.2132359548
6300,24078,-18159,16691,16703,16691.1218348326,16703.2395184554
6320,-11721,-5927,16684,16710,16684.2220115917,16710.1071558842
6340,-13050,23524,16695,16712,16694.7536162597,16711.769385617
6360,23971,-14921,16690,16702,16689.6142860563,16701.6017720224
6380,-9502,-10342,16685,16711,16685.0148431362,16710.9881594092
6400,-14988,24120,16695,16708,16695.1580681761,16707.933247461
6420,23565,-11043,16688,16701,16688.0895753836,16701.381721448
6440,-7175,-14297,16686,16711,16685.894729979,16711.1762573743
6460,-16780,23654,16695,16704,16695.3734960938,16704.1015173652
6480,22869,-6656,16687,16702,16686.5191429096,16701.6980541966
6500,-4728,-17633,16687,16711,16687.0656349646,16710.7220563923
6520,-18357,22142,16695,16701,16695.4391595131,16700.6125068076
6540,21911,-1959,16685,16703,16685.3560712417,16702.9235981997
6560,-2226,-20257,16688,16709,16688.0792035192,16709.4380870384
6580,-19719,19674,16695,16698,16694.9614790836,16697.9219234029
6600,20655,2899,16684,16705,16684.3600944852,16704.636577644
6620,336,-22067,16689,16707,16689.3556303326,16707.1649108591
6640,-20887,16356,16694,16696,16694.4943675449,16696.4188805508
6660,19163,7681,16684,16706,16683.6859470571,16706.1812347406
6680,2896,-22998,16691,16705,16690.5019015117,16704.6936102274
6700,-21801,12372,16694,16696,16693.6398247985,16696.1111729151
6720,17453,12199,16683,16707,16683.1521874296,16707.4939296978
6740,5449,-23046,16692,16702,16691.8154787989,16701.9427726203
6760,-22475,7906,16693,16697,16692.875893256,16696.7935532094
6780,15533,16219,16683,16708,16682.9174093255,16708.0228778517
6800,7940,-22179,16693,16699,16692.9977505803,16699.4668320608
6820,-22913,3158,16692,16698,16691.6711204192,16698.269021809
6840,13432,19571,16683,16708,16683.1550116012,16707.7945568631
6860,10363,-20438,16694,16697,16693.7741493531,16697.2938301318
6880,-23102,-1675,16691,16700,16690.5502889582,16700.4422078429
6900,11195,22075,16683,16706,16683.428823538,16706.3577077377
6920,12669,-17879,16695,16696,16694.7190396833,16695.8253345136
6940,-23034,-6368,16689,16702,16689.2732683843,16702.3532251832
6960,8830,23606,16684,16704,16684.1526244999,16704.2758845424
6980,14827,-14564,16695,16696,16695.2294699547,16695.5355336062
7000,-22708,-10741,16688,16704,16688.3837708027,16704.1900981814
7020,6364,24108,16685,16701,16685.1549894574,16701.4697610626
7040,16820,-10638,16695,16696,16695.2732207803,16695.6489720496
7060,-22127,-14628,16687,16705,16687.1216521072,16705.0891323549
7080,3841,23537,16686,16699,16685.9484764235,16698.7897452789
7100,18622,-6222,16695,16697,16695.4243370801,16697.0034470878
7120,-21314,-17905,16686,16705,16686.1829985115,16705.158444987
7140,1303,21920,16687,16696,16687.091680149,16695.9881215293
7160,20191,-1492,16695,16698,16695.0900133748,16698.4823179577
7180,-20264,-20446,16685,16704,16685.3431764386,16704.448912906
7200,-1251,19374,16688,16694,16688.1533056077,16693.9041037835
7220,21520,3362,16695,16700,16694.5441232943,16700.0878910881
7240,-18975,-22166,16685,16703,16684.6302613808,16702.5253693891
7260,-3769,15984,16689,16693,16689.4405135851,16692.5917512098
7280,22583,8128,16694,16702,16693.7876607339,16701.6745128141
7300,-17481,-23019,16684,16700,16684.3250020176,16699.9099791516
7320,-6215,11946,16691,16692,16690.5303329001,16692.1467731311
7340,23369,12600,16693,16702,16692.7449415266,16702.4712768326
7360,-15777,-22978,16684,16697,16684.0591331574,16697.0288446628
7380,-8580,7452,16692,16692,16691.5176595934,16692.2807918272
7400,23882,16552,16692,16702,16691.6575570904,16702.2379830396
7420,-13878,-22025,16684,16694,16684.0456957414,16693.9302583369
7440,-10834,2687,16692,16693,16692.3877042295,16693.1033032746
7460,24083,19826,16690,16701,16690.2879344973,16701.2176339275
7480,-11825,-20207,16684,16691,16684.3329577955,16691.3322502089
7500,-12952,-2130,16693,16694,16693.2808964459,16693.9879584035
7520,23983,22245,16689,16699,16689.0210259892,16699.0877215254
7540,-9611,-17566,16685,16689,16684.8806195994,16688.9403898784
7560,-14905,-6790,16694,16695,16693.5621201637,16694.9202750853
7580,23603,23687,16688,16696,16687.7558673765,16695.8265865882
7600,-7275,-14205,16686,16688,16685.5113811296,16687.5095915674
7620,-16691,-11121,16694,16695,16693.82965896,16695.1278399357
7640,22914,24075,16687,16692,16686.6759337069,16692.0488495102
7660,-4847,-10221,16686,16687,16686.4153475112,16686.5287618155
7680,-18297,-14950,16694,16695,16693.8129812669,16694.8174723712
7700,21943,23405,16686,16688,16685.5603901092,16688.1934070443
7720,-2350,-5765,16688,16686,16687.5028038533,16686.3765538705
7740,-19670,-18164,16694,16694,16693.593689424,16693.5303010218
7760,20742,21711,16685,16685,16684.6917469041,16684.6928460108
7780,215,-1031,16689,16687,16688.5661676836,16686.6368147393
7800,-20832,-20625,16693,16692,16693.1821668742,16691.5518836161
7820,19246,19064,16684,16682,16683.9205853317,16681.7038976452
7840,2771,3821,16689,16687,16689.4516267407,16687.3132331689
7860,-21757,-22269,16692,16689,16692.3471346021,16688.8848983432
7880,17541,15614,16683,16680,16683.4853071063,16679.6376435657
7900,5327,8561,16691,16688,16690.5423143928,16687.7589957664
7920,-22450,-23038,16692,16686,16691.9137991593,16685.9297118304
7940,15624,11535,16683,16678,16683.3159922515,16678.4043102505
7960,7827,12999,16692,16688,16691.5519347214,16687.8638045915
7980,-22896,-22917,16691,16683,16690.8918862796,16682.6303070636
8000,13543,7000,16683,16678,16683.3909983509,16678.4617316139
8020,10248,16911,16692,16688,16692.4318214723,16687.5813066986
8040,-23090,-21882,16690,16680,16689.9871488436,16679.7885591054
8060,11297,2220,16684,16679,16683.6124628934,16679.169908553
8080,12564,20094,16693,16686,16693.091756447,16686.3784510311
8100,-23038,-19977,16689,16677,16689.0551405736,16677.3139474982
8120,8935,-2588,16684,16680,16684.0331604582,16680.2510180423
8140,14735,22413,16694,16685,16693.5811809808,16684.7111650131
8160,-22729,-17271,16688,16676,16687.9033039177,16675.7713724057
8180,6484,-7220,16685,16682,16684.7800476886,16681.5722087126
8200,16740,23760,16694,16683,16693.9439653329,16682.5975980849
8220,-22170,-13832,16687,16675,16686.9549518095,16675.2260241077
8240,3967,-11508,16686,16683,16685.5185707942,16682.8784165745
8260,18535,24052,16694,16680,16693.9051593825,16680.4261651575
8280,-21357,-9818,16686,16676,16686.0867089016,16675.9085129982
8300,1416,-15294,16687,16684,16686.6071224876,16683.9047964156
8320,20120,23281,16694,16678,16693.6654640389,16678.2551098073
8340,-20313,-5333,16685,16677,16685.2652487207,16677.2931224565
8360,-1123,-18442,16688,16685,16687.5343222742,16684.6274340202
8380,21462,21483,16693,16677,16693.3772379541,16676.7332235739
8400,-19043,-563,16685,16680,16684.7987495355,16679.6342932919
8420,-3643,-20823,16689,16685,16688.5592836929,16684.5409993981
8440,22538,18775,16693,16676,16692.5551149421,16676.1270911227
8460,-17549,4292,16684,16682,16684.4376952752,16682.3364121227
8480,-6097,-22390,16690,16684,16689.6687982773,16684.499539799
8500,23340,15254,16692,16677,16691.8575425257,16676.7018326361
8520,-15857,9016,16684,16685,16684.1749288918,16685.1870529211
8540,-8459,-23082,16690,16684,16690.4793274615,16684.105533278
8560,23848,11115,16691,16678,16691.0218466589,16678.3615507293
8580,-13971,13395,16684,16688,16684.1381782292,16688.07607072
8600,-10729,-22866,16691,16684,16691.3457404561,16683.8360545139
8620,24083,6557,16690,16681,16689.8098238579,16680.9477449478
8640,-11931,17253,16684,16690,16684.4129379266,16690.3511903342
8660,-12852,-21757,16692,16684,16691.8485562009,16683.5881191749
8680,24002,1771,16689,16684,16688.7383536451,16684.2024618159
8700,-9724,20358,16685,16692,16684.8804127771,16691.9373534814
8720,-14825,-19776,16692,16684,16692.3333922823,16684.3261758057
8740,23619,-3027,16688,16688,16687.71283044,16688.1959446991
8760,-7396,22594,16685,16693,16685.4095620155,16693.2267207348
8780,-16611,-16991,16692,16686,16692.4807782933,16685.7651233532
8800,22950,-7646,16687,16692,16686.5051663683,16692.0631896815
8820,-4952,23824,16686,16694,16686.0833018214,16693.6210844628
8840,-18206,-13476,16693,16688,16692.8120404524,16687.8708791958
8860,22004,-11900,16686,16696,16685.6501210958,16695.8680704166
8880,-2465,24010,16687,16694,16686.7149142921,16694.1733214897
8900,-19607,-9388,16692,16691,16692.4185567046,16690.9525661561
8920,20785,-15636,16685,16699,16684.7967433585,16699.1147800126
8940,99,23147,16688,16694,16687.9155716484,16694.3469409824
8960,-20788,-4855,16692,16694,16692.2787200379,16694.4183211644
8980,19315,-18728,16684,16702,16684.2611204542,16701.7584459837
9000,2662,21262,16689,16695,16688.7380172352,16695.2103935738
9020,-21717,-63,16692,16698,16691.7210603284,16698.4562116763
9040,17630,-21065,16684,16704,16683.7926677734,16703.8139226276
9060,5206,18478,16690,16696,16689.609754641,16696.3712814497
9080,-22427,4798,16691,16703,16690.9762003092,16702.9534229889
9100,15723,-22557,16683,16705,16683.4855533324,16704.883872263
9120,7709,14910,16691,16698,16690.6685382846,16698.2158030104
9140,-22884,9487,16690,16707,16690.3667768346,16706.5976875004
9160,13634,-23181,16683,16706,16683.4107291164,16705.7825172066
9180,10141,10735,16691,16701,16691.4756119624,16700.6789801112
9200,-23079,13817,16689,16710,16689.493626816,16710.0622224536
9220,11401,-22867,16684,16706,16683.8389412663,16706.0108904571
9240,12461,6163,16692,16704,16691.9809440031,16703.8353154333
9260,-23040,17583,16689,16713,16688.6051727902,16712.5535936714
9280,9048,-21664,16684,16707,16684.1090117766,16706.5071128547
9300,14631,1378,16692,16707,16692.4758857556,16707.3005903149
9320,-22747,20589,16688,16714,16687.775589353,16714.2657253993
9340,6592,-19577,16685,16707,16684.5840011961,16707.0381212211
9360,16643,-3405,16693,16711,16692.99365771,16710.7512613658
9380,-22198,22711,16687,16715,16686.831932247,16714.8722678683
9400,4081,-16683,16686,16708,16685.5772270516,16707.8976862804
9420,18465,-8015,16693,16714,16692.8354557716,16713.9656868501
9440,-21412,23831,16686,16715,16686.120097215,16714.7333202709
9460,1531,-13081,16686,16709,16686.1847413778,16709.1917957245
9480,20055,-12252,16693,16717,16692.9284131732,16716.6406697267
9500,-20374,23916,16685,16714,16685.4099234108,16714.245563335
9520,-999,-8899,16687,16711,16687.101554071,16710.8338292425
9540,21403,-15975,16692,16718,16692.39154093,16718.2175849221
9560,-19102,22949,16685,16713,16684.6602816293,16713.2468585603
9580,-3522,-4313,16688,16713,16687.9902074388,16712.8125881154
9600,22495,-19052,16692,16719,16691.8677960263,16719.1800799822
9620,-17636,20999,16684,16712,16684.4878151842,16712.3061087601
9640,-5988,517,16689,16715,16688.89760166,16715.0096613713
9660,23316,-21338,16691,16719,16691.3432476213,16719.2846486577
9680,-15940,18169,16684,16712,16684.3111977557,16711.6589290936
9700,-8354,5356,16690,16717,16689.744547953,16716.9603096637
9720,23844,-22790,16690,16718,16690.4888289518,16718.4009744672
9740,-14072,14582,16684,16711,16684.2568810057,16711.3622542734
9760,-10631,10012,16690,16718,16690.314485869,16718.4547333302
9780,24073,-23327,16690,16717,16689.5401047178,16716.9658713198
9800,-12022,10413,16684,16712,16684.4200533126,16711.5588813806
9820,-12756,14239,16691,16719,16690.9331526389,16719.433748679
9840,24007,-22942,16688,16715,16688.3391453779,16715.1322677614
9860,-9815,5843,16685,16712,16684.5999581259,16712.4098663762
9880,-14739,17883,16692,16720,16691.5453842639,16719.6684341701
9900,23633,-21599,16687,16713,16687.4811907519,16713.1267833467
9920,-7500,1066,16685,16713,16685.2729456254,16713.467209487
9940,-16535,20760,16692,16719,16691.7874511525,16718.9840880589
9960,22989,-19379,16686,16711,16686.439962879,16711.4939062933
9980,-5075,-3735,16686,16714,16685.7447461198,16714.4230054839
10000,-18153,22744,16692,16717,16691.826967748,16717.4034621589
10020,22050,-16359,16686,16710,16685.8048434787,16710.0457676697
10040,-2567,-8331,16686,16715,16686.4156042358,16715.3312298189
10060,-19544,23750,16692,16715,16691.7866057909,16715.2320799495
10080,20845,-12627,16685,16709,16684.8036373812,16709.3584296749
10100,-17,-12584,16687,16716,16687.408470635,16715.9771358555
10120,-20735,23724,16691,16713,16691.3724948758,16712.7593254893
10140,19400,-8351,16684,16709,16684.3205096477,16709.0793456828
10160,2538,-16314,16688,16716,16688.0456760838,16715.7599003425
10180,-21698,22694,16691,16710,16690.9896759098,16710.2200386321
10200,17705,-3683,16684,16709,16684.0219461264,16709.3390507579
10220,5089,-19379,16689,16715,16688.9770968244,16714.9676874203
10240,-22403,20705,16691,16708,16690.6510057239,16707.875388629
10260,15818,1146,16684,16710,16683.5400665842,16709.9172931846
10280,7592,-21645,16690,16714,16689.7912117599,16713.5558853222
10300,-22873,17846,16690,16706,16689.9513640594,16706.0589858404
10320,13730,5950,16684,16711,16683.6148360248,16710.5325253714
10340,10028,-23048,16691,16711,16690.5421676864,16711.4540467954
10360,-23083,14269,16689,16705,16688.9953268473,16704.7471746783
10380,11504,10520,16684,16711,16683.8074815902,16711.1016144714
10400,12348,-23498,16691,16709,16691.1040090527,16709.1150513666
10420,-23048,10095,16688,16704,16688.3671482695,16704.189133454
10440,9143,14647,16684,16711,16684.0991183922,16711.0609499881
10460,14539,-22980,16692,16707,16691.8028275275,16706.610441867
10480,-22760,5533,16688,16704,16687.5808134162,16704.1922204223
10500,6715,18161,16684,16711,16684.4294734563,16710.6392158906
10520,16551,-21524,16692,16704,16691.921904684,16704.2346457447
10540,-22237,760,16687,16705,16686.7603255062,16704.5862686271
10560,4203,20893,16685,16710,16685.1882448729,16709.5286077864
10580,18378,-19160,16692,16702,16692.035066262,16702.3744011877
10600,-21444,-4038,16686,16705,16686.0599832802,16705.3208619758
10620,1645,22735,16686,16708,16685.8921216842,16707.7959283152
10640,19985,-15997,16692,16701,16691.8851960743,16700.9525758319
10660,-20420,-8658,16686,16706,16685.5321377232,16705.9325325023
10680,-892,23632,16687,16705,16686.7128478836,16705.3897161546
10700,21351,-12161,16692,16700,16691.6338657544,16699.9558063804
10720,-19177,-12920,16685,16706,16684.8452124065,16706.2481404905
10740,-3409,23517,16688,16703,16687.5440283829,16703.2112951393
10760,22459,-7796,16691,16700,16691.2177917631,16699.5026180186
10780,-17691,-16625,16685,16706,16684.7064367014,16705.9735523929
10800,-5862,22430,16688,16700,16688.2869950777,16700.4437667564
10820,23284,-3111,16691,16700,16690.6610866459,16699.8125697417
10840,-16030,-19671,16684,16705,16684.3914683658,16705.1035785861
10860,-8246,20390,16689,16698,16689.1039254208,16698.296840773
10880,23826,1729,16690,16700,16689.9453173035,16700.3236751269
10900,-14158,-21899,16684,16703,16684.2175879913,16703.3818009156
10920,-10527,17518,16690,16696,16689.6882522495,16696.4386635198
10940,24060,6495,16689,16701,16689.1517386772,16700.6581289244
10960,-12117,-23215,16684,16701,16684.474384669,16701.4983041789
10980,-12665,13918,16690,16695,16690.3925816117,16695.1987844089
11000,24025,10977,16688,16701,16688.2401139933,16701.1597270889
11020,-9927,-23573,16685,16699,16684.7647152872,16699.0423621532
11040,-14645,9743,16691,16694,16690.6151030984,16694.3495022484
11060,23660,15018,16687,16701,16687.4970680811,16700.7234726965
11080,-7603,-22942,16685,16696,16685.0639619556,16696.2740426707
11100,-16461,5165,16691,16694,16690.9186321166,16694.1335452579
11120,23025,18413,16687,16700,16686.5639972385,16699.9419603045
11140,-5185,-21362,16686,16694,16685.5775608111,16693.6928748789
11160,-18078,383,16691,16694,16691.0174372717,16694.222685191
11180,22108,21027,16686,16698,16685.7838341333,16698.4302031877
11200,-2703,-18890,16686,16691,16686.2499399241,16691.3441816948
11220,-19495,-4414,16691,16694,16691.1499842763,16694.3825032566
11240,20915,22772,16685,16696,16685.1317104355,16696.001821038
11260,-149,-15635,16687,16689,16686.9661437531,16689.2180583504
11280,-20680,-9011,16691,16694,16690.8870069818,16694.1610428046
11300,19473,23566,16684,16693,16684.2134114685,16693.4653227084
11320,2423,-11713,16688,16688,16687.7938835165,16687.9686757906
11340,-21645,-13259,16690,16694,16690.4505366236,16693.7288666257
11360,17793,23374,16684,16690,16684.0753622902,16690.3729738976
11380,4977,-7298,16688,16687,16688.409765068,16686.9978814102
11400,-22380,-16943,16690,16693,16690.0840980198,16692.7144516085
11420,15913,22202,16684,16687,16683.8242570195,16687.4312158212
11440,7482,-2589,16689,16686,16689.2236649308,16686.4814332535
11460,-22843,-19927,16689,16691,16689.2782606038,16691.1554522537
11480,13838,20108,16684,16685,16683.7093861232,16684.6091484056
11500,9921,2238,16690,16686,16689.8401524171,16686.3578469592
11520,-23082,-22064,16689,16689,16688.8327878422,16688.9419972785
11540,11624,17180,16684,16682,16683.8120965869,16682.102579908
11560,12252,6953,16690,16686,16690.4374395077,16686.0187757949
11580,-23048,-23304,16688,16686,16688.0523535912,16686.2358471607
11600,9261,13534,16684,16680,16684.0774320471,16680.4134572552
11620,14434,11394,16691,16686,16690.9316440906,16685.6460019589
11640,-22788,-23556,16687,16683,16687.4824308706,16683.3872474855
11660,6825,9336,16685,16679,16684.6005124269,16679.1616060026
11680,16460,15355,16691,16685,16691.139004033,16684.8296868356
11700,-22260,-22841,16687,16681,16686.8190583433,16680.5103789408
11720,4322,4734,16685,16678,16685.1125597739,16678.3073837036
11740,18306,18678,16691,16684,16691.3342073978,16683.628115343
11760,-21485,-21153,16686,16678,16686.1451674896,16677.6371794509
11780,1774,-60,16686,16678,16685.8391879537,16678.1939840713
11800,19920,21210,16691,16682,16691.184990306,16682.0465371599
11820,-20482,-18595,16685,16675,16685.4572230341,16675.4689189684
11840,-769,-4847,16686,16678,16686.31835249,16678.2237696596
11860,21285,22869,16691,16680,16691.0894601418,16679.9707771759
11880,-19230,-15252,16685,16674,16685.2651130957,16673.7225392288
11900,-3292,-9443,16687,16678,16687.1576327458,16678.4312505258
11920,22408,23572,16691,16678,16690.8200261114,16677.7520399983
11940,-17772,-11284,16685,16673,16684.5984055606,16672.6997219719
11960,-5757,-13627,16688,16679,16687.8576911718,16678.6366247045
11980,23251,23282,16690,16676,16690.1366711688,16675.52690524
12000,-16107,-6837,16685,16673,16684.5041657765,16672.75369935
12020,-8134,-17258,16688,16678,16688.4070275722,16678.3359594701
12040,23808,22030,16690,16673,16689.5975512695,16673.4343594933
12060,-14246,-2119,16684,16673,16684.2677945303,16673.0479529833
12080,-10419,-20162,16689,16678,16689.1955745414,16678.124604742
12100,24064,19854,16689,16672,16688.845632712,16671.8489370183
12120,-12214,2687,16684,16674,16684.4569919129,16673.9640450929
12140,-12575,-22229,16690,16677,16689.6637537689,16677.2283728208
12160,24024,16853,16688,16671,16687.9208606295,16671.1998427022
12180,-10027,7393,16685,16675,16684.5687078449,16675.4378682071
12200,-14558,-23361,16690,16676,16690.2258137763,16676.2525568646
12220,23684,13151,16687,16671,16687.2370626889,16671.1246322981
12240,-7716,11799,16685,16677,16685.0590193224,16676.8698765358
12260,-16381,-23526,16690,16675,16690.4404487726,16675.3322653307
12280,23063,8902,16686,16672,16686.3325308639,16671.9048656451
12300,-5306,15691,16686,16678,16685.520791139,16678.196742083
12320,-17998,-22719,16690,16675,16690.4920069579,16674.620503787
12340,22148,4281,16686,16674,16685.8367161339,16673.5333255024
12360,-2812,18950,16686,16679,16685.9088130957,16679.3137018639
12380,-19427,-20942,16690,16674,16690.4093330741,16674.2544136455
12400,20973,-532,16685,16676,16685.1579223,16675.7520315392
12420,-265,21405,16687,16680,16686.7048487992,16679.9369479884
12440,-20627,-18307,16690,16674,16690.210317617,16674.3587769899
12460,19533,-5298,16685,16678,16684.6151504903,16678.3535133569
12480,2290,22971,16687,16681,16687.3723051133,16680.7571470183
12500,-21605,-14909,16690,16676,16690.0992688481,16675.5405985578
12520,17868,-9862,16684,16681,16684.2804559564,16681.1584889713
12540,4866,23582,16688,16681,16688.0349369433,16681.0745006677
12560,-22343,-10887,16690,16677,16689.5647172103,16677.3238400256
12580,16003,-14008,16684,16684,16684.079129317,16683.7084024318
12600,7368,23216,16689,16681,16688.6964875149,16681.3971415391
12620,-22836,-6397,16689,16680,16689.2075488003,16679.8057014181
12640,13939,-17580,16684,16686,16683.8996536797,16686.0771428748
12660,9809,21863,16690,16682,16689.5077468606,16682.0942072745
12680,-23078,-1666,16689,16683,16688.6274557975,16682.6924545824
12700,11718,-20406,16684,16688,16683.8984950656,16688.1391384143
12720,12145,19616,16690,16683,16689.7817392092,16683.1356015003
12740,-23062,3155,16688,16686,16688.0567211968,16686.235246767
12760,9380,-22390,16684,16690,16684.1525664212,16689.603480101
12780,14331,16541,16690,16685,16690.2169370418,16684.6784339725
12800,-22805,7854,16687,16690,16687.427884244,16689.5511643551
12820,6945,-23440,16685,16691,16684.513576054,16690.8597022106
12840,16378,12787,16691,16687,16690.5470234104,16686.8767378781
12860,-22280,12202,16687,16693,16686.6832812489,16692.989063175
12880,4428,-23521,16685,16692,16684.9325251819,16692.0922461639
12900,18214,8474,16691,16690,16690.7733418284,16689.5446855446
12920,-21528,16055,16686,16696,16686.0307704839,16695.9428987939
12940,1890,-22597,16686,16693,16685.5924987305,16692.8580882161
12960,19846,3821,16691,16693,16690.7526807452,16692.5351877899
12980,-20529,19238,16686,16698,16685.5665850946,16698.4312163861
13000,-648,-20751,16686,16694,16686.1920331348,16694.004286668
13020,21233,-976,16691,16696,16690.6714458549,16695.9219447872
13040,-19299,21621,16685,16700,16685.1184948887,16700.216334567
13060,-3179,-18026,16687,16695,16686.8425796005,16695.2657590449
13080,22366,-5761,16690,16699,16690.3472296852,16699.2732976741
13100,-17842,23095,16685,16701,16684.8828674211,16701.4448312831
13120,-5646,-14555,16688,16697,16687.574842858,16696.8610987522
13140,23216,-10288,16690,16702,16689.7713794114,16702.2033883082
13160,-16195,23622,16685,16702,16684.5435751706,16702.3832974501
13180,-8031,-10482,16688,16699,16688.1305753038,16698.8000476895
13200,23772,-14393,16689,16705,16689.3583530735,16705.2398506289
13220,-14339,23142,16685,16703,16684.5186725807,16702.8009131255
13240,-10316,-5970,16689,16701,16688.5910026523,16701.3363276022
13260,24058,-17901,16689,16707,16688.6940124245,16706.9914596791
13280,-12307,21720,16685,16703,16684.5356946396,16703.1647132874
13300,-12473,-1197,16689,16704,16689.2622055712,16703.743580498
13320,24037,-20650,16688,16709,16687.9839384783,16708.5390413039
13340,-10134,19378,16685,16704,16684.644292719,16703.5443491778
13360,-14471,3623,16690,16706,16689.6875654248,16706.1669677808
13380,23714,-22542,16687,16709,16687.2417410815,16709.2886078527
13400,-7824,16217,16685,16704,16684.9350042909,16704.0577479201
13420,-16296,8286,16690,16708,16689.8619375398,16708.4494009551
13440,23096,-23524,16686,16709,16686.4626161709,16709.1790665747
13460,-5412,12397,16685,16705,16685.3183123026,16704.908530707
13480,-17933,12598,16690,16710,16689.9789638416,16710.3289449297
13500,22190,-23493,16686,16709,16686.008657143,16708.6640991733
13520,-2924,8055,16686,16706,16685.8132212881,16706.0676016438
13540,-19369,16413,16690,16712,16690.0528574441,16711.5935210469
13560,21033,-22476,16685,16708,16685.2147510183,16708.2122886857
13580,-384,3378,16686,16707,16686.3164575465,16707.208893111
13600,-20572,19525,16690,16712,16689.8972982,16712.3771480736
13620,19611,-20550,16685,16707,16684.7400938629,16707.2620149044
13640,2177,-1444,16687,16709,16686.9707430994,16708.7625001853
13660,-21561,21814,16690,16712,16689.7045078054,16711.9221791984
13680,17954,-17747,16684,16707,16684.2746630467,16706.7818466158
13700,4743,-6212,16688,16710,16687.701237024,16709.9539495796
13720,-22317,23198,16689,16711,16689.3291379318,16711.3644329083
13740,16092,-14202,16684,16706,16684.0488873838,16706.2798847732
13760,7249,-10712,16688,16711,16688.2974199251,16711.0085063431
13780,-22822,23622,16689,16710,16688.9414534643,16710.0932499967
13800,14043,-10069,16684,16706,16683.8538059002,16706.3052294685
13820,9703,-14762,16689,16712,16688.854916605,16711.5675418645
13840,-23065,23065,16688,16709,16688.4224016929,16708.5866628588
13860,11824,-5519,16684,16707,16683.9579963311,16706.6742951624
13880,12031,-18211,16689,16712,16689.2849126251,16711.5472447344
13900,-23076,21536,16688,16707,16687.6157287507,16706.9344023233
13920,9491,-738,16684,16707,16684.1690178786,16707.0758299616
13940,14246,-20892,16690,16711,16689.5932636378,16710.9367267634
13960,-22823,19106,16687,16706,16687.2217073369,16705.644645449
13980,7051,4076,16684,16708,16684.493728872,16707.9487984758
14000,16287,-22693,16690,16710,16690.0302981239,16709.9765497505
14020,-22328,15890,16687,16704,16686.6517988292,16704.4695472128
14040,4555,8720,16685,16708,16684.8314170618,16708.2867441739
14060,18126,-23557,16690,16708,16690.408564796,16708.431270302
14080,-21577,12005,16686,16704,16686.0970562825,16703.8342016403
14100,2016,13005,16686,16709,16685.504318496,16708.6309812205
14120,19773,-23442,16690,16707,16690.3373028662,16706.6726995881
14140,-20580,7625,16686,16704,16685.6071514553,16703.7711253143
14160,-534,16739,16686,16709,16686.0060417112,16708.6739293998
14180,21179,-22340,16690,16705,16690.1425914636,16704.8831533548
14200,-19357,2913,16685,16704,16685.2244164162,16703.8002124692
14220,-3063,19776,16687,16708,16686.7072681266,16708.2218120921
14240,22309,-20309,16690,16703,16689.8836055073,16703.1896778741
14260,-17918,-1906,16685,16704,16684.9057959047,16704.3497683931
14280,-5532,21986,16687,16708,16687.24941341,16707.6250616868
14300,23185,-17436,16689,16702,16689.4175108236,16702.0626187517
14320,-16279,-6655,16685,16705,16684.6728322812,16704.9686819971
14340,-7925,23279,16688,16706,16687.6933598202,16706.1828830372
14360,23769,-13834,16689,16701,16689.1319781053,16701.3398934362
14380,-14424,-11117,16684,16706,16684.2737182172,16705.626894149
14400,-10218,23611,16688,16705,16688.3078615753,16704.7444642377
14420,24047,-9651,16688,16701,16688.4207232173,16701.1001127566
14440,-12415,-15128,16685,16706,16684.5763255275,16706.0180848173
14460,-12375,22955,16689,16703,16688.7159984159,16703.213041688
14480,24041,-5072,16688,16701,16687.7648232513,16701.3474860519
14500,-10241,-18495,16685,16706,16684.578272088,16706.194350802
14520,-14380,21337,16689,16702,16688.9326268821,16701.8288758037
14540,23734,-277,16687,16702,16687.1166423736,16702.1749387269
14560,-7945,-21098,16685,16706,16684.7837978458,16705.9520485846
14580,-16208,18831,16689,16701,16689.4686764483,16700.8840219609
14600,23133,4531,16687,16703,16686.5797718532,16703.2880120232
14620,-5521,-22822,16685,16705,16685.1332947617,16705.3426975205
14640,-17863,15530,16690,16700,16689.6648699631,16700.3956647771
14660,22248,9147,16686,16704,16685.9692752559,16704.3100867886
14680,-3043,-23584,16686,16705,16685.5938644208,16704.516603045
14700,-19314,11602,16690,16700,16689.6183888394,16700.4176394347
14720,21093,13382,16685,16705,16685.2577464488,16705.3005750564
14740,-502,-23371,16686,16704,16686.1601973197,16703.6425661014
14760,-20531,7175,16690,16701,16689.5269191537,16701.16432727
14780,19680,17049,16685,16706,16684.8396225284,16706.3166073848
14800,2058,-22187,16687,16703,16686.5693093041,16702.6391705904
14820,-21518,2448,16689,16702,16689.4502997438,16702.3002712523
14840,18032,20014,16684,16707,16684.4732175127,16706.8632228077
14860,4625,-20063,16687,16702,16687.4235726027,16702.4050073278
14880,-22284,-2371,16689,16704,16688.9911648763,16703.9401958681
14900,16189,22151,16684,16707,16684.0286911082,16706.9664889878
14920,7133,-17116,16688,16702,16687.8850481604,16701.9935028498
14940,-22807,-7092,16689,16706,16688.5632846747,16705.5493131183
14960,14143,23362,16684,16707,16683.8918872624,16706.9988917737
14980,9580,-13454,16688,16703,16688.4028760095,16702.5031669944
15000,-23050,-11524,16688,16707,16688.2130642069,16707.2116048396
15020,11938,23587,16684,16706,16684.009856509,16706.492894902
15040,11930,-9222,16689,16703,16689.0445954022,16703.4787299936
15060,-23080,-15480,16688,16709,16687.5713618193,16708.7212224894
15080,9607,22839,16684,16706,16684.1607277225,16706.3441621341
15100,14135,-4613,16689,16705,16689.3976258878,16705.0252998916
15120,-22833,-18785,16687,16710,16687.2565809654,16710.0533621739
15140,7177,21138,16684,16706,16684.4969157535,16706.2360612871
15160,16185,190,16690,16707,16689.5761591574,16707.0245040611
15180,-22346,-21297,16687,16711,16686.6481179887,16710.987599548
15200,4673,18553,16685,16706,16684.7651706887,16706.4552551955
15220,18053,4985,16690,16709,16689.7901175383,16709.3253632287
15240,-21607,-22923,16686,16712,16685.9582405907,16711.639456958
15260,2128,15190,16685,16707,16685.3646967112,16707.3051973755
15280,19700,9586,16690,16711,16689.7957427529,16711.4427234944
15300,-20631,-23608,16686,16712,16685.6478744383,16711.8826551102
15320,-419,11203,16686,16709,16685.7673022941,16708.7483690448
15340,21112,13762,16690,16714,16689.6726570918,16713.9463973017
15360,-19427,-23303,16685,16712,16685.1201256223,16712.3423483311
15380,-2953,6734,16686,16710,16686.3660491001,16710.4295861919
15400,22268,17381,16690,16716,16689.5306958042,16715.5638974115
15420,-17992,-22034,16685,16713,16684.7996345175,16712.8676128231
15440,-5405,2002,16687,16713,16686.7443681112,16712.8090785012
15460,23149,20268,16689,16717,16689.3438900463,16717.4206326042
15480,-16352,-19829,16685,16713,16684.5670988748,16713.4183586483
15500,-7815,-2831,16687,16715,16687.4282498531,16715.3833597389
15520,23746,22322,16689,16719,16688.8835479973,16718.7589223837
15540,-14513,-16804,16685,16714,16684.5445454385,16714.4302446369
15560,-10107,-7534,16688,16718,16688.0247146189,16717.9964179318
15580,24046,23438,16688,16719,16688.4463511287,16719.4817896651
15600,-12510,-13076,16685,16716,16684.6018133244,16715.7821204013
15620,-12273,-11935,16688,16721,16688.4955069692,16720.640458284
15640,24047,23588,16688,16720,16687.724670187,16720.164352259
15660,-10347,-8811,16685,16718,16684.5209765678,16717.8333312953
15680,-14281,-15834,16689,16723,16688.7519151113,16723.0475807035
15700,23755,22731,16687,16721,16687.1697070031,16720.8770180334
15720,-8058,-4170,16685,16720,16684.8326614526,16720.1019476744
15740,-16148,-19072,16689,16725,16689.1560931511,16724.9296537125
15760,23169,20944,16686,16722,16686.4556244763,16721.5376824056
15780,-5651,655,16685,16723,16685.1261473133,16722.6886463202
15800,-17793,-21519,16689,16727,16689.1992826585,16726.6240608833
15820,22287,18273,16686,16722,16685.9824903996,16722.2180323335
15840,-3166,5441,16685,16725,16685.4768212199,16725.2051057117
15860,-19236,-23068,16689,16728,16689.3320042123,16727.5217980255
15880,21154,14846,16685,16723,16685.310920995,16723.4015563372
15900,-617,10008,16686,16728,16685.919191401,16727.6500643702
15920,-20481,-23655,16689,16728,16689.3174889164,16728.0151686597
15940,19751,10794,16685,16725,16684.7779514534,16724.7175241671
15960,1947,14157,16686,16730,16686.4153703431,16729.7250298741
15980,-21486,-23239,16689,16728,16688.9319871825,16728.0467754934
16000,18117,6295,16684,16726,16684.4787134466,16726.0584888961
16020,4518,17715,16687,16731,16687.0527997707,16731.0030967158
16040,-22262,-21879,16689,16728,16688.66008799,16727.8233790512
16060,16266,1525,16684,16727,16684.206975516,16727.4781959183
16080,7027,20525,16688,16732,16687.5857433425,16731.5984954119
16100,-22775,-19595,16688,16727,16688.4031958877,16727.216650866
16120,14232,-3300,16684,16729,16683.9570896253,16728.7173982869
16140,9473,22489,16688,16731,16688.1904879531,16731.2648687685
16160,-23059,-16498,16688,16727,16688.0232308392,16726.5614037759
16180,12049,-7986,16684,16729,16684.0814532219,16729.4210075484
16200,11820,23513,16689,16730,16688.735879051,16729.908436851
16220,-23084,-12701,16688,16726,16687.5167344837,16725.6163077923
16240,9715,-12345,16684,16729,16684.1166412586,16729.2700674739
16260,14043,23554,16689,16728,16689.0087347507,16727.6435260928
16280,-22852,-8386,16687,16724,16687.0516484787,16724.1179564029
16300,7291,-16185,16684,16728,16684.3673882323,16727.9169735775
16320,16101,22611,16689,16724,16689.2478552327,16724.3522913209
16340,-22370,-3702,16687,16722,16686.523251421,16721.9870224505
16360,4784,-19350,16685,16725,16684.6735698755,16725.2284163433
16380,17971,20721,16689,16720,16689.4021396164,16720.2772989814
16400,-21647,1121,16686,16719,16686.1013521721,16719.2718326856
16420,2241,-21704,16685,16721,16685.0560481185,16721.242607018
16440,19637,17972,16690,16715,16689.6324625385,16715.0757368074
16460,-20679,5894,16686,16716,16685.6142500615,16715.626689663
16480,-300,-23149,16686,16715,16685.5942789769,16715.1254198486
16500,21056,14476,16689,16709,16689.4266065983,16708.728206657
16520,-19477,10415,16685,16710,16685.2495071682,16710.1936102398
16540,-2831,-23628,16686,16708,16686.115776113,16707.6060107909
16560,22225,10366,16689,16701,16689.3388366406,16701.4923018905
16580,-18062,14499,16685,16703,16684.765226446,16703.0407134143
16600,-5305,-23122,16687,16698,16686.6910310997,16698.0235153912
16620,23120,5833,16689,16693,16688.8999657818,16692.6662379572
16640,-16422,17982,16685,16694,16684.6370744,16693.6671137321
16660,-7704,-21639,16687,16686,16687.2800920889,16686.4350088973
16680,23730,1068,16689,16682,16688.7555178223,16682.1764850709
16700,-14609,20695,16685,16682,16684.5182791642,16681.7211045433
16720,-10002,-19265,16688,16673,16687.608643629,16673.2525046038
16740,24042,-3735,16688,16670,16688.2451870134,16669.6710142665
16760,-12613,22540,16685,16667,16684.6218007125,16667.2295701312
16780,-12169,-16077,16688,16657,16687.9605130088,16657.3629175052
16800,24053,-8382,16687,16655,16687.4532222835,16655.073071869
16820,-10453,23443,16685,16650,16684.5985816285,16649.739309226
16840,-14197,-12240,16688,16640,16688.432415547,16639.8352020539
16860,23771,-12654,16687,16638,16686.9891279405,16637.5136178173
16880,-8159,23364,16685,16630,16684.8654442821,16629.5349173653
16900,-16043,-7893,16689,16620,16688.7599202731,16619.5189409873
16920,23200,-16407,16686,16617,16686.4636020994,16616.6164705821
16940,-5760,22307,16685,16606,16684.9779349918,16606.0077502722
16960,-17720,-3215,16689,16597,16688.837890101,16596.8208564844
16980,22336,-19447,16686,16592,16685.997513236,16592.3374154151
17000,-3284,20325,16685,16580,16685.3627922363,16579.6578957966
17020,-19176,1566,16689,16571,16689.0336839116,16571.0548931039
17040,21209,-21668,16685,16564,16685.4379738121,16564.3566860917
17060,-738,17498,16686,16550,16685.7924886157,16549.8713571948
17080,-20435,6277,16689,16542,16689.0347042414,16541.7119677934
17100,19828,-22982,16685,16532,16684.9788890436,16532.3216997621
17120,1833,13941,16686,16517,16686.162215901,16516.8660072342
17140,-21445,10693,16689,16509,16688.8103953989,16508.5609810794
17160,18207,-23315,16685,16496,16684.6290851412,16496.1392663207
17180,4386,9815,16687,16480,16686.8337305984,16480.2177409259
17200,-22217,14656,16689,16471,16688.6455704346,16471.3894118332
17220,16360,-22684,16684,16456,16684.2891761817,16455.804739254
17240,6902,5317,16687,16440,16687.3422499274,16439.9559449731
17260,-22763,17983,16688,16430,16688.0919713223,16429.7192006797
17280,14336,-21108,16684,16411,16684.1610424068,16411.3007686455
17300,9356,599,16688,16396,16687.9392252444,16395.7312821319
17320,-23053,20529,16688,16383,16687.9441776092,16383.0142326933
17340,12147,-18636,16684,16362,16684.1177202387,16362.366737373
17360,11707,-4121,16688,16347,16688.432677039,16346.8658878311
17380,-23088,22208,16687,16332,16687.4317864067,16331.5760838496
17400,9827,-15418,16684,16309,16684.1310143532,16309.1629505085
17420,13946,-8626,16689,16293,16688.5425082541,16293.3402344218
17440,-22882,22947,16687,16275,16686.9106036261,16274.660686357
17460,7410,-11560,16684,16251,16684.3077615006,16251.2048290805
17480,16010,-12734,16689,16235,16688.8954911302,16234.6855823124
17500,-22399,22725,16687,16212,16686.5858620756,16212.48619771
17520,4903,-7268,16685,16189,16684.753589601,16188.6413150304
17540,17890,-16282,16689,16171,16689.1450642721,16170.7138255379
17560,-21695,21551,16686,16145,16686.0595649315,16145.2078684657
17580,2361,-2687,16685,16121,16684.9838264183,16121.1023169047
17600,19567,-19132,16689,16101,16689.2977297037,16100.773354934
17620,-20734,19479,16686,16073,16685.5335266466,16072.5815164834
17640,-180,1958,16686,16048,16685.5236943609,16047.9942420272
17660,20999,-21128,16689,16025,16689.275175463,16025.0590378934
17680,-19545,16610,16685,15994,16685.1798635526,15994.3607522784
17700,-2716,6490,16686,15970,16685.8422430912,15969.5187334918
17720,22166,-22246,16689,15943,16689.1456280991,15943.1968798377
17740,-18125,13066,16685,15911,16684.7214114921,15910.9644455145
17760,-5199,10679,16687,15885,16686.6087132357,15885.2773777841
17780,23076,-22396,16689,15855,16688.8419133544,15855.3644674909
17800,-16520,9034,16685,15822,16684.6815352106,15821.8763692397
17820,-7603,14389,16687,15795,16687.0538697899,15794.5051145942
17840,23696,-21623,16689,15761,16688.5039738221,15761.0087535024
17860,-14686,4642,16685,15727,16684.6653061552,15726.9719024813
17880,-9898,17453,16687,15698,16687.2850475608,15697.5988158305
17900,24013,-19950,16688,15661,16688.1044353096,15660.5855180237
17920,-12702,130,16685,15626,16684.5085761607,15626.0216321943
17940,-12080,19752,16688,15594,16687.8353580315,15593.8882491993
17960,24067,-17463,16688,15554,16687.5897578637,15554.2318160195
17980,-10546,-4327,16685,15519,16684.6346473537,15519.1259610904
18000,-14115,21172,16688,15484,16688.2061408415,15483.6120814514
18020,23794,-14268,16687,15442,16686.9547637474,15441.5653623063
18040,-8261,-8543,16684,15406,16684.4993650763,15405.6502883483
18060,-15978,21699,16688,15366,16688.4356983031,15366.3669880641
18080,23239,-10545,16686,15323,16686.4539590659,15322.9105262865
18100,-5877,-12338,16685,15285,16684.8113514433,15285.3354859396
18120,-17648,21310,16689,15242,16688.6191758803,15242.3181916889
18140,22386,-6420,16686,15198,16685.8919982451,15197.8468090499
18160,-3394,-15561,16685,15158,16685.1088436666,15158.1795334019
18180,-19113,20036,16689,15112,16688.6913520926,15111.7299060181
18200,21266,-2096,16685,15066,16685.3942542476,15066.0981127341
18220,-865,-18074,16686,15024,16685.5961198062,15023.9876463883
18240,-20374,17934,16689,14974,16688.6348394335,14974.237015587
18260,19892,2237,16685,14928,16685.1193455924,14928.0579237065
18280,1709,-19771,16686,14883,16686.1090600817,14882.6244091789
18300,-21394,15118,16689,14830,16688.6017716809,14830.4861930638
18320,18283,6383,16685,14783,16684.5409482127,14783.2296851393
18340,4257,-20622,16687,14734,16686.8187568914,14734.1331273228
18360,-22197,11732,16689,14680,16688.5248478312,14679.7812023852
18380,16454,10191,16684,14631,16684.452140533,14631.3001482297
18400,6788,-20581,16687,14579,16687.0863330999,14578.6460986632
18420,-22753,7920,16688,14523,16688.1937010981,14522.8412564454
18440,14436,13497,16684,14472,16684.2284541525,14472.4746048486
18460,9243,-19679,16687,14416,16687.459697729,14415.8878958913
18480,-23040,3850,16688,14359,16687.8149448788,14359.2617734246
18500,12246,16149,16684,14306,16684.2018145014,14306.3403562261
18520,11600,-17973,16688,14247,16688.0002256121,14246.6767370002
18540,-23091,-267,16687,14189,16687.4068249681,14188.8385186491
18560,9931,18059,16684,14133,16684.2006906033,14133.2346797086
18580,13848,-15554,16688,14070,16688.3349132268,14070.4614225184
18600,-22887,-4294,16687,14012,16686.8853676384,14011.9576355089
18620,7524,19178,16684,13953,16684.3872231193,13952.7799199787
18640,15916,-12547,16689,13888,16688.5221250567,13887.9796417984
18660,-22432,-8030,16687,13828,16686.6445206239,13828.1306393968
18680,5013,19456,16685,13765,16684.6410339315,13765.3219831504
18700,17804,-9078,16689,13699,16688.8689019234,13698.8686791242
18720,-21728,-11311,16686,13638,16686.1347131102,13637.5967000216
18740,2492,18903,16685,13571,16684.9537357557,13571.2577784076
18760,19490,-5342,16689,13504,16688.8119866904,13503.5477663854
18780,-20786,-14049,16686,13440,16685.7504330174,13439.9892983621
18800,-60,17584,16685,13371,16685.3360276828,13370.5922628807
18820,20931,-1486,16689,13302,16689.0409295573,13301.8348641338
18840,-19600,-16107,16685,13236,16685.1322237633,13235.7875392966
18860,-2598,15556,16686,13163,16685.761689863,13163.3102548237
18880,22119,2330,16689,13094,16688.7167125931,13093.9027698893
18900,-18205,-17420,16685,13025,16685.0033675015,13024.836064771
18920,-5075,12943,16686,12950,16686.2454556881,12950.2197523735
18940,23037,5910,16689,12880,16688.6237518543,12879.8236859877
18960,-16591,-17966,16685,12808,16684.8087508954,12807.701704327
18980,-7486,9880,16687,12731,16686.8504870818,12731.2016749743
19000,23676,9129,16688,12660,16688.2610093989,12659.6342190467
19020,-14783,-17741,16685,12584,16684.5185134494,12584.2265538255
19040,-9789,6499,16687,12507,16687.1587260281,12506.6486402608
19060,24017,11847,16688,12433,16687.8868581972,12433.4600713243
19080,-12805,-16773,16685,12355,16684.5744438117,12355.1400110985
19100,-11987,2959,16688,12277,16687.6509754845,12276.6206161421
19120,24074,13973,16687,12201,16687.4830610869,12201.346306771
19140,-10655,-15132,16684,12120,16684.4622456279,12120.4820859909
19160,-14021,-556,16688,12041,16687.9495517191,12041.3791248965
19180,23809,15425,16687,11964,16686.9343552527,11963.8436730163
19200,-8378,-12928,16685,11880,16684.6392476499,11880.4619973204
19220,-15888,-3937,16688,11801,16688.3572819355,11800.9428111148
19240,23271,16180,16686,11721,16686.4230799072,11720.7214351423
19260,-5987,-10269,16685,11636,16684.8398652886,11636.2063492634
19280,-17568,-6993,16688,11556,16688.411962499,11555.6957680653
19300,22432,16227,16686,11473,16685.9324207257,11472.9255763842
19320,-3512,-7277,16685,11387,16685.20062538,11387.3131283227
19340,-19054,-9637,16689,11306,16688.5778564297,11305.7231883468
19360,21320,15577,16685,11220,16685.4438082969,11220.4262011302
19380,-974,-4107,16686,11134,16685.5303895067,11134.0292695258
19400,-20322,-11751,16689,11051,16688.5320414275,11051.229001876
19420,19963,14304,16685,10964,16685.0717921362,10963.7599215521
19440,1580,-912,16686,10877,16686.0066217315,10877.0722671132
19460,-21365,-13286,16688,10793,16688.3270971513,10792.819071121
19480,18365,12495,16685,10703,16684.7334701435,10703.2807942585
19500,4149,2181,16687,10617,16686.5416649711,10616.5576992541
19520,-22164,-14182,16688,10530,16688.3742712153,10530.4843019582
19540,16546,10231,16684,10440,16684.3995287078,10439.8923909221
19560,6674,5013,16687,10353,16686.8322663837,10352.8266696708
19580,-22720,-14445,16688,10265,16688.0637147223,10264.6164887745
19600,14528,7655,16684,10174,16684.2667219252,10173.5409065452
19620,9128,7512,16687,10086,16687.3218050089,10085.9711617612
19640,-23030,-14069,16688,9996,16687.6787737381,9995.81508434602
19660,12357,4885,16684,9904,16684.2016562231,9904.40867132723
19680,11503,9546,16688,9817,16687.7450688495,9816.5399344757
19700,-23087,-13116,16687,9725,16687.4099294444,9724.80610775845
19720,10043,2067,16684,9633,16684.2128115873,9633.48095421203
19740,13741,11078,16688,9545,16688.0742615888,9544.63007437123
19760,-22897,-11676,16687,9452,16686.9393480622,9451.79456462863
19780,7642,-702,16684,9361,16684.4347507973,9360.73512469544
19800,15826,12061,16688,9271,16688.4011761877,9270.90594692127
19820,-22455,-9824,16686,9177,16686.4390918835,9177.20229520092
19840,5145,-3277,16685,9086,16684.5780127817,9086.34402564868
19860,17722,12460,16689,8996,16688.6805200338,8995.52807654873
19880,-21763,-7653,16686,8902,16686.0432781055,8901.53573090915
19900,2608,-5550,16685,8811,16684.9244969961,8811.06435096386
19920,19411,12334,16689,8719,16688.7033815504,8719.22562998974
19940,-20824,-5293,16686,8625,16685.759417615,8625.3595364516
19960,49,-7466,16685,8535,16685.1423044274,8535.02931235699
19980,20871,11682,16689,8442,16688.7077350588,8442.07358011237
20000,-19651,-2859,16685,8349,16685.298649491,8348.9767946923
20020,-2471,-8931,16686,8259,16685.7564872925,8258.57435409166
20040,22073,10566,16689,8165,16688.6292524194,8165.03429084674
20060,-18275,-454,16685,8073,16684.9768781329,8072.61966062186
20080,-4967,-9932,16686,7982,16686.1194553811,7981.93542685277
20100,23009,9074,16688,7888,16688.4797066476,7888.25867008628
20120,-16658,1807,16685,7797,16684.6099497865,7796.80533465558
20140,-7388,-10434,16686,7706,16686.4800749148,7705.96845234745
20160,23655,7304,16688,7612,16688.1908677726,7612.31947083635
20180,-14872,3835,16685,7522,16684.6374427919,7521.76254401551
20200,-9698,-10461,16687,7431,16686.9894575825,7430.75635834798
20220,24006,5340,16688,7338,16687.9524919413,7337.7354580846
20240,-12888,5572,16684,7248,16684.4746199498,7247.84130035535
20260,-11885,-10050,16687,7157,16687.4112091797,7156.60322773852
20280,24060,3303,16687,7065,16687.4180196298,7064.64401978052
20300,-10769,6922,16685,6976,16684.5124535963,6975.65670300886
20320,-13914,-9231,16688,6884,16687.7497947201,6884.40582997806
20340,23827,1270,16687,6794,16686.8813979737,6793.71770878365
20360,-8489,7889,16685,6705,16684.6630810579,6705.16175634197
20380,-15806,-8081,16688,6614,16688.1207644444,6614.14846110053
20400,23289,-667,16687,6525,16686.6009899164,6525.02747549067
20420,-6106,8450,16685,6437,16684.8686178429,6437.00304373538
20440,-17492,-6679,16688,6347,16688.2242955745,6346.91615079671
20460,22474,-2423,16686,6259,16685.99333661,6259.09609360134
20480,-3626,8596,16685,6172,16685.1339755991,6171.55523700931
20500,-18991,-5095,16688,6082,16688.3855054735,6082.39620681679
20520,21394,-3938,16685,5996,16685.3738352332,5996.05719298709
20540,-1098,8356,16685,5909,16685.4193232717,5909.05673281952
20560,-20266,-3420,16688,5821,16688.3435836197,5821.30568321419
20580,20034,-5135,16685,5736,16685.1274187737,5736.4457506454
20600,1467,7775,16686,5650,16686.0042121202,5649.93515734708
20620,-21319,-1752,16688,5564,16688.2563602876,5564.04845702998
20640,18441,-6034,16685,5480,16684.7573550991,5480.32092922528
20660,4034,6916,16686,5395,16686.248951598,5395.12734874079
20680,-22134,-157,16688,5311,16688.1459747177,5310.75734211939
20700,16629,-6571,16684,5228,16684.3622271576,5228.23532139935
20720,6568,5843,16687,5144,16686.6761911444,5144.05825592324
20740,-22697,1314,16688,5062,16687.8245390814,5061.82675070959
20760,14633,-6781,16684,4980,16684.2239019734,4980.33830145341
20780,9021,4600,16687,4898,16687.0205102066,4897.80869329272
20800,-23023,2582,16688,4818,16687.6633619696,4817.50281097378
20820,12466,-6693,16684,4737,16684.2882039821,4737.2673572599
20840,11399,3290,16687,4656,16687.4420887923,4656.44260109213
20860,-23096,3623,16687,4578,16687.106862242,4577.84605562848
20880,10150,-6308,16684,4499,16684.1203479949,4498.96807286995
20900,13637,1950,16688,4420,16687.9447654841,4420.12727516551
20920,-22909,4400,16687,4344,16686.8328425494,4343.50496715017
20940,7750,-5675,16684,4266,16684.2803495381,4266.03742214123
20960,15733,672,16688,4189,16688.2165285951,4189.27619967321
20980,-22484,4894,16687,4114,16686.5146292279,4114.36520285462
21000,5254,-4872,16685,4039,16684.5694975435,4038.52103179711
21020,17645,-514,16689,3964,16688.5077339683,3964.14161593916
21040,-21811,5140,16686,3891,16686.0920143887,3890.9702170827
21060,2720,-3949,16685,3817,16684.9139942818,3816.8893971298
21080,19344,-1555,16689,3745,16688.5166315223,3744.66414538975
21100,-20878,5137,16686,3673,16685.6870558901,3673.04621281101
21120,163,-2935,16685,3601,16685.2128689501,3601.14717734779
21140,20809,-2403,16689,3531,16688.5988795641,3531.36502429506
21160,-19726,4881,16685,3462,16685.4585711113,3461.57974779461
21180,-2355,-1908,16685,3392,16685.4464911896,3391.85711977189
21200,22014,-3051,16688,3324,16688.4753208807,3324.18524413931
21220,-18342,4467,16685,3256,16685.0226341032,3256.21825867747
21240,-4845,-923,16686,3189,16685.8072900491,3188.89974551005
21260,22966,-3490,16688,3123,16688.315813399,3123.33124287745
21280,-16749,3889,16685,3057,16684.632512353,3057.3010351663
21300,-7260,-8,16686,2993,16686.2528470207,2992.52719836579
21320,23621,-3715,16688,2929,16687.9719178209,2929.0577826565
21340,-14956,3202,16685,2865,16684.7081561781,2865.09320477039
21360,-9589,808,16687,2803,16686.8331049736,2802.73689982465
21380,24000,-3759,16688,2741,16687.6990167425,2741.12987185307
21400,-12988,2463,16685,2680,16684.5095049027,2679.58103241483
21420,-11784,1473,16687,2620,16687.1877569249,2619.82463113476
21440,24073,-3623,16687,2560,16687.3069966601,2560.17463007401
21460,-10865,1688,16684,2501,16684.4473282067,2501.10046648611
21480,-13835,1998,16687,2443,16687.4562616395,2443.4018256704
21500,23848,-3335,16687,2386,16686.8876124687,2386.13508774806
21520,-8601,954,16685,2329,16684.7188328058,2329.25681108636
21540,-15721,2343,16688,2274,16687.8056438536,2274.03814976614
21560,23333,-2935,16687,2219,16686.5642832154,2218.94815708437
21580,-6210,284,16685,2165,16684.7989757908,2164.74662973459
21600,-17422,2551,16688,2112,16688.0495521271,2111.88759562452
21620,22527,-2463,16686,2059,16686.0537354245,2058.69391478326
21640,-3742,-320,16685,2007,16684.887138097,2007.14720975589
21660,-18912,2605,16688,1956,16688.0905942789,1956.43664813208
21680,21435,-1929,16686,1906,16685.5777569069,1905.73796709273
21700,-1213,-816,16685,1857,16685.3249938206,1856.586734109
21720,-20213,2529,16688,1808,16688.1692731544,1807.98537067808
21740,20103,-1393,16685,1760,16684.9441563857,1759.50533826993
21760,1356,-1200,16686,1713,16685.6715634973,1712.64589756873
21780,-21266,2356,16688,1666,16688.2175539636,1666.25668954959
21800,18520,-871,16685,1620,16684.8114925592,1620.44244514194
21820,3909,-1485,16686,1576,16686.0406628547,1575.88965410155
21840,-22106,2101,16688,1532,16688.0510257515,1531.60992764443
21860,16720,-394,16685,1488,16684.6026533506,1488.35400265093
21880,6443,-1642,16686,1446,16686.482711831,1446.0930710594
21900,-22674,1768,16688,1404,16687.7439457898,1404.1447824453
21920,14716,46,16684,1363,16684.365965739,1363.0799971437
21940,8907,-1694,16687,1323,16686.9536787108,1323.03159239771
21960,-23008,1406,16687,1283,16687.4394064692,1283.17148771882
21980,12570,385,16684,1245,16684.269928546,1244.52382628828
22000,11283,-1656,16687,1207,16687.2698215194,1206.7917941079
22020,-23096,1053,16687,1169,16687.2230094638,1169.09103480279
22040,10270,668,16684,1133,16684.2548359935,1132.68387933607
22060,13539,-1555,16688,1097,16687.5039153202,1096.92258722004
22080,-22934,695,16687,1062,16686.8896543784,1061.70455139053
22100,7859,857,16684,1027,16684.2814699921,1027.40658303577
22120,15640,-1381,16688,994,16687.9262351786,993.575149957607
22140,-22506,376,16686,961,16686.416951804,960.621947046019
22160,5361,982,16684,929,16684.3608023592,928.630610649442
22180,17547,-1175,16688,897,16688.1055501597,896.926483169573
22200,-21839,95,16686,866,16685.9617249874,866.043245922854
22220,2848,1017,16685,836,16684.7742154738,836.009955241965
22240,19264,-950,16688,806,16688.4356160862,806.421059251733
22260,-20927,-148,16686,778,16685.7093616766,777.593233520204
22280,292,999,16685,750,16685.1357764161,749.612562362947
22300,20747,-712,16688,722,16688.3620866023,721.97009891717
22320,-19777,-335,16685,695,16685.3527018214,695.211312510785
22340,-2244,934,16685,669,16685.4536127193,668.899233312591
22360,21962,-496,16688,643,16688.2570920253,643.385988179068
22380,-18412,-457,16685,619,16685.16405437,618.580876705214
22400,-4739,839,16686,594,16685.9140309014,594.291701494177
22420,22929,-299,16688,571,16688.1760213681,570.573690190408
22440,-16827,-527,16685,547,16684.8397040679,547.446325895359
22460,-7152,720,16686,525,16686.2643803357,525.084474463172
22480,23613,-117,16688,503,16687.797248918,503.323384315908
22500,-15051,-554,16685,482,16684.6086771673,482.169239517733
22520,-9479,562,16687,461,16686.6348654561,461.340174747374
22540,23995,36,16688,441,16687.5840806929,441.359745614423
22560,-13089,-551,16685,422,16684.5448569988,421.82525111765
22580,-11671,441,16687,403,16687.0184665426,402.692863403771
22600,24078,137,16687,384,16687.2082674347,384.417730411954
22620,-10961,-507,16684,367,16684.4202591017,366.699809773991
22640,-13745,310,16687,349,16687.3600017389,349.120909462364
22660,23874,196,16687,333,16686.7748379131,332.517468261772
22680,-8712,-448,16685,316,16684.5744275767,316.073195466775
22700,-15637,187,16688,300,16687.5245165653,300.353818047357
22720,23362,243,16686,285,16686.2923080517,285.041752698179
22740,-6329,-376,16685,270,16684.6666159808,270.224748220405
22760,-17346,90,16688,256,16687.8628067639,255.879224897949
22780,22565,259,16686,242,16686.0565387308,242.016424457166
22800,-3862,-290,16685,229,16685.0161280009,228.650329421436
22820,-18845,19,16688,216,16687.9636141197,215.847070315239
22840,21492,251,16686,203,16685.5390702531,203.437490999424
22860,-1342,-225,16685,191,16685.2866362709,191.273733464063
22880,-20149,-33,16688,180,16687.8660859745,179.638428761472
22900,20168,229,16685,169,16685.1588902495,168.513570629573
22920,1219,-154,16685,158,16685.4489995739,157.770942083819
22940,-21232,-72,16688,147,16687.8039935077,147.391791942534
22960,18600,203,16685,137,16684.9050035735,137.426220440108
22980,3790,-99,16686,128,16686.0003502334,127.906106843922
23000,-22070,-96,16688,119,16687.733330817,118.702781525105
23020,16810,149,16684,110,16684.4310120118,109.997426505763
23040,6322,-46,16686,101,16686.3075758793,101.460611151493
23060,-22665,-92,16688,94,16687.5179028681,93.5955342066997
23080,14825,113,16684,86,16684.3409195326,85.5949579483037
23100,8797,-18,16687,78,16686.8492449995,78.4181935901198
23120,-23008,-82,16687,71,16687.2671312608,71.3303942683929
23140,12666,84,16684,64,16684.3353482449,64.4995779570737
23160,11176,2,16687,58,16687.265107539,58.1220912410623
23180,-23103,-78,16687,52,16687.0575962176,51.780828019554
23200,10375,49,16684,46,16684.0227482965,46.0480016616492
23220,13436,18,16687,41,16687.4418639627,40.5959481458356
23240,-22944,-52,16687,35,16686.7815451906,35.2908292188371
23260,7964,29,16684,30,16684.351917039,30.3255972027448
23280,15543,17,16688,26,16687.702532552,25.8977811474144
23300,-22534,-27,16686,21,16686.3130106139,21.3864986432738
23320,5492,14,16684,17,16684.4031395579,17.4302040068024
23340,17474,10,16688,14,16687.9560064319,13.5978531882104
23360,-21871,-10,16686,10,16686.1221466075,10.1131416862232
23380,2957,-8,16685,7,16684.6677317484,7.26006171418329
23400,19196,10,16688,5,16688.2161686064,5.3794267744691
23420,-20975,-1,16686,5,16685.6819420086,5.14662928223415
23440,400,2,16685,7,16685.0495540424,6.51273916907279
23460,20687,-2,16688,8,16688.3438045823,8.3553874835342
23480,-19838,3,16685,11,16685.3952490404,10.6494663158536
23500,-2127,1,16685,13,16685.2767010346,12.6342014735796
23520,21918,-17,16688,15,16688.2400605298,14.6219865351591
23540,-18479,21,16685,17,16685.1956603414,16.6172297396031
23560,-4616,14,16686,18,16685.7247787762,18.325100986676
23580,22891,-21,16688,20,16688.0536121374,19.9016073373327
23600,-16910,20,16685,21,16684.8485901087,21.3533733338406
23620,-7041,15,16686,23,16686.1982981085,22.7618551700262
23640,23576,-28,16688,24,16688.0773236101,24.0504180300858
23660,-15137,18,16685,25,16684.6921405067,25.2325802380325
23680,-9379,19,16686,26,16686.4195931708,26.0945780182996
23700,23977,-34,16688,27,16687.6219301491,26.9537092327986
23720,-13177,9,16685,28,16684.5255378405,27.787971979235
23740,-11580,37,16687,28,16686.7681754324,28.213281585319
23760,24081,-39,16687,29,16687.1865376253,28.8402328909308
23780,-11065,-15,16684,29,16684.3948770426,29.2503046525267
23800,-13651,40,16687,30,16687.1705680995,29.5309647803687
23820,23876,-30,16687,30,16686.9171365173,29.9190435997188
23840,-8803,-15,16684,30,16684.4429621951,30.197971462811
23860,-15558,38,16687,30,16687.3392298845,30.0955306781069
23880,23379,-25,16686,30,16686.4450212959,30.2343427002411
23900,-6431,-29,16685,30,16684.6105110962,30.1387133271416
23920,-17268,41,16688,30,16687.6469123551,30.0418978262027
23940,22614,-8,16686,30,16686.1209095115,29.9964760300064
23960,-3980,-34,16685,30,16684.9025478134,29.9392899712798
23980,-18797,42,16688,30,16687.8724778772,29.5721401763446
24000,21551,-8,16686,29,16685.6700760479,29.3663842085534
24020,-1455,-22,16685,29,16685.2285423953,28.97480047386
24040,-20100,37,16688,29,16687.8029583996,28.5593414897495
24060,20229,1,16685,28,16685.1937442147,28.1915185605529
24080,1104,-44,16685,28,16685.4628249888,27.953928509972
24100,-21187,29,16688,27,16687.7879797102,27.3235058989394
24120,18676,17,16685,27,16684.9117198041,26.7537417067688
24140,3670,-43,16686,26,16685.8657999706,26.4275431900603
24160,-22031,21,16688,26,16687.6536005776,25.8692532114623
24180,16895,22,16685,25,16684.6278978685,25.2291548393173
24200,6205,-33,16686,25,16686.2250360839,24.8053309463787
24220,-22633,13,16687,24,16687.4978169182,24.1348294013936
24240,14918,11,16684,24,16684.3681514695,23.7674021360534
24260,8687,-30,16687,23,16686.6287724937,23.1927902068321
24280,-23003,16,16688,23,16687.5002406074,22.6144819733257
24300,12771,27,16684,22,16684.3266424572,21.9461788388093
24320,11067,-31,16687,22,16686.7959344465,21.5512481965227
24340,-23106,3,16687,21,16686.9993101458,20.6713199094029
24360,10482,23,16684,20,16684.1641320858,20.2415527809596
24380,13333,-17,16687,20,16687.3776192259,19.7071516504003
24400,-22959,-1,16687,19,16686.7696685924,19.1798386577547
24420,8082,28,16684,19,16684.2337115611,18.782088427625
24440,15449,-11,16688,18,16687.5611976143,18.136391894131
24460,-22552,-7,16686,18,16686.3842497213,17.7611719353095
24480,5608,19,16684,17,16684.4767910333,17.1890553273551
24500,17384,-13,16688,17,16687.8332889236,16.7378103966738
24520,-21917,-4,16686,16,16686.0768237201,16.3301658413578
24540,3082,26,16685,16,16684.7203885938,15.7253962092375
24560,19122,-3,16688,16,16687.9617098756,15.5497955799465
24580,-21023,-19,16686,15,16685.6629869833,15.0090304848031
24600,531,12,16685,15,16684.9193038219,14.7501158628924
24620,20620,-7,16688,14,16688.0019505793,14.3216571415898
24640,-19894,-15,16685,14,16685.4357426505,14.098867903909
24660,-2007,16,16685,14,16685.2354716932,13.6751781723996
24680,21861,-3,16688,13,16687.9279763486,13.480454601014
24700,-18550,-11,16685,13,16685.0522512649,13.1610090115889
24720,-4517,13,16686,13,16685.6313488146,13.024906654536
24740,22844,5,16688,13,16688.097963735,12.8127762927527
24760,-16979,-28,16685,13,16684.8475264668,12.5308116351007
24780,-6931,10,16686,12,16685.9761449083,12.2507373821436
24800,23555,4,16688,12,16687.7155356662,12.1308177086811
24820,-15220,-23,16685,12,16684.6396576131,12.0793377463595
24840,-9276,4,16686,12,16686.3482204563,11.9492130036354
24860,23965,5,16687,12,16687.444835839,11.8476968192926
24880,-13273,-12,16685,12,16684.5016023552,11.8140499975136
24900,-11479,6,16687,12,16686.6561773723,11.7011325907474
24920,24089,18,16687,12,16687.1581648187,11.6940051248225
24940,-11169,-15,16684,12,16684.4373936193,11.6375205591924
24960,-13571,2,16687,12,16687.0475679905,11.5545158244515
24980,23894,14,16687,12,16686.934071923,11.6740187957597
25000,-8926,-12,16684,12,16684.4495389194,11.6684754922183
25020,-15465,-8,16687,12,16687.2103238552,11.7655627488393
25040,23420,21,16686,12,16686.4198050437,11.7187187499583
25060,-6544,-10,16685,12,16684.5961955041,11.9234414927591
25080,-17190,1,16687,12,16687.368478385,11.8897318159936
25100,22652,11,16686,12,16685.9526087273,11.9902914828519
25120,-4093,-7,16685,12,16685.0310507518,12.1523029421125
25140,-18721,-5,16688,12,16687.6489141808,12.3226481021735
25160,21612,25,16686,13,16685.5875829349,12.5072439947316
25180,-1583,-1,16685,12,16684.9735279435,12.4823703803605
25200,-20045,-13,16688,13,16687.51199745,12.8203577276777
25220,20298,21,16685,13,16685.1574178987,13.0329173094035
25240,993,-8,16685,13,16685.4286158823,12.9838767202827
25260,-21137,-11,16688,13,16687.8492870017,13.4109567058292
25280,18754,21,16685,14,16684.9848035012,13.632792353137
25300,3548,-1,16686,14,16685.6129499526,13.6840838345366
25320,-21980,-11,16688,14,16687.5890574856,13.9094887380207
25340,16988,23,16685,14,16684.5617389812,14.4042416577331
25360,6092,-3,16686,14,16686.0084454111,14.4970784368136
25380,-22610,-31,16687,15,16687.471803603,14.639007381287
25400,15011,7,16685,15,16684.5156049238,14.9325959523118
25420,8581,12,16686,15,16686.4860309703,15.323322068623
25440,-22994,-17,16687,15,16687.204732743,15.3931073505725
25460,12881,12,16684,16,16684.4606541922,15.7029539791682
25480,10957,9,16687,16,16686.8722737156,15.9828475565409
25500,-23108,-26,16687,16,16687.0547615726,16.2391039190514
25520,10589,1,16684,16,16684.0989490722,16.2068537778003
25540,13235,13,16687,17,16687.144247232,16.6701396121178
25560,-22973,-23,16687,17,16686.7819139155,16.9032821447678
25580,8200,1,16684,17,16684.2372824844,16.9609213064179
25600,15358,16,16687,17,16687.3229285725,17.2371937858044
25620,-22569,-13,16686,17,16686.3341572797,17.3371257056749
25640,5727,-4,16684,18,16684.3107370812,17.7702212062414
25660,17293,23,16688,18,16687.6687949899,17.7773364542119
25680,-21947,-30,16686,18,16686.1223935701,18.0913548177196
25700,3199,-12,16685,18,16684.5672600542,18.2652774774468
25720,19039,24,16688,18,16687.8415673508,18.4310634951568
25740,-21067,-5,16686,19,16685.8209776663,18.5338583746073
25760,654,-17,16685,19,16684.8740062004,18.6004255348668
25780,20560,18,16688,19,16687.8996740674,18.9209524444794
25800,-19952,-5,16685,19,16685.485596487,18.9785420565899
25820,-1890,-18,16685,19,16684.9440593364,19.0621349862594
25840,21815,29,16688,19,16688.1024521913,19.2513823570218
25860,-18611,-1,16685,19,16685.1022280096,19.2443807748197
25880,-4403,-26,16686,19,16685.5410493303,19.2308143028318
25900,22813,9,16688,19,16687.9056513342,19.2153706378514
25920,-17056,-2,16685,19,16684.9267798491,19.1199378002224
25940,-6817,-31,16686,19,16685.8054653598,19.1903372291565
25960,23532,15,16688,19,16687.7574388719,19.2556429432063
25980,-15317,-8,16685,19,16684.6326746585,19.1779546696852
26000,-9171,-36,16686,19,16686.1951548533,19.2470256935163
26020,23958,24,16687,19,16687.4081751555,19.1477027730319
26040,-13380,9,16685,19,16684.5286620511,18.914712723747
26060,-11376,-30,16686,19,16686.3755005458,18.8736935599196
26080,24080,9,16687,19,16687.1630319662,18.6984121046247
26100,-11272,20,16685,19,16684.5065732412,18.6495159014752
26120,-13456,-30,16687,18,16686.7511049917,18.4894131447567
26140,23908,6,16687,18,16686.8039231873,18.1183109963201
26160,-9024,31,16684,18,16684.4218234997,18.0197848623222
26180,-15376,-25,16687,18,16686.9782257423,17.8835684773586
26200,23448,-3,16686,18,16686.48478047,17.5971078056878
26220,-6666,21,16685,17,16684.6793890878,17.2998741189423
26240,-17121,-15,16687,17,16687.3020343112,17.1509412323712
26260,22691,-1,16686,17,16686.1132544559,16.687434164196
26280,-4209,25,16685,17,16684.8128971701,16.5876136252702
26300,-18653,-12,16688,16,16687.5366993832,16.0944629696443
26320,21662,-15,16686,16,16685.7179113615,15.8555568063889
26340,-1681,23,16685,16,16685.0270753562,15.616560220644
26360,-19990,-10,16688,15,16687.697429551,15.0178523322037
26380,20364,-14,16685,15,16685.3182122559,14.5728319705068
26400,861,8,16685,14,16685.2013114676,14.2409510742787
26420,-21096,-7,16688,14,16687.562749743,13.8349206465695
26440,18825,-21,16685,13,16684.9410702678,13.3707279976634
26460,3433,5,16686,13,16685.577390716,12.9627339208643
26480,-21957,-4,16688,12,16687.512381974,12.4266893186349
26500,17073,-15,16685,12,16684.6903139542,11.8936941669735
26520,5963,24,16686,12,16685.9508467792,11.5283702366163
26540,-22590,4,16687,11,16687.3219591977,11.0117125144094
26560,15099,-16,16684,10,16684.4319694385,10.4827914228809
26580,8453,5,16686,10,16686.1031586934,10.0254924091974
26600,-22970,2,16687,10,16687.3103456349,9.53062241786312
26620,12974,-14,16684,9,16684.3732206917,8.93173437279961
26640,10852,0,16687,8,16686.7995481651,8.35135421279088
26660,-23097,3,16687,8,16687.1903512499,8.12046147280128
26680,10707,-10,16684,7,16684.2545977318,7.37870669562085
26700,13131,3,16687,7,16686.8444065465,7.11181276886386
26720,-22979,0,16687,7,16686.6244666592,6.55440348758947
26740,8319,-10,16684,6,16684.386235656,6.15063592367692
26760,15262,1,16687,6,16687.3373962115,5.70475148039991
26780,-22605,10,16686,5,16686.3444784856,5.44396167785924
26800,5835,2,16684,5,16684.4869913214,5.28531648177287
26820,17218,6,16688,5,16687.5570141963,5.13425707411744
26840,-21978,2,16686,5,16686.00366971,5.05970215897142
26860,3301,3,16685,5,16684.6516868022,5.10746332738915
26880,18964,-2,16688,5,16687.6832225282,5.22585594065699
26900,-21113,-2,16686,5,16685.7633222895,5.29892567236511
26920,775,4,16685,6,16684.7823346219,5.73797145394172
26940,20489,4,16688,6,16687.7968770628,6.19235131785576
26960,-20009,0,16686,6,16685.5495716593,6.49887309943039
26980,-1774,8,16685,7,16685.1525691075,6.95607381290804
27000,21770,-2,16688,7,16687.7148794247,7.3954628721771
27020,-18694,-14,16685,8,16685.1096439919,7.89436792415169
27040,-4271,0,16685,9,16685.3675155627,8.821125543794
27060,22773,4,16688,9,16687.749801267,9.21326637755308
27080,-17139,-10,16685,10,16685.0790211755,9.82212406222554
27100,-6713,1,16686,10,16685.6214226943,10.2827815158704
27120,23499,12,16688,11,16687.5855723754,10.8360473363215
27140,-15390,-11,16685,12,16684.7807745378,11.5841119810983
27160,-9055,-13,16686,12,16685.9585372371,12.3127974266107
27180,23948,17,16687,13,16687.4525487241,12.6630672226114
27200,-13462,-8,16685,13,16684.5514400263,13.2857988533575
27220,-11286,-13,16686,14,16686.4810204313,13.9768834682262
27240,24081,24,16687,15,16687.0619156199,14.5866132844254
27260,-11367,-6,16685,15,16684.6319771633,15.1519887695271
27280,-13376,-8,16687,16,16686.7814956435,15.6932882747689
27300,23931,17,16687,16,16686.6570833974,16.1898677081145
27320,-9136,-14,16684,17,16684.4672646821,16.8165509757129
27340,-15292,-18,16687,17,16686.8875780793,17.3437148085229
27360,23475,31,16686,18,16686.2869860365,17.7509008904302
27380,-6783,-9,16685,19,16684.6075664586,18.5533371219135
27400,-17039,-21,16687,19,16687.2668869632,18.7519400038036
27420,22735,24,16686,19,16686.1304851699,19.2580074153422
27440,-4316,3,16685,20,16684.736599239,19.8901769882774
27460,-18593,-26,16688,20,16687.5199130777,20.1182721188196
27480,21714,23,16686,21,16685.5218598592,20.6995928590697
27500,-1795,4,16685,21,16685.0451394042,21.0989461192674
27520,-19933,-32,16687,22,16687.4984915218,21.5057053204057
27540,20418,21,16685,22,16685.2044588826,21.847622376717
27560,740,10,16685,22,16685.1674069062,22.162116862523
27580,-21051,-28,16688,22,16687.6298309556,22.4548048693092
27600,18905,10,16685,23,16685.0186768278,22.8187170466757
27620,3309,25,16685,23,16685.4401980451,23.1007315647822
27640,-21913,-41,16688,23,16687.5091524802,23.2338916392223
27660,17156,5,16685,24,16684.743735536,23.5516750250248
27680,5862,20,16686,24,16685.9284036841,23.7880297908029
27700,-22575,-34,16687,24,16687.4202789309,24.1548906069635
27720,15202,2,16685,24,16684.5031546735,24.2203578095344
27740,8340,29,16686,24,16686.0930206475,24.2973874544029
27760,-22964,-36,16687,25,16687.1358642095,24.5957948641633
27780,13079,-10,16684,25,16684.3391831683,24.544368506658
27800,10743,23,16686,25,16686.2855942569,24.7845255165017
27820,-23099,-23,16687,25,16686.9349142604,24.7141865256577
27840,10811,-12,16684,25,16684.3283934631,24.6335744113852
27860,13022,34,16687,25,16686.8660021038,24.7449637789566
27880,-22987,-14,16687,25,16686.8303242121,24.8084113838558
27900,8431,-24,16684,25,16684.4147016613,24.6842116085237
27920,15173,35,16687,25,16687.1480523952,24.5164117145918
27940,-22629,-29,16686,25,16686.4483469608,24.6288167251545
27960,5952,-23,16684,24,16684.3405323455,24.4908754134193
27980,17131,26,16687,24,16687.4008653934,24.3620207831909
28000,-22022,-13,16686,24,16686.1978993253,24.1055874374205
28020,3425,-31,16684,24,16684.3923230721,24.0243813330854
28040,18884,30,16687,24,16687.4775533118,23.8022708098014
28060,-21155,2,16686,23,16685.6399938216,23.4534008561392
28080,878,-28,16685,23,16684.718588961,23.319070580415
28100,20431,32,16688,23,16687.6617017125,23.0402267953519
28120,-20066,2,16685,23,16685.3841006487,22.7093128611369
28140,-1662,-29,16685,22,16685.102886739,22.3355972888571
28160,21710,25,16688,22,16687.7182254063,22.0989595608453
28180,-18742,8,16685,22,16685.1268975883,21.5363575672774
28200,-4153,-34,16685,21,16685.3856861069,21.1698799798056
28220,22726,10,16688,21,16687.5497178201,21.0097807859072
28240,-17214,22,16685,20,16684.894821012,20.3795467990428
28260,-6601,-38,16686,20,16685.7263212287,19.838102050568
28280,23486,2,16688,19,16687.6440132772,19.4591418907669
28300,-15477,26,16685,19,16684.8078467599,19.1645832200964
28320,-8947,-23,16686,19,16686.0500820249,18.6170940644949
28340,23936,10,16687,18,16687.2587480074,18.0637569848094
28360,-13569,20,16685,17,16684.6047980859,17.4045106850925
28380,-11191,-21,16686,17,16686.1276362701,17.0073872391712
28400,24081,5,16687,16,16686.965973343,16.2732105871122
28420,-11473,23,16685,16,16684.6370197251,15.8523383404271
28440,-13271,-21,16686,15,16686.4059617452,15.2030045601601
28460,23941,-4,16687,15,16686.8621316526,14.5669001533657
28480,-9233,21,16685,14,16684.5679246212,14.0714034314723
28500,-15204,-10,16687,13,16686.8899923399,13.3414078740776
28520,23508,-14,16687,13,16686.502992886,12.8489857789195
28540,-6884,19,16685,12,16684.5896329143,12.177189148029
28560,-16961,-3,16687,12,16687.1148590855,11.6635993921795
28580,22771,7,16686,11,16686.0387525094,10.773332690752
28600,-4445,9,16685,10,16684.6414898559,10.2387156825514
28620,-18530,-3,16687,10,16687.3790271906,9.53831705215863
28640,21768,-10,16686,9,16685.6113596217,9.13569578630987
28660,-1929,12,16685,8,16684.91548951,8.49467031897795
28680,-19874,4,16687,8,16687.3460266553,7.73260712118655
28700,20495,-4,16685,7,16685.3495632355,7.23150591055383
28720,629,-2,16685,7,16685.2653521551,6.67986567744816
28740,-21003,0,16687,6,16687.443836377,6.26083045984117
28760,18978,-5,16685,6,16685.1679764936,5.72992419234321
28780,3191,17,16685,5,16685.4696332784,5.41207237052037
28800,-21891,-8,16687,5,16687.3249501367,5.2328122667214
28820,17243,0,16685,5,16684.7950575897,5.17612174587548
28840,5738,-1,16686,5,16685.8753661917,5.05890593872578
28860,-22549,0,16687,5,16687.2600696922,5.06457326373605
28880,15306,7,16685,5,16684.637576132,5.32088033863993
28900,8229,6,16686,6,16686.0274536829,5.54546637043495
28920,-22953,-4,16687,6,16687.104383463,5.89476810533078
28940,13191,7,16684,6,16684.2555703723,6.33679960996677
28960,10639,1,16686,7,16686.340261323,6.80488034313426
28980,-23106,-16,16687,7,16686.842980475,7.46577477350811
29000,10921,1,16684,8,16684.2257348106,7.93025321257934
29020,12919,1,16687,9,16686.5882662846,8.56807243400609
29040,-22999,5,16687,9,16686.5917665705,9.1659504928567
29060,8543,10,16684,10,16684.2971384152,9.68695815016897
29080,15071,12,16687,10,16686.8674796294,10.4589156233151
29100,-22647,-17,16686,11,16686.41400472,10.9909186589998
29120,6070,13,16684,12,16684.3090246313,11.6329567863785
29140,17046,2,16687,12,16687.2306473683,12.281597879933
29160,-22057,-23,16686,13,16686.1196004072,12.9320546360343
29180,3548,2,16684,13,16684.4341599745,13.3635136133335
29200,18810,8,16687,14,16687.3236492613,14.0671086198222
29220,-21208,-19,16686,15,16685.7354702484,14.6380483992061
29240,1004,11,16685,15,16684.564819799,15.4384804850575
29260,20356,13,16687,16,16687.3513054442,15.8963777074763
29280,-20130,-18,16686,16,16685.50107832,16.413510298303
29300,-1543,0,16685,17,16684.9912566686,16.9085748170492
29320,21658,14,16688,17,16687.5986558267,17.3567589162875
29340,-18814,-11,16685,18,16685.2934404843,17.9546683953645
29360,-4048,-7,16685,18,16685.2780124877,18.3921847787994
29380,22699,25,16688,19,16687.6049286261,18.985185167898
29400,-17285,-20,16685,19,16684.8656796379,19.2504755927451
29420,-6483,-11,16686,20,16685.6312213937,19.8916375920574
29440,23454,26,16687,20,16687.4688471883,20.118982019476
29460,-15562,-13,16685,21,16684.7507959601,20.7044221291763
29480,-8839,-31,16686,21,16685.813350778,21.0791674130675
29500,23913,23,16687,21,16687.2391619435,21.3964792938435
29520,-13653,-11,16685,22,16684.6093428886,21.5731574658619
29540,-11081,-26,16686,22,16686.2255209056,22.077793256531
29560,24082,28,16687,22,16687.1441758354,22.3687633155171
29580,-11558,14,16685,23,16684.5413545128,22.5216204717128
29600,-13188,-29,16687,23,16686.5054743294,22.770117950603
29620,23949,28,16687,23,16686.7736089856,22.9475295255965
29640,-9347,-5,16685,23,16684.5321965781,23.3689152758932
29660,-15122,-27,16687,23,16686.6195990766,23.366883199707
29680,23530,13,16686,24,16686.3155980666,23.5472119667329
29700,-7003,11,16685,24,16684.5313224102,23.8685722286519
29720,-16891,-34,16687,24,16686.8500817743,23.9523911335721
29740,22814,14,16686,24,16686.0661085297,23.9658723419235
29760,-4552,15,16685,24,16684.7090453279,24.0853736655543
29780,-18460,-29,16687,24,16687.0554275987,24.0820233297838
29800,21825,8,16686,24,16685.8626914101,23.9667025690071
29820,-2045,24,16685,24,16684.8424432684,24.103688368562
29840,-19818,-31,16687,24,16687.1739469624,24.0969619292298
29860,20560,10,16685,24,16685.3771389587,23.9210942475465
29880,514,36,16685,24,16685.1044655881,23.9131730171887
29900,-20955,-24,16687,24,16687.2227260292,23.6601198122759
29920,19066,-1,16685,24,16685.188411153,23.7179985882294
29940,3078,37,16685,23,16685.3085145388,23.4981558867526
29960,-21858,-25,16687,23,16687.3264296041,23.1536298703222
29980,17334,-16,16685,23,16684.7835929538,23.1306369818797
30000,5625,33,16686,23,16685.5664064471,23.0378796004401
30020,-22525,-24,16687,23,16687.1752862251,22.7126345792656
30040,15389,-26,16684,23,16684.4722405681,22.5674661259023
30060,8115,30,16686,22,16685.8744111596,22.0902136490913
30080,-22934,-13,16687,22,16687.0875003587,21.6821915783581
30100,13289,-23,16684,21,16684.4358686436,21.4808178873472
30120,10525,31,16686,21,16686.1027442305,21.1064371567805
30140,-23105,-2,16687,21,16686.8817530825,20.8001734799707
30160,11030,-21,16684,20,16684.2208127153,20.4670741203249
30180,12820,22,16687,20,16686.5150972813,20.0075120169744
30200,-23012,-9,16687,20,16686.5510316405,19.7715591388552
30220,8655,-23,16684,19,16684.2191176621,19.2667464697922
30240,14980,25,16687,19,16686.7097837904,18.6921829939182
30260,-22672,-6,16686,18,16686.4936316616,18.2744979518077
30280,6196,-20,16684,18,16684.4345790224,17.6693328189161
30300,16956,18,16687,17,16687.0308035484,17.3881470044971
30320,-22092,11,16686,17,16686.1125601024,16.6577669923635
30340,3664,-18,16684,16,16684.4592463691,16.089903970056
30360,18734,21,16687,16,16687.3000725456,15.5014568997764
30380,-21251,16,16686,15,16685.786077634,15.183191261227
30400,1120,-18,16685,15,16684.5474700111,14.5319052271631
30420,20292,-1,16687,14,16687.3363636128,13.9388049417131
30440,-20173,6,16686,13,16685.5451147357,13.3244884399927
30460,-1426,-13,16685,13,16684.9440185632,12.7186828161616
30480,21603,5,16687,12,16687.3102829732,12.1518509071149
30500,-18876,20,16685,12,16685.3034696998,11.5412283216248
30520,-3917,-3,16685,11,16685.168112573,11.1262508074935
30540,22645,5,16687,10,16687.421520839,10.3329933684835
30560,-17367,10,16685,10,16685.0515605401,9.79250051857287
30580,-6381,-14,16685,9,16685.4753372428,9.2410218252637
30600,23415,-3,16688,9,16687.517497906,8.53464046639488
30620,-15648,12,16685,8,16684.768925678,7.98107196845292
30640,-8737,-1,16686,8,16685.7415376097,7.62227794650326
30660,23906,0,16687,7,16687.1665622338,6.98126328893095
30680,-13747,10,16685,6,16684.6560474403,6.49141184445841
30700,-10971,5,16686,6,16686.1630831287,6.0188100334493
30720,24089,2,16687,6,16686.9056252045,5.6797466038878
30740,-11671,5,16684,5,16684.4426878002,5.41921764850564
30760,-13091,0,16686,5,16686.2820277004,5.14083871136316
30780,23957,-1,16687,5,16686.7825942321,5.01501651293393
30800,-9454,-6,16685,5,16684.6153189783,4.97680165241694
30820,-15041,-3,16687,5,16686.6703966889,5.08002368350778
30840,23550,6,16686,5,16686.4663161094,5.28531648177287
30860,-7109,-1,16685,6,16684.6014664638,5.60626219340926
30880,-16817,0,16687,6,16686.8214518601,5.88625086270964
30900,22858,9,16686,6,16686.026715812,6.29778606932627
30920,-4675,-5,16685,7,16684.5167493379,6.76132946778036
30940,-18385,-9,16687,7,16686.9669596222,7.38386649222479
30960,21870,24,16686,8,16685.7311726331,7.72839099319839
30980,-2158,-10,16685,8,16684.7005245961,8.23639088227514
31000,-19765,-10,16687,9,16687.087581997,8.72774793313688
31020,20627,18,16685,9,16685.3649276484,9.3926916403127
31040,387,-5,16685,10,16684.964539184,9.94445020319123
31060,-20905,-11,16687,10,16687.1478527407,10.3994088811877
31080,19139,7,16685,11,16685.1813148018,11.0600941946147
31100,2957,-8,16685,12,16685.2924835752,11.6205258527207
31120,-21819,-14,16687,12,16687.2306487289,12.1146762589586
31140,17417,10,16685,13,16684.8606103019,12.7709883928868
31160,5508,7,16686,13,16685.5907678736,13.2246311532921
31180,-22485,-25,16687,14,16687.0317005774,13.9180252112593
31200,15491,10,16685,14,16684.7001943675,14.4692393275787
31220,8000,10,16686,15,16685.7772462661,14.9173504266006
31240,-22923,-24,16687,15,16687.1244975747,15.4626566281477
31260,13383,0,16684,16,16684.3967646026,15.9547700547517
31280,10415,11,16686,16,16686.0660193,16.3129340220038
31300,-23104,-28,16687,17,16686.8275629602,16.8136326291346
31320,11147,7,16684,18,16684.3900710725,17.5308670301307
31340,12714,19,16686,18,16686.4385919322,17.6681652273234
31360,-23024,-26,16687,18,16686.6352178781,18.1238078810545
31380,8767,10,16684,19,16684.1508818018,18.5335817462181
31400,14885,28,16687,19,16686.7996176028,18.9296794392265
31420,-22685,-31,16686,19,16686.2026705595,19.2822882621591
31440,6300,4,16684,20,16684.3111474037,19.7801700435847
31460,16860,26,16687,20,16686.8980556375,19.7917379384682
31480,-22114,-30,16686,20,16685.9915750394,20.2720450509285
31500,3783,-11,16684,21,16684.3114259125,20.52167537401
31520,18658,27,16687,21,16687.0605936853,20.8733216484733
31540,-21287,-24,16686,21,16685.6304284166,21.2535268213007
31560,1239,-9,16685,21,16684.598502729,21.3394658493219
31580,20223,21,16687,21,16687.2877752701,21.4573523238539
31600,-20232,-18,16686,22,16685.5310122174,21.646547023645
31620,-1307,-27,16685,22,16684.7570452621,21.7321563838877
31640,21547,43,16687,22,16687.4088171886,21.9336323602732
31660,-18944,-9,16685,22,16685.2412132836,21.9538422925521
31680,-3816,-25,16685,22,16685.0480203945,22.1290162315228
31700,22601,29,16687,22,16687.2687142578,22.0716606336043
31720,-17443,4,16685,22,16684.9992899436,22.251673260468
31740,-6269,-29,16685,22,16685.4070716665,22.2228426698324
31760,23381,26,16687,22,16687.3066320213,22.3396357663207
31780,-15736,11,16685,22,16684.7392875571,22.2078581777656
31800,-8640,-27,16686,22,16685.6730455475,22.3382751159585
31820,23879,21,16687,22,16687.1730820769,22.1682960465926
31840,-13833,7,16685,22,16684.6548426762,22.0327736618515
31860,-10872,-32,16686,22,16685.9008634316,21.9613307617759
31880,24074,15,16687,22,16686.9694653054,21.9274260167205
31900,-11778,18,16685,22,16684.6434980854,21.6577774984386
31920,-13002,-26,16686,22,16686.1651544336,21.5006018266059
31940,23978,7,16687,21,16686.6366568937,21.2810721817094
31960,-9570,20,16684,21,16684.4498577613,21.0462775991682
31980,-14957,-29,16687,21,16686.6218841704,21.0253520704767
32000,23587,0,16686,21,16686.3967722503,20.6173518016379
32020,-7230,29,16685,20,16684.7042400189,20.3259330582264
32040,-16734,-20,16687,20,16686.6401480106,19.9170275965378
32060,22903,-5,16686,20,16686.1221657526,19.7322779467742
32080,-4788,17,16685,19,16684.7398991473,19.4690070709352
32100,-18317,-26,16687,19,16687.0685596366,19.1507371247656
32120,21916,-4,16686,19,16685.839324569,18.5052581737766
32140,-2281,28,16685,18,16684.8410014935,18.3000304174952
32160,-19693,-11,16687,18,16687.119193601,17.9508266588025
32180,20692,-6,16686,18,16685.5099847201,17.6052637725199
32200,275,31,16685,17,16684.9070259647,17.1962477738604
32220,-20862,-11,16687,17,16687.0875462839,16.6857296579667
32240,19205,-17,16685,16,16685.1093530516,16.1081625392416
32260,2837,28,16685,16,16685.2862054583,15.7920368456502
32280,-21787,-1,16687,15,16687.2766195036,15.3212666231451
32300,17506,-18,16685,15,16684.9304670614,14.8089476884965
32320,5386,25,16685,14,16685.3676368548,14.2358585258758
32340,-22465,5,16687,14,16687.0327670647,13.7740379371392
32360,15583,-22,16685,13,16684.6154399759,13.1555355358258
32380,7890,4,16686,13,16685.7911070809,12.7711030932629
32400,-22915,0,16687,12,16686.9240251139,12.0936389691286
32420,13489,-11,16684,12,16684.2875620777,11.6954873275176
32440,10299,11,16686,11,16685.9602738426,11.1152191027944
32460,-23095,5,16687,11,16686.6844681925,10.5096797829727
32480,11244,-20,16684,10,16684.4047860332,10.0090047348001
32500,12618,8,16686,10,16686.3520730231,9.56030407793079
32520,-23033,9,16687,9,16686.5679217691,8.97809563169579
32540,8876,-15,16684,8,16684.284374988,8.2992287151051
32560,14788,15,16687,8,16686.7155976474,8.03916499570229
32580,-22724,7,16686,7,16686.4660943391,7.36236006339849
32600,6420,-11,16684,7,16684.3627321975,6.96720834965483
32620,16776,5,16687,7,16686.8075948127,6.547639424346
32640,-22155,10,16686,6,16686.2593492244,6.06245972924769
32660,3903,-5,16684,6,16684.3135537037,5.89681786538299
32680,18582,0,16687,6,16686.9998835039,5.59820004555035
32700,-21334,-4,16686,5,16685.8349022825,5.24920938987482
32720,1353,-4,16685,5,16684.6081605969,5.14705619747832
32740,20155,-1,16687,5,16687.2523793367,5.03728772040321
32760,-20289,4,16685,5,16685.4939955413,4.97353837668666
32780,-1186,8,16685,5,16684.8356696066,5.1017479388196
32800,21479,-11,16687,5,16687.2433531075,5.25629737642145
32820,-19015,-2,16685,6,16685.2598694809,5.5230783564286
32840,-3702,3,16685,6,16684.9303137358,5.91118758557661
32860,22562,-2,16687,6,16687.257636729,6.29237587407372
32880,-17517,-12,16685,7,16685.0597072741,6.6848161962858
32900,-6157,3,16685,7,16685.2372881776,7.10295039380644
32920,23358,5,16687,8,16687.2842431555,7.63527100247594
32940,-15809,-3,16685,8,16684.9639867168,8.09245284006957
32960,-8520,-4,16686,9,16685.583999827,8.5765737440717
32980,23856,11,16687,9,16687.1612681928,9.1206111020589
33000,-13940,-5,16685,10,16684.7806893106,9.66206337952717
33020,-10777,-11,16686,10,16685.8859313921,10.1477127579938
33040,24078,20,16687,11,16686.8569350434,10.5419085528902
33060,-11866,-1,16685,11,16684.5609274721,11.1499238015894
33080,-12894,-3,16686,12,16686.117345612,11.5778192436011
33100,23996,13,16687,12,16686.7025696276,12.0208558997477
33120,-9652,-8,16684,13,16684.4439138924,12.5893777304768
33140,-14868,-12,16686,13,16686.4593874616,13.2146584240995
33160,23603,18,16686,14,16686.3906070037,13.6027269210074
33180,-7326,-1,16684,14,16684.4074709514,14.0289095347563
33200,-16654,-17,16687,14,16686.7025747265,14.353907759518
33220,22932,21,16686,15,16686.0596999429,14.8909775010743
33240,-4901,2,16685,15,16684.5300165028,15.4243760636573
33260,-18253,-11,16687,16,16686.7505104615,15.6448623755532
33280,21981,18,16686,16,16685.8015128864,16.0567916048202
33300,-2403,3,16685,17,16684.8023437352,16.6147466031685
33320,-19641,-18,16687,17,16686.8475603891,16.9557889612036
33340,20753,20,16686,17,16685.5675973329,17.2195865268667
33360,157,8,16685,18,16684.7772112519,17.5694770393857
33380,-20805,-20,16687,18,16686.9802967192,18.0358191242975
33400,19287,13,16685,18,16685.2420024017,18.200509468745
33420,2715,-1,16685,18,16685.1610782172,18.4939020777796
33440,-21744,-27,16687,19,16687.0981489171,18.6832274589068
33460,17583,15,16685,19,16684.9277296459,19.0757638280882
33480,5268,22,16685,19,16685.2375504879,19.2487443786926
33500,-22449,-28,16687,20,16687.0763603105,19.5961795742499
33520,15675,16,16685,19,16684.8108123598,19.4492466013307
33540,7768,18,16686,20,16685.6768760592,19.8032805836558
33560,-22890,-29,16687,20,16687.0350166521,19.747552261293
33580,13583,7,16684,20,16684.4730816617,20.0556294212965
33600,10200,28,16686,20,16686.0320564336,20.1297791297495
33620,-23101,-19,16687,20,16686.8172192656,20.2984807390233
33640,11349,-9,16684,20,16684.3419989226,20.2374515035707
33660,12514,30,16686,20,16686.0691951344,20.3846554959239
33680,-23036,-13,16687,21,16686.5977953313,20.5292878628619
33700,8994,-12,16684,20,16684.3143439119,20.493847924057
33720,14679,22,16687,20,16686.5241864081,20.4913460678374
33740,-22741,-13,16686,20,16686.3081735197,20.3797085241975
33760,6539,-13,16684,20,16684.3102583937,20.4058372374028
33780,16688,30,16687,20,16686.7247020566,20.2275326268894
33800,-22165,-9,16686,20,16686.1404470609,20.1797706758836
33820,4025,-5,16684,20,16684.4100093869,20.0184363267651
33840,18500,29,16687,20,16687.0377462238,20.0255695923986
33860,-21387,-2,16686,20,16685.7150273556,19.8711855124921
33880,1477,-22,16685,19,16684.620286121,19.4933945643293
33900,20089,17,16687,20,16687.0425484175,19.6381698445591
33920,-20344,-3,16686,19,16685.5127661699,19.3066460585792
33940,-1065,-26,16685,19,16684.7582432293,18.9576071575667
33960,21437,17,16687,19,16687.2888389979,18.902407925728
33980,-19068,8,16685,18,16685.3002969899,18.4889906008278
34000,-3579,-24,16685,18,16684.9192728451,18.1271011713125
34020,22517,27,16687,18,16687.1733578972,17.9933798589926
34040,-17598,9,16685,18,16684.9857738166,17.7919975208308
34060,-6039,-18,16685,17,16685.231694707,17.4811491662269
34080,23332,10,16687,17,16687.1893899288,17.1413015477238
34100,-15893,11,16685,17,16684.7788121539,16.5623378529799
34120,-8420,-22,16685,16,16685.3490512533,16.3707801098863
34140,23851,9,16687,16,16687.0860533865,15.8375234313165
34160,-14017,16,16685,15,16684.6807106916,15.4935171044416
34180,-10683,-17,16686,15,16685.9016066047,15.1393107659745
34200,24059,2,16687,15,16687.0099813208,14.6154900303796
34220,-11973,12,16684,14,16684.4248899666,14.2774201648092
34240,-12803,-16,16686,14,16686.1044369195,13.7843055711242
34260,24000,2,16687,13,16686.6479218395,13.3440701805849
34280,-9775,23,16685,13,16684.531825455,12.9261159153185
34300,-14782,-9,16686,13,16686.2793356659,12.5971129970075
34320,23624,-5,16686,12,16686.3560249492,12.0415033419576
34340,-7447,19,16684,12,16684.4537978757,11.6610035548511
34360,-16572,-11,16687,11,16686.5119714601,11.0597741168446
34380,22976,0,16686,11,16686.2330823721,10.6496611778556
34400,-5018,6,16685,10,16684.7088795845,10.223622691468
34420,-18182,-4,16687,10,16686.6179185103,9.60218226742624
34440,22030,-4,16686,9,16685.8817814262,9.14852756680686
34460,-2508,13,16685,9,16684.6138273741,8.64378897767785
34480,-19578,-3,16687,8,16686.7701130612,8.19583008970873
34500,20813,-13,16685,8,16685.324220509,7.7825990296462
34520,34,8,16685,7,16684.9749236881,7.25114484495379
34540,-20755,12,16687,7,16687.0054523877,6.93324052797464
34560,19369,1,16685,6,16685.1375470833,6.39314589643667
34580,2597,1,16685,6,16684.9621303294,6.10395779648336
34600,-21707,7,16687,6,16687.0328088569,5.79470562507277
34620,17663,-4,16685,5,16685.1285078213,5.39569507947076
34640,5140,-2,16685,5,16685.2019119789,5.30580920577861
34660,-22413,6,16687,5,16687.0108755783,5.21708899465257
34680,15758,-3,16685,5,16684.7454647322,5.08146524759345
34700,7658,4,16686,5,16685.50974295,4.9987547277422
34720,-22883,1,16687,5,16686.6693170911,4.98841431155733
34740,13687,-2,16684,5,16684.382219764,5.16341831269509
34760,10082,-9,16686,5,16685.8125317214,5.32592513237137
34780,-23086,-3,16687,6,16686.6215439503,5.65197524930444
34800,11457,-2,16684,6,16684.3680441445,5.96537453638705
34820,12408,0,16686,6,16686.1846140123,6.2836787903763
34840,-23046,-1,16687,7,16686.5006983974,6.75383282384899
34860,9107,2,16684,7,16684.3526494966,6.9692404535932
34880,14577,-9,16686,7,16686.4707694292,7.4358257044023
34900,-22755,-9,16686,8,16686.2758954853,7.89917544154135
34920,6645,7,16684,8,16684.3539100193,8.31636129772961
34940,16596,6,16687,9,16686.721951914,8.89275293075772
34960,-22214,-8,16686,9,16686.236236001,9.13906236643016
34980,4151,7,16684,10,16684.4326161808,9.87876955347299
35000,18429,6,16687,10,16686.9402472395,10.1855227183918
35020,-21421,-9,16686,11,16685.8503809822,10.6016171931161
35040,1596,1,16685,11,16684.5201916152,11.0990854247377
35060,20014,10,16687,11,16686.8693304134,11.4864687717222
35080,-20406,-11,16686,12,16685.5600190162,11.8986811572228
35100,-949,2,16685,12,16684.6526220917,12.2924070663306
35120,21375,25,16687,13,16687.1733619718,12.63886730672
35140,-19143,-13,16685,13,16685.2776690138,13.1309789209287
35160,-3466,-8,16685,14,16684.8722773395,13.5080090536596
35180,22479,24,16687,14,16687.2795663548,14.0342511406247
35200,-17663,-16,16685,14,16685.1012026984,14.2996838087858
35220,-5926,-12,16685,15,16685.148584347,14.8791682710258
35240,23290,21,16687,15,16686.9207443209,15.1417536988991
35260,-15981,-14,16685,15,16684.9027078556,15.2254140312136
35280,-8302,-16,16685,16,16685.3190289079,15.7769331967195
35300,23828,24,16687,16,16687.0325863334,16.0176294477366
35320,-14112,-2,16685,17,16684.6649295258,16.5018864333559
35340,-10576,-14,16686,17,16685.680287846,16.6279808182999
35360,24068,26,16687,17,16686.9033887746,16.9354602669406
35380,-12063,-14,16684,17,16684.4074080667,17.2103824950232
35400,-12709,-24,16686,17,16686.0532383367,17.4333412379483
35420,24019,21,16687,18,16686.6220914539,17.5095676970478
35440,-9886,4,16685,18,16684.6115705244,17.6897014420644
35460,-14702,-23,16686,18,16686.3460418546,17.9915344676323
35480,23655,23,16686,18,16686.3661557099,18.1905401776067
35500,-7560,3,16684,18,16684.4924902213,18.3616354991358
35520,-16491,-25,16686,18,16686.4123719182,18.3776704054472
35540,23008,26,16686,19,16686.163911342,18.5236665026966
35560,-5131,4,16685,19,16684.5550011288,18.6195265132636
35580,-18109,-32,16687,19,16686.7686827844,18.6736662320733
35600,22077,17,16686,19,16685.8638857205,18.6987319924373
35620,-2635,19,16685,19,16684.8038278526,18.7086784257333
35640,-19516,-26,16687,19,16686.9348302878,18.7992582134243
35660,20880,9,16685,19,16685.4380602138,18.8013489584192
35680,-84,18,16685,19,16684.745121379,18.7569258042196
35700,-20708,-11,16687,19,16686.7172721832,18.828805744955
35720,19428,10,16685,19,16685.1516208892,18.7605764441188
35740,2484,26,16685,19,16685.0566982386,18.7317163459632
35760,-21668,-14,16687,19,16686.9866376956,18.6209818966905
35780,17754,4,16685,18,16684.8098111158,18.4140542135111
35800,5035,19,16685,18,16685.3530902507,18.3119933803641
35820,-22386,-23,16687,18,16686.8279049464,18.2335113870039
35840,15859,-11,16685,18,16684.6956102352,17.9957473817601
35860,7541,18,16685,18,16685.3366846617,17.962125137442
35880,-22851,-14,16687,18,16686.772794497,17.7329019211993
35900,13790,-17,16685,17,16684.5725004626,17.3145587674795
35920,9976,23,16686,17,16685.5221637708,17.2150560352523
35940,-23075,-12,16687,17,16686.5243747019,16.9372549567145
35960,11567,-10,16684,17,16684.3223004705,16.60295030964
35980,12293,21,16686,16,16686.0744477273,16.3405156335984
36000,-23061,-2,16687,16,16686.5358571986,16.155622872258
36020,9219,-23,16684,16,16684.3862064707,15.9632451372677
36040,14494,26,16686,16,16686.4999513445,15.5805069643329
36060,-22775,2,16686,15,16686.3696757945,15.1670386859136
36080,6777,-14,16684,15,16684.2051704502,15.0937985247667
36100,16506,21,16687,14,16686.6362019237,14.4762062321245
36120,-22244,7,16686,14,16686.1585819263,14.2433595410502
36140,4257,-16,16685,14,16684.5098730852,13.9527400562802
36160,18342,13,16687,13,16686.7463946468,13.3463020832317
36180,-21470,13,16686,13,16685.8696968874,13.0283738582612
36200,1722,-14,16684,13,16684.4221352452,12.7660361775886
36220,19950,11,16687,12,16686.9689788082,12.2804945696417
36240,-20446,7,16686,12,16685.6972429503,11.9027943640086
36260,-838,-15,16685,11,16684.7408238525,11.2654299567027
36280,21319,4,16687,11,16687.097916475,10.9655444033801
36300,-19208,5,16685,11,16685.4250518569,10.5177259231143
36320,-3345,-7,16685,10,16684.8359904751,10.1990444558547
36340,22432,-3,16687,10,16687.064595202,9.66268242470097
36360,-17743,8,16685,9,16685.0267935158,9.21418054125678
36380,-5819,-6,16685,9,16685.0640766289,8.86937266577377
36400,23259,-1,16687,8,16687.0779509407,8.3721572834082
36420,-16068,13,16685,8,16684.9761552722,7.9300069209065
36440,-8195,-4,16685,7,16685.2642528593,7.46825965963624
36460,23813,-2,16687,7,16687.0389727031,7.15532881625646
36480,-14193,11,16685,7,16684.7483597776,6.75697700760111
36500,-10474,4,16685,6,16685.4973166404,6.41358193236237
36520,24057,0,16687,6,16686.8109190447,5.97794612251984
36540,-12168,0,16685,6,16684.5656640413,5.83072160655309
36560,-12604,-3,16686,6,16685.7928037302,5.52283523060167
36580,24019,-2,16687,5,16686.8278912154,5.33217862662627
36600,-9984,5,16685,5,16684.5186407764,5.17435269200409
36620,-14605,0,16686,5,16685.953941182,5.01443229588355
36640,23677,-12,16687,5,16686.5372894632,4.97868993969548
36660,-7666,-9,16684,5,16684.3599298943,5.07947097546831
36680,-16416,9,16686,5,16686.3264840037,5.07066760120154
36700,23047,-5,16686,5,16686.118545369,5.34368146885881
36720,-5260,-4,16685,5,16684.5534128627,5.44499304120308
36740,-18050,1,16687,6,16686.5000792636,5.67432798196183
36760,22122,0,16686,6,16685.8837634037,5.89335977631817
36780,-2750,-11,16684,6,16684.3937480872,6.30016973357663
36800,-19462,1,16687,7,16686.7439264069,6.59909809770434
36820,20946,17,16686,7,16685.6078790951,7.06408997589215
36840,-200,-5,16685,7,16684.6980234522,7.35713540763319
36860,-20662,0,16687,8,16686.7980127103,7.82200983703198
36880,19514,5,16685,8,16685.2382792852,8.19748317892449
36900,2359,-2,16685,9,16684.8546236623,8.64316757347241
36920,-21616,-5,16687,9,16686.8707936885,9.03972083276773
36940,17832,11,16685,9,16684.9629137468,9.21823356604317
36960,4918,-2,16685,10,16685.1923376532,9.71025553216804
36980,-22356,-9,16687,10,16686.8935581593,10.2049792534086
37000,15956,14,16685,11,16684.7933831828,10.6391220487759
37020,7423,-6,16685,11,16685.423419785,11.0347462589767
37040,-22844,-10,16687,11,16686.8637732473,11.3830350227048
37060,13885,3,16685,12,16684.6539773016,11.7751040832714
37080,9857,3,16686,12,16685.7117357681,12.0735053422774
37100,-23085,-19,16687,13,16686.5900413698,12.5598664061615
37120,11675,16,16684,13,16684.3424424098,12.9955295799171
37140,12189,8,16686,13,16686.0522491943,13.2303159359716
37160,-23061,-25,16687,14,16686.5376560208,13.6455818599602
37180,9319,-2,16684,14,16684.4194033434,13.8550673266138
37200,14393,16,16686,14,16686.2712080651,14.0972487342389
37220,-22794,-16,16686,14,16686.3078778964,14.4256326361489
37240,6883,-1,16684,15,16684.3306610843,14.7901004159032
37260,16418,12,16686,15,16686.4326785532,15.137270655261
37280,-22267,-29,16686,15,16686.102672961,15.3738884252651
37300,4380,-10,16684,16,16684.4532303197,15.5387305928605
37320,18261,16,16687,16,16686.5072390573,15.7815516679088
37340,-21514,-20,16686,16,16685.7911477788,15.9601401691448
37360,1831,-1,16685,16,16684.52777276,16.2996462169237
37380,19875,23,16687,16,16686.8066141789,16.3654925285836
37400,-20508,-11,16685,17,16685.4442009673,16.7275093876076
37420,-717,-10,16684,17,16684.4932032697,16.8244395917999
37440,21257,22,16687,17,16686.8860698676,17.050884610941
37460,-19270,-14,16685,17,16685.4091530442,17.1842823692721
37480,-3225,-9,16685,17,16684.7148621134,17.1320340822938
37500,22380,18,16687,17,16686.9755688384,17.2376611780898
37520,-17818,7,16685,17,16685.0760327311,17.1418000394868
37540,-5706,-22,16685,17,16684.9675394421,17.337449587616
37560,23234,24,16687,17,16686.8683432726,17.3519547034693
37580,-16144,-1,16685,17,16684.7640861388,17.4710349019992
37600,-8092,-26,16685,18,16685.167981988,17.5748746995
37620,23794,10,16687,17,16686.9266737669,17.3916989223667
37640,-14284,4,16685,17,16684.5316293249,17.3563720962576
37660,-10366,-28,16685,17,16685.4606499879,17.3201909248101
37680,24055,11,16687,17,16686.8170980133,17.2377532387127
37700,-12269,12,16685,17,16684.5715530966,17.3294634289229
37720,-12522,-16,16686,17,16685.7491399642,17.2001728847598
37740,24023,17,16687,17,16686.6525406082,16.9980826699109
37760,-10089,18,16685,17,16684.5868456916,16.8619958574563
37780,-14508,-25,16686,17,16686.2010961013,16.8037122712141
37800,23710,10,16686,17,16686.2516454957,16.6847054073858
37820,-7775,9,16684,16,16684.4589702624,16.4637237348891
37840,-16334,-15,16686,16,16686.1858732114,16.3652538386401
37860,23079,6,16686,16,16686.1850373251,16.2034112800168
37880,-5365,18,16685,16,16684.550472561,15.85685016848
37900,-17976,-8,16686,16,16686.4380074644,15.6603272510307
37920,22176,-9,16686,15,16685.981700863,15.245813013845
37940,-2867,11,16685,15,16684.7016132765,15.1442042982827
37960,-19401,-13,16687,15,16686.6924359767,14.9175631859312
37980,21001,-11,16686,15,16685.6250301342,14.5189464041817
38000,-326,21,16685,14,16684.7587778297,14.209311771357
38020,-20612,2,16687,14,16686.7208769575,13.9420711394057
38040,19576,-11,16685,14,16685.2206514039,13.7212590245484
38060,2242,22,16685,13,16684.8866161505,13.3541108049404
38080,-21579,0,16687,13,16686.8126509455,13.0614533073468
38100,17914,-5,16685,13,16685.075720215,12.6966465645215
38120,4790,13,16685,12,16685.0671794048,12.277363014024
38140,-22325,-2,16687,12,16686.8592761403,12.0294540055596
38160,16038,-17,16685,12,16684.9003540027,11.6802492548854
38180,7323,19,16685,11,16685.3927271061,11.2515840898626
38200,-22822,2,16687,11,16686.6500382425,10.8125
38220,13993,-12,16685,11,16684.5626383817,10.5435642951933
38240,9751,10,16686,10,16685.6036261033,10.1216357257918
38260,-23071,-3,16687,10,16686.6211840662,9.84243542809654
38280,11781,-8,16685,9,16684.5261518017,9.3343650610928
38300,12092,11,16686,9,16685.7986989366,8.79931693460492
38320,-23070,3,16687,9,16686.5211220755,8.56765925771153
38340,9433,-17,16684,8,16684.3825674486,8.19296990470336
38360,14286,-4,16686,8,16686.0861006089,7.67378413109367
38380,-22820,3,16686,7,16686.3979109316,7.4319503980281
38400,7009,-17,16684,7,16684.3310880366,7.06035642248322
38420,16332,-2,16686,7,16686.4612896897,6.71106027972667
38440,-22309,16,16686,6,16686.0718572305,6.3443080111723
38460,4497,-5,16685,6,16684.5485139911,5.95197659526858
38480,18176,-4,16687,6,16686.6520442698,5.72668506860644
38500,-21547,-2,16686,6,16685.8027914648,5.60595735022128
38520,1959,2,16684,5,16684.4225761768,5.39533308894131
38540,19801,-9,16687,5,16686.9961219281,5.11775402398357
38560,-20560,-2,16686,5,16685.5467166247,5.0369484421994
38580,-602,-8,16685,5,16684.635730134,5.09760686039292
38600,21206,5,16687,5,16686.8718604641,5.02471916970242
38620,-19326,-6,16685,5,16685.3116130991,5.08254615233595
38640,-3108,-2,16685,5,16684.8151400039,5.18627621106898
38660,22341,5,16687,5,16686.9601207949,5.36260835409179
38680,-17877,-2,16685,6,16685.120765885,5.50084333023128
38700,-5576,-4,16685,6,16684.9208296532,5.81153385787694
38720,23191,4,16687,6,16686.9144267797,5.97892620741802
38740,-16235,-5,16685,6,16684.9056361113,6.29538211211202
38760,-7975,-1,16685,7,16685.1478796085,6.57587921878132
38780,23772,-4,16687,7,16686.7519706087,6.88232918989821
38800,-14381,-8,16685,7,16684.5838018401,7.31450293082175
38820,-10263,3,16686,8,16685.5662219614,7.65050805094015
38840,24056,19,16687,8,16686.7741124456,7.95545766380697
38860,-12365,-16,16685,8,16684.564190804,8.40597408933819
38880,-12426,-6,16686,9,16685.6504992832,8.74963726926722
38900,24048,15,16687,9,16686.6601281143,9.16505815669628
38920,-10183,-13,16685,9,16684.511856389,9.46720284389745
38940,-14421,-12,16686,10,16685.9820001718,9.8980521087169
38960,23729,14,16686,10,16686.4741791882,10.3100849444852
38980,-7887,-4,16684,10,16684.462202322,10.4740891235825
39000,-16258,-5,16686,11,16686.2244689175,10.8458999129567
39020,23119,6,16686,11,16686.196901281,11.3606107477767
39040,-5480,-6,16685,12,16684.5652868609,11.5687061047249
39060,-17891,-9,16686,12,16686.4332249072,12.0396885990668
39080,22220,16,16686,12,16685.8401063649,12.3037028375861
39100,-2992,2,16685,13,16684.5159905338,12.7016738869824
39120,-19338,-10,16686,13,16686.4857526806,12.8460308193815
39140,21068,15,16686,13,16685.5831463158,13.183222795707
39160,-449,-3,16685,13,16684.5335399745,13.4636827039679
39180,-20566,-17,16687,14,16686.5609065115,13.7091990528942
39200,19649,3,16685,14,16685.2430335059,13.9543584981091
39220,2120,6,16685,14,16684.7362979836,14.3196625091166
39240,-21548,-19,16687,14,16686.7408219018,14.453167229668
39260,17992,20,16685,15,16685.0308962345,14.7479225894064
39280,4674,11,16685,15,16684.9431745522,15.062410852952
39300,-22308,-20,16687,15,16686.9120407964,15.2316824543655
39320,16135,15,16685,15,16684.8718232286,15.350900510536
39340,7193,2,16685,15,16685.2177443469,15.4462035814023
39360,-22806,-19,16687,16,16686.721273453,15.6301788292513
39380,14091,2,16685,16,16684.5512495593,15.7717638568503
39400,9638,19,16686,16,16685.6798172744,15.9592682221805
39420,-23070,-14,16687,16,16686.5180876188,16.0131781667475
39440,11877,2,16684,16,16684.355696251,16.0134754655064
39460,11989,19,16686,16,16685.7546956872,16.1372667125857
39480,-23074,-11,16686,16,16686.4293946935,16.1739883884781
39500,9541,-5,16684,16,16684.1773270901,16.2918556508114
39520,14199,22,16686,16,16685.8108998118,16.1615002953586
39540,-22834,-19,16686,16,16686.3115324174,16.3217690978758
39560,7115,-11,16684,16,16684.2666036614,16.2772382893452
39580,16245,26,16686,16,16686.1441827713,16.2329537996786
39600,-22326,-16,16686,16,16686.1948978619,16.1297761216446
39620,4613,-5,16684,16,16684.3604980753,16.1292993299461
39640,18097,18,16686,16,16686.3984223915,16.2024620163303
39660,-21585,-4,16686,16,16685.8078739463,16.0315469636238
39680,2066,-19,16684,16,16684.2937973154,15.8531853685032
39700,19739,23,16687,16,16686.5628459786,15.8021133747792
39720,-20614,-1,16686,16,16685.6354819651,15.7232691068445
39740,-479,-25,16684,16,16684.4501072656,15.6457908551909
39760,21144,20,16687,15,16686.7835364469,15.416681623022
39780,-19383,2,16685,15,16685.4243189488,15.2523051536481
39800,-3015,-11,16685,15,16684.6074498142,15.0136656500003
39820,22288,22,16687,15,16686.8158611298,14.9877961422994
39840,-17962,13,16685,15,16685.2050434521,14.864828783596
39860,-5479,-25,16685,14,16685.0143779232,14.478229885763
39880,23163,10,16687,14,16686.7251416618,14.1761466825659
39900,-16316,12,16685,14,16684.9047383461,13.9528800370434
39920,-7866,-20,16685,14,16685.1093027752,13.7943443318947
39940,23747,8,16687,13,16686.9520168322,13.4299124653932
39960,-14472,15,16685,13,16684.8195432823,13.2848065091056
39980,-10165,-21,16685,13,16685.4420338433,12.9553959860843
40000,24043,1,16687,13,16686.7873450648,12.7181837251089
40020,-12466,7,16685,12,16684.7264306586,12.3663657536531
40040,-12326,-10,16686,12,16685.5985258477,11.9740319611336
40060,24040,6,16687,12,16686.7412764227,11.5501094928522
40080,-10293,15,16685,11,16684.5536551515,11.3857478413256
40100,-14330,-7,16686,11,16685.7722878591,11.0678725478014
40120,23738,-1,16686,11,16686.4362471331,10.7034785525548
40140,-7990,7,16685,10,16684.6234309899,10.4892872248011
40160,-16176,-10,16686,10,16686.0636866439,9.901689604873
40180,23145,-2,16686,10,16686.0634156117,9.55432657229174
40200,-5590,0,16685,9,16684.5374608782,9.29717699089353
40220,-17822,-11,16686,9,16686.2348922004,9.06645926444001
40240,22273,-8,16686,9,16685.9770131113,8.63847735516075
40260,-3105,5,16685,8,16684.5823591356,8.19858505322717
40280,-19276,-4,16687,8,16686.552348919,7.81645212536513
40300,21119,-5,16686,8,16685.6771904077,7.50688160852261
40320,-559,6,16685,7,16684.5606725627,7.12450313508774
40340,-20502,-4,16687,7,16686.7605853346,6.84021741019611
40360,19714,-6,16685,6,16685.1938615574,6.48601259442194
40380,2010,7,16685,6,16684.8169084078,6.33446827139027
40400,-21504,-8,16687,6,16686.7687464795,5.94871473776059
40420,18078,-11,16685,6,16685.0383404084,5.71977449839589
40440,4557,10,16685,6,16684.9785245296,5.52526600745385
40460,-22279,2,16687,5,16686.698494526,5.34888733318669
40480,16224,6,16685,5,16684.8490342263,5.19946380198237
40500,7089,-9,16685,5,16685.1958535007,5.08355478940426
40520,-22794,-7,16687,5,16686.6218829853,4.96228451200906
40540,14186,4,16685,5,16684.6465635823,4.9607098865107
40560,9530,-2,16685,5,16685.4533662808,5.0301823401344
40580,-23065,6,16687,5,16686.574170054,5.13725193287958
40600,11980,7,16684,5,16684.4962213328,5.27983986351622
40620,11884,3,16686,5,16685.7826604551,5.36970578657481
40640,-23077,-7,16687,6,16686.5002561161,5.53102930350672
40660,9665,0,16684,6,16684.4673867417,5.82177519372313
40680,14092,-2,16686,6,16685.97169995,5.97855869440955
40700,-22854,6,16686,6,16686.2473227159,6.33298424545056
40720,7226,-1,16684,7,16684.2588660663,6.62724755507518
40740,16138,-1,16686,7,16686.1671769282,6.97816768347895
40760,-22374,6,16686,7,16686.0774574279,7.25708503485559
40780,4735,5,16684,8,16684.3426534311,7.54910681285376
40800,18014,-3,16686,8,16686.2972708399,7.86825417917628
40820,-21627,-12,16686,8,16685.8780751909,8.26921295000316
40840,2196,-1,16684,9,16684.264679592,8.59518453935836
40860,19664,-5,16687,9,16686.5678105152,8.84960053830115
40880,-20659,-5,16686,9,16685.6708779704,9.25298199399793
40900,-361,6,16684,10,16684.4607231421,9.50516409807059
40920,21086,10,16687,10,16686.6454604909,9.75305440938889
40940,-19448,-20,16685,10,16685.3935063404,10.3378358281303
40960,-2886,-10,16685,11,16684.7178092635,10.560153678007
40980,22249,7,16687,11,16686.8326976978,11.0336620946425
41000,-18033,-14,16685,11,16685.2409635717,11.2384706546865
41020,-5362,6,16685,12,16684.7913426481,11.5189000600643
41040,23134,21,16687,12,16686.9004487041,11.8005375109304
41060,-16390,-12,16685,12,16685.1442129733,12.1437516083375
41080,-7766,-8,16685,12,16684.979664032,12.3271248802184
41100,23732,23,16687,13,16686.8423813102,12.6310416391771
41120,-14570,-12,16685,13,16684.7935054449,12.902220163842
41140,-10056,-11,16685,13,16685.1763332598,13.0198166269729
41160,24039,13,16687,13,16686.8407365239,13.3986903219587
41180,-12557,-2,16685,14,16684.5381817605,13.5686999797558
41200,-12228,-10,16686,14,16685.6716777274,13.7603210553706
41220,24049,25,16686,14,16686.4544225635,14.0606075115462
41240,-10399,-6,16684,14,16684.4673449358,14.2947317382576
41260,-14245,-12,16686,14,16685.7379884291,14.3310043453652
41280,23768,14,16687,14,16686.5458469903,14.4671047255705
41300,-8102,7,16685,15,16684.5892377947,14.551179210162
41320,-16098,-18,16686,15,16685.9579376016,14.6058067166367
41340,23188,19,16686,15,16686.0552009219,14.9506349154476
41360,-5711,9,16684,15,16684.4284860101,14.9932113544347
41380,-17748,-23,16686,15,16686.1541574493,14.9511003070217
41400,22318,8,16686,15,16685.7060393395,15.0769915377082
41420,-3221,3,16685,15,16684.5501308647,15.1909798611092
41440,-19202,-20,16686,15,16686.2840033756,15.1138824714027
41460,21175,10,16686,15,16685.6757437593,15.3387530050523
41480,-679,9,16685,15,16684.6129867705,15.3557584119525
41500,-20445,-21,16687,15,16686.6108679108,15.30070495976
41520,19791,1,16685,15,16685.4566761214,15.1315843106398
41540,1877,15,16685,15,16684.8343625159,15.1447765850969
41560,-21466,-20,16687,15,16686.6588038655,15.1519807131362
41580,18159,-1,16685,15,16685.0082465518,15.072813183531
41600,4440,22,16685,15,16684.9253481632,15.1443574475776
41620,-22231,-11,16687,15,16686.6427492753,14.9479075929125
41640,16316,-6,16685,15,16684.8073403872,14.9329556371972
41660,6958,25,16685,15,16685.1507626662,14.8463237900204
41680,-22773,-15,16687,15,16686.5600817709,14.7172653842562
41700,14278,-10,16685,15,16684.64686601,14.5654335832734
41720,9410,10,16685,14,16685.2144158834,14.4123072271366
41740,-23058,-3,16686,14,16686.4217078617,14.282959416294
41760,12094,-14,16685,14,16684.5393044287,13.9954303368099
41780,11770,10,16686,14,16685.6565823386,13.8667979698812
41800,-23092,-4,16686,14,16686.4729919663,13.7443258889123
41820,9773,-11,16684,13,16684.4390750271,13.4905656415187
41840,13984,18,16686,13,16685.7673285141,13.2542924945562
41860,-22869,-2,16686,13,16686.328956658,12.9100327386301
41880,7343,-16,16684,13,16684.1993872381,12.8862208385546
41900,16057,17,16686,12,16685.9130526439,12.4443683924697
41920,-22397,10,16686,12,16686.1387830896,12.2569037465881
41940,4845,-20,16684,12,16684.301197312,11.9032968778612
41960,17935,16,16686,12,16686.1652705332,11.781146385486
41980,-21670,1,16686,12,16685.8630272489,11.5944659482444
42000,2301,-18,16684,11,16684.1474553033,11.054695781799
42020,19597,10,16686,11,16686.4845737042,10.8232312173572
42040,-20700,5,16686,11,16685.6172658149,10.5119212459593
42060,-240,-12,16684,10,16684.4351645115,10.3077877491366
42080,21029,1,16687,10,16686.7777941948,9.91056195587566
42100,-19517,13,16685,10,16685.3084431636,9.64404315416387
42120,-2770,-16,16685,9,16684.612613403,9.15316981040585
42140,22193,-1,16687,9,16686.6735294082,8.96360370644809
42160,-18094,15,16685,9,16685.3060292301,8.64943605910958
42180,-5254,0,16685,8,16684.7472173037,8.3594772190012
42200,23096,3,16687,8,16686.6294749166,7.88920160428956
42220,-16470,16,16685,8,16684.8933441823,7.63856375570696
42240,-7651,-4,16685,7,16684.925408756,7.28860612853205
42260,23704,5,16687,7,16686.8335854908,7.12893942629267
42280,-14641,8,16685,7,16684.8622817829,6.61070465348627
42300,-9946,-7,16685,7,16685.3424677869,6.5120831200546
42320,24027,-7,16687,6,16686.7794170631,6.18603991611354
42340,-12658,2,16685,6,16684.6116060818,5.93390104742445
42360,-12123,8,16685,6,16685.4125698534,5.64004065532776
42380,24063,-13,16687,6,16686.5242070598,5.59558280029882
42400,-10507,-8,16685,5,16684.5811801417,5.37974445402614
42420,-14151,2,16686,5,16685.7228812633,5.24369506079682
42440,23782,4,16686,5,16686.4616781444,5.15217642118358
42460,-8220,6,16684,5,16684.4361394755,5.15381097617336
42480,-16015,3,16686,5,16685.931851157,5.04738290787909
42500,23225,3,16686,5,16686.2263969088,5.02556938627356
42520,-5821,-13,16684,5,16684.4970552405,5.05960565409993
42540,-17678,-7,16686,5,16686.1848682092,5.17085998347954
42560,22372,17,16686,5,16685.9243821204,5.34187649906379
42580,-3327,0,16685,6,16684.5444912388,5.58722122486885
42600,-19141,0,16686,6,16686.3975835677,5.75560189076694
42620,21241,3,16686,6,16685.7200543585,5.8609164639052
42640,-798,-6,16685,6,16684.5556879673,6.09385015943328
42660,-20394,-3,16686,6,16686.4931176734,6.48126808097767
42680,19853,10,16685,7,16685.2743133099,6.72713865854198
42700,1763,2,16685,7,16684.5835148561,6.81466780302789
42720,-21418,0,16687,7,16686.5722213708,7.24705287621285
42740,18234,0,16685,8,16685.138558199,7.50216440123282
42760,4323,-4,16685,8,16684.8124848041,7.91894669743868
42780,-22208,0,16687,8,16686.6366967264,8.149287617447
42800,16411,15,16685,8,16684.9950031715,8.30161117174702
42820,6839,-4,16685,9,16685.0528828534,8.70358784675894
42840,-22753,-6,16687,9,16686.6243684711,9.08069294575034
42860,14383,11,16685,9,16684.7175655578,9.27679027954308
42880,9297,-2,16685,10,16685.4251175544,9.63211232755438
42900,-23049,-9,16686,10,16686.4967671939,9.90093755424834
42920,12202,3,16684,10,16684.3906961377,10.3210192083922
42940,11662,11,16686,11,16685.5434171979,10.5819670829081
42960,-23086,-12,16686,11,16686.4123544559,10.8397191715814
42980,9881,4,16684,11,16684.3378383149,10.9988125246831
43000,13894,11,16686,11,16685.9080963841,11.4968257337895
43020,-22880,-10,16686,12,16686.1847352546,11.509262998369
43040,7451,7,16684,12,16684.3769478278,11.9352910259868
43060,15962,9,16686,12,16685.984981665,12.2262405109359
43080,-22418,-11,16686,12,16686.1033044731,12.3054984851793
43100,4970,-7,16684,13,16684.3074643054,12.665525150729
43120,17853,19,16686,13,16686.2678174168,12.7359661582612
43140,-21703,-20,16686,13,16685.7973227283,12.8431987412112
43160,2430,-9,16684,13,16684.3763110484,13.0711226773707
43180,19526,17,16686,13,16686.4034161076,13.2632598745557
43200,-20759,-5,16686,13,16685.596172627,13.3921017272075
43220,-125,-6,16684,14,16684.2316572907,13.5317461658455
43240,20966,22,16687,14,16686.6342850846,13.6935988124926
43260,-19571,-6,16685,14,16685.3311344402,13.9826640014743
43280,-2650,-8,16685,14,16684.6294164614,14.058541109411
43300,22143,18,16687,14,16686.7469687891,14.1885324514201
43320,-18173,-8,16685,14,16685.1648911342,14.1711772843684
43340,-5134,-10,16685,14,16684.5830110667,14.3087467786316
43360,23047,16,16687,14,16686.8494520242,14.3450945720567
43380,-16552,-5,16685,14,16685.0136955079,14.2743931843441
43400,-7541,-24,16685,14,16685.0067478129,14.4446934866018
43420,23681,16,16687,14,16686.7558255841,14.4964384769372
43440,-14742,2,16685,15,16684.8502488606,14.5195685574245
43460,-9851,-21,16685,14,16685.2969434416,14.3792283183504
43480,24020,17,16687,14,16686.6639289182,14.4399010449345
43500,-12745,-2,16685,14,16684.7624613112,14.3740658663876
43520,-12034,-14,16686,14,16685.511168316,14.3398261926139
43540,24070,8,16687,14,16686.5653908384,14.1469426494959
43560,-10599,7,16685,14,16684.5317641949,14.1998328830395
43580,-14064,-18,16686,14,16685.6856213578,14.1808733147416
43600,23801,5,16686,14,16686.3596695763,14.0093178394997
43620,-8321,13,16685,14,16684.5670211165,13.8813506018417
43640,-15922,-23,16686,14,16685.8506166167,13.8344265302858
43660,23252,4,16686,14,16686.0809500737,13.6937592708777
43680,-5932,19,16684,14,16684.4709471233,13.5464064221152
43700,-17604,-13,16686,13,16686.0414875699,13.2804871104423
43720,22413,6,16686,13,16685.8633186588,13.1542456905556
43740,-3453,10,16684,13,16684.4187294859,12.9728720858663
43760,-19086,-16,16686,13,16686.2865943223,12.8366578655135
43780,21301,1,16686,13,16685.7240452229,12.736541226796
43800,-918,15,16684,12,16684.3912102346,12.3840422299476
43820,-20352,-9,16686,12,16686.4809286654,12.2395423314916
43840,19934,-10,16685,12,16685.4786684782,11.9415793913274
43860,1631,15,16685,12,16684.6570672258,11.6619351919771
43880,-21378,-9,16687,11,16686.5710562413,11.4341055413727
43900,18327,-10,16685,11,16685.1360913455,11.1203685935427
43920,4206,8,16685,11,16684.8653711564,10.9651436379101
43940,-22176,2,16687,11,16686.5990529191,10.713920194658
43960,16496,-4,16685,10,16684.8877754715,10.3815985228974
43980,6730,18,16685,10,16684.9501640492,10.0840099097222
44000,-22735,-2,16687,10,16686.5816651355,9.87242846264282
44020,14488,-3,16685,10,16684.6599509609,9.63972595078563
44040,9193,4,16685,9,16685.2166310085,9.26528245572551
44060,-23043,0,16686,9,16686.4894892867,8.9256914998223
44080,12308,-16,16684,9,16684.448739733,8.72514606342639
44100,11557,10,16685,8,16685.4335442277,8.29609518463355
44120,-23103,11,16686,8,16686.4825593683,7.92920642013594
44140,9983,-7,16684,8,16684.2986316573,7.72431479566311
44160,13786,3,16686,8,16685.5973693854,7.63332025562926
44180,-22889,-3,16686,7,16686.1401749326,7.09044526546112
44200,7585,-10,16684,7,16684.2887408949,6.92011123126825
44220,15864,11,16686,7,16685.8015704985,6.64468625811257
44240,-22446,-3,16686,6,16686.184992546,6.26720288735334
44260,5087,-1,16684,6,16684.2454397421,6.02505348783312
44280,17764,2,16686,6,16686.1945479692,5.89810119074351
44300,-21746,7,16686,6,16685.8312092199,5.56015136512712
44320,2541,0,16684,5,16684.3980283485,5.42936712184302
44340,19440,-2,16686,5,16686.3775612533,5.38487011652788
44360,-20798,-6,16686,5,16685.6758139552,5.18474606869758
44380,-7,5,16685,5,16684.5660090736,5.08893081077696
44400,20894,0,16686,5,16686.4909003695,5.01866632869231
44420,-19634,7,16685,5,16685.4774787565,5.08132110958853
44440,-2537,0,16684,5,16684.4489968757,5.09992915085592
44460,22098,1,16687,5,16686.5973867988,5.03653643079746
44480,-18243,1,16685,5,16685.2158408284,5.25065100130451
44500,-5021,6,16685,5,16684.6034570146,5.12952353720597
44520,23025,0,16687,5,16686.6065602135,5.43262622811242
44540,-16628,-10,16685,6,16685.1135394025,5.59713148491037
44560,-7425,6,16685,6,16684.8874040709,5.63993243670746
44580,23662,3,16687,6,16686.5941211285,5.96134193418311
44600,-14829,-6,16685,6,16684.7563025356,6.13700593097929
44620,-9741,-10,16685,6,16685.1092644022,6.46799512503681
44640,24016,2,16687,7,16686.627129047,6.7180595575471
44660,-12848,-3,16685,7,16684.8033870555,6.97155212721672
44680,-11932,9,16685,7,16685.3313403936,7.14018051132988
44700,24068,13,16687,7,16686.5370244593,7.33212177787747
44720,-10707,4,16685,8,16684.5264740809,7.6786661642827
44740,-13960,1,16686,8,16685.7003232951,8.15144434575094
44760,23823,8,16686,8,16686.2686723854,8.27256325055149
44780,-8430,-5,16684,9,16684.4572594666,8.67260695109175
44800,-15841,-2,16686,9,16685.958226625,8.74739079400966
44820,23281,3,16686,9,16686.1983421121,9.23744132677577
44840,-6048,-4,16684,9,16684.4543471259,9.49511593202
44860,-17540,-3,16686,10,16686.0359059276,9.61070874890349
44880,22456,10,16686,10,16685.9278647976,9.95313726451364
44900,-3570,-7,16684,10,16684.472485214,10.3172100986047
44920,-19019,-14,16686,11,16686.2336402913,10.6051514973267
44940,21354,8,16686,11,16685.621665765,10.7865136607305
44960,-1040,-2,16685,11,16684.605229699,10.952957826827
44980,-20293,-18,16686,11,16686.3155379983,11.2779383989828
45000,20010,10,16685,12,16685.4155152268,11.5145013020267
45020,1521,-3,16685,12,16684.5560157332,11.6288531080831
45040,-21332,-17,16686,12,16686.4971340962,11.9348819118582
45060,18404,12,16685,12,16685.0405206003,12.2545730462907
45080,4081,5,16685,12,16684.6765936566,12.3037326018367
45100,-22147,-20,16687,13,16686.5178651103,12.5842958465353
45120,16587,0,16685,13,16684.8749234503,12.5775718046052
45140,6620,13,16685,13,16684.9532759477,12.7705104635641
45160,-22714,-22,16687,13,16686.6306211681,13.0492980534395
45180,14586,3,16685,13,16684.7961687102,13.0717577092515
45200,9072,11,16685,13,16685.1909679501,13.2312477857816
45220,-23026,-11,16686,13,16686.4751107398,13.3279601396603
45240,12410,-2,16685,13,16684.584404832,13.359183112657
45260,11445,8,16685,13,16685.4018040486,13.4424954377433
45280,-23098,-15,16686,14,16686.459397557,13.5056411824837
45300,10098,-1,16684,14,16684.356845278,13.5153540435268
45320,13694,20,16686,14,16685.5083509885,13.6845209372214
45340,-22897,-14,16686,14,16686.2888845168,13.7020203374585
45360,7681,-8,16684,14,16684.2880166655,13.6408397749415
45380,15773,16,16686,14,16685.8446519578,13.7497869301673
45400,-22472,-15,16686,14,16686.0312770316,13.6973601756415
45420,5201,-12,16684,14,16684.2037849648,13.710534627272
45440,17683,17,16686,13,16686.0239273589,13.4797754322216
45460,-21776,-12,16686,14,16685.7915660172,13.7338950428083
45480,2657,-7,16684,14,16684.0540531868,13.5026671989046
45500,19375,16,16686,13,16686.1408285878,13.4841124684756
45520,-20861,-9,16686,14,16685.7938855868,13.523444269929
45540,116,-6,16684,13,16684.3618861451,13.3470520650863
45560,20835,19,16686,13,16686.3877697289,13.2855783388182
45580,-19710,7,16685,13,16685.4063665145,13.1922847510628
45600,-2418,-18,16684,13,16684.4123441691,12.9316392975475
45620,22041,13,16687,13,16686.5106119534,12.9293074906392
45640,-18311,8,16685,13,16685.2773219111,12.6988769034657
45660,-4904,-19,16685,13,16684.680459391,12.6209093775221
45680,22992,14,16687,12,16686.5265060588,12.3974504372371
45700,-16708,7,16685,12,16685.0902849196,12.1443647714948
45720,-7323,-10,16685,12,16684.8118728654,12.1233689302417
45740,23643,4,16687,12,16686.6037244531,11.9663019689669
45760,-14914,0,16685,12,16684.6387684742,11.658490903897
45780,-9647,-8,16685,11,16685.0536757994,11.3852760932157
45800,24000,-3,16687,11,16686.6183303342,11.1269858655938
45820,-12943,11,16685,11,16684.6417341042,11.0183507266004
45840,-11837,-7,16685,11,16685.2583047957,10.7704996220869
45860,24077,-1,16687,11,16686.5999246817,10.6546003121891
45880,-10814,9,16685,10,16684.6180982433,10.249571256277
45900,-13882,-10,16685,10,16685.4621203074,10.1049304371987
45920,23841,-2,16686,10,16686.388330518,9.76691241513919
45940,-8539,10,16684,10,16684.4840218375,9.52158834077855
45960,-15766,-10,16686,9,16685.7264717011,9.14815395055882
45980,23316,0,16686,9,16686.144875236,9.03464198844509
46000,-6151,10,16684,9,16684.3998115685,8.72114382460093
46020,-17461,-11,16686,8,16686.054164842,8.3615651336562
46040,22499,-4,16686,8,16685.8560307965,8.16076862380315
46060,-3689,8,16684,8,16684.3626366373,7.82645628421638
46080,-18958,5,16686,7,16686.1823200213,7.49884431200068
46100,21412,-8,16686,7,16685.706965169,7.28686411784075
46120,-1160,8,16685,7,16684.5032880513,7.01007227361102
46140,-20248,4,16686,7,16686.3910306332,6.8535531956971
46160,20070,0,16686,7,16685.5293846479,6.55844368686276
46180,1407,-2,16684,6,16684.4999276848,6.19081350672107
46200,-21287,-3,16686,6,16686.3460661203,6.09084465996917
46220,18492,-10,16685,6,16685.1754225963,5.87387788486022
46240,3968,0,16685,6,16684.7274182335,5.66455278050483
46260,-22115,-5,16687,5,16686.55688521,5.42099686692863
46280,16678,-4,16685,5,16684.8150756282,5.2515343739949
46300,6500,5,16685,5,16684.8205303322,5.16741216059838
46320,-22705,-5,16687,5,16686.550690051,5.08552345664878
46340,14674,-1,16685,5,16684.8247587874,5.06057061999929
46360,8970,15,16685,5,16685.0435339333,5.05180680085106
46380,-23020,-3,16686,5,16686.461642013,4.99980468368515
46400,12502,-4,16685,5,16684.6107710678,4.99863262552871
46420,11348,7,16685,5,16685.2467021899,5.00136700063093
46440,-23099,7,16686,5,16686.2379299055,5.17572081332639
46460,10212,12,16684,5,16684.3699549153,5.38221717498932
46480,13594,3,16686,6,16685.6543998057,5.55731851368086
46500,-22924,-8,16686,6,16686.1261115075,5.64365396512977
46520,7807,0,16684,6,16684.3219655079,5.86558004777661
46540,15690,-2,16686,6,16685.7715306338,5.97763981303449
46560,-22493,-7,16686,6,16685.9762342481,6.21401751460961
46580,5312,6,16684,6,16684.2817732239,6.45004087923092
46600,17586,-1,16686,7,16686.0618740024,6.6709784233649
46620,-21824,-14,16686,7,16685.9415705907,6.87334852323633
46640,2784,7,16684,7,16684.2560388403,7.24841712246543
46660,19299,-11,16686,7,16686.1460244178,7.40921617817971
46680,-20890,-18,16686,8,16685.7133037615,7.72739584105635
46700,232,12,16684,8,16684.2351688629,7.96649784350846
46720,20779,8,16686,8,16686.466858885,8.27428952765734
46740,-19758,-9,16686,9,16685.5001881663,8.53388237776336
46760,-2301,2,16684,9,16684.3689794938,8.69136323725312
46780,22003,2,16686,9,16686.3817726053,9.18058838664494
46800,-18373,-5,16685,9,16685.2818849305,9.29711134153372
46820,-4798,-7,16685,10,16684.5932754616,9.57175052971634
46840,22949,12,16687,10,16686.551158418,9.64740948470754
46860,-16787,-4,16685,10,16685.009863571,9.97758718798037
46880,-7218,-5,16685,10,16684.9223497266,10.3544365114066
46900,23619,12,16687,11,16686.6359249387,10.5251860323523
46920,-15003,0,16685,11,16684.8353931551,10.7212210161961
46940,-9534,-1,16685,11,16684.8554854708,11.0419233952072
46960,23985,12,16687,11,16686.5341697473,11.0838864601953
46980,-13041,-9,16685,11,16684.5918529218,11.2385575489584
47000,-11729,-8,16685,12,16685.2091884871,11.5704786660924
47020,24062,14,16687,12,16686.6151160153,11.6229416860578
47040,-10910,-3,16685,12,16684.5436956274,11.8301785700808
47060,-13790,-13,16686,12,16685.5246317231,12.0413411414333
47080,23851,10,16686,12,16686.4450556277,12.286049873103
47100,-8644,4,16685,12,16684.5510118505,12.3386065233275
47120,-15676,-12,16686,12,16685.7489944521,12.3655168051875
47140,23336,10,16686,12,16686.2286616678,12.3971845814634
47160,-6278,6,16685,13,16684.5692641516,12.6422858921211
47180,-17379,-14,16686,13,16686.0429739766,12.9285143916461
47200,22543,18,16686,13,16685.951719812,12.8589573139942
47220,-3800,16,16684,13,16684.4986403878,13.0188977728051
47240,-18891,-25,16686,13,16686.1088273332,12.820976616711
47260,21469,2,16686,13,16685.8106165068,13.046351037383
47280,-1278,8,16684,13,16684.4788178663,13.0183070465931
47300,-20180,-14,16686,13,16686.1868891286,13.0071063059054
47320,20140,1,16685,13,16685.4038430382,12.9492888619897
47340,1288,13,16684,13,16684.3859334651,13.1479245480751
47360,-21246,-13,16686,13,16686.2700038053,13.1435323032376
47380,18565,3,16685,13,16685.2086079781,13.0654807454366
47400,3841,23,16685,13,16684.7531471197,13.0478012395767
47420,-22081,-11,16686,13,16686.3971173326,13.0405111725202
47440,16757,1,16685,13,16684.9305020475,12.9365281186888
47460,6385,25,16685,13,16684.9923887003,12.6287993200314
47480,-22668,-15,16686,13,16686.3059900039,12.8056479391175
47500,14775,-7,16685,13,16684.7936945629,12.7048738033628
47520,8856,7,16685,13,16685.1161350524,12.5761062044508
47540,-23009,-4,16686,12,16686.3286262422,12.4776655938471
47560,12619,-3,16685,12,16684.6072363672,12.3230146252094
47580,11222,14,16685,12,16685.1756394746,12.2810114480649
47600,-23101,-15,16686,12,16686.361845389,11.9804630186243
47620,10318,-1,16685,12,16684.5167905218,11.9242093062024
47640,13493,16,16685,12,16685.4560250365,11.8149385710422
47660,-22937,-6,16686,12,16686.2557471816,11.5052743509499
47680,7920,-10,16684,11,16684.2703497198,11.4386526058579
47700,15594,16,16686,11,16685.6149325985,11.2416418604557
47720,-22518,-8,16686,11,16686.1035027648,10.9947386209837
47740,5435,-16,16684,11,16684.2477921655,10.9261995193892
47760,17508,15,16686,11,16685.9064175532,10.7182944509609
47780,-21854,-3,16686,10,16685.9033283505,10.454993293428
47800,2898,-23,16684,10,16684.3248551102,10.1011123497922
47820,19223,5,16686,10,16686.0448251081,9.92930332163969
47840,-20944,-2,16686,10,16685.7644101104,9.73918921885313
47860,338,-7,16684,9,16684.2632573095,9.44696338446911
47880,20704,5,16686,9,16686.4040857516,9.24053305669511
47900,-19811,7,16685,9,16685.4129303049,8.87497249115455
47920,-2176,-10,16684,9,16684.4243892086,8.61886953778597
47940,21950,12,16687,8,16686.5081772202,8.41040208796524
47960,-18445,7,16685,8,16685.2614417819,8.23130576101082
47980,-4675,-15,16685,8,16684.5946317956,7.92470979851155
48000,22918,3,16687,8,16686.5044947751,7.73126515762459
48020,-16866,0,16685,7,16685.0648698889,7.39161594836508
48040,-7105,1,16685,7,16684.7953883139,7.0245975474133
48060,23587,-2,16687,7,16686.6369106814,6.9800566907619
48080,-15089,11,16685,7,16684.8478648355,6.73314228856965
48100,-9430,-6,16685,6,16685.0460073411,6.46767427649808
48120,23988,-4,16687,6,16686.5339506774,6.16920432724107
48140,-13127,12,16685,6,16684.7827441133,5.98706695328564
48160,-11637,-7,16685,6,16685.1929417791,5.82942344785271
48180,24091,-2,16686,6,16686.4109783713,5.58722122486885
48200,-11019,11,16685,6,16684.5763778614,5.5641017707825
48220,-13703,4,16685,5,16685.1679343383,5.31904468190718
48240,23870,7,16686,5,16686.362669781,5.3398880416049
48260,-8760,9,16685,5,16684.6348231212,5.11880341852468
48280,-15593,3,16685,5,16685.4956173127,5.03922601478888
48300,23372,1,16686,5,16686.1678465744,5.01219216635795
48320,-6387,6,16684,5,16684.3324935074,5.00629486559172
48340,-17318,5,16686,5,16685.6187901558,5.09861251806558
48360,22586,5,16686,5,16686.0828369747,5.03091031462001
48380,-3917,-2,16685,5,16684.5261632226,5.12869055382317
48400,-18822,-4,16686,5,16686.1149613216,5.32509994771225
48420,21522,3,16686,5,16685.6820852241,5.30583221264582
48440,-1396,8,16684,6,16684.456995476,5.5878110931294
48460,-20123,0,16686,6,16686.1089136144,5.64566516508462
48480,20201,8,16685,6,16685.4601029363,5.79160811945827
48500,1167,-3,16684,6,16684.3990762229,6.04582516726418
48520,-21208,-14,16686,6,16686.2154134841,6.28177469823417
48540,18642,5,16685,7,16685.2083480159,6.51556879472161
48560,3730,-4,16685,7,16684.7150836655,6.71302444994989
48580,-22059,-10,16686,7,16686.3966023172,6.92994732461041
48600,16847,9,16685,7,16684.9836732981,7.2542080998721
48620,6263,-7,16685,7,16684.6405219568,7.43756565097075
48640,-22649,-11,16686,8,16686.3069403221,7.6968470868353
48660,14867,15,16685,8,16684.7731208354,7.93510052315029
48680,8744,5,16685,8,16684.9092042203,8.31211817732099
48700,-22999,-10,16686,8,16686.2530208033,8.3435744363552
48720,12717,5,16685,9,16684.5465983242,8.64637297512662
48740,11123,-2,16685,9,16685.0748007886,8.90556466661435
48760,-23100,-12,16686,9,16686.2693761036,9.16306007411689
48780,10429,5,16685,9,16684.5294431329,9.35372586192262
48800,13386,6,16685,10,16685.3854190801,9.69117873700099
48820,-22946,-18,16686,10,16686.1306557714,9.90376053104325
48840,8032,-4,16684,10,16684.2576611125,9.89404314947888
48860,15501,4,16686,10,16685.6174224483,10.3824215737166
48880,-22547,-11,16686,10,16686.1200152501,10.3650177882144
48900,5553,0,16684,10,16684.1901636986,10.486400698494
48920,17432,13,16686,11,16685.8107284461,10.9468152296399
48940,-21900,-7,16686,11,16685.9684847237,11.1455218024999
48960,3021,0,16684,11,16684.2096390578,11.0604363364709
48980,19147,12,16686,11,16686.1343649427,11.3733472356976
49000,-20993,-8,16686,12,16685.7416032035,11.5072794555772
49020,473,-6,16684,12,16684.3101048721,11.7723150800405
49040,20652,12,16686,12,16686.1743350285,11.7778716973293
49060,-19867,-19,16685,12,16685.4156248423,11.9486919884302
49080,-2067,-15,16685,12,16684.5279332082,12.0118349841937
49100,21882,1,16686,12,16686.4698147237,11.9642207487575
49120,-18512,-3,16686,12,16685.5319239442,12.124546947077
49140,-4561,-8,16685,12,16684.5190838857,12.4231033197728
49160,22876,17,16686,12,16686.4477850764,12.3088807339203
49180,-16941,-2,16685,12,16685.0636698879,12.3211918083489
49200,-6992,-6,16685,12,16684.702086034,12.4546246744432
49220,23571,11,16686,13,16686.4815582831,12.5519817596167
49240,-15178,-7,16685,12,16685.0724580659,12.4604354326755
49260,-9330,-11,16685,12,16684.8710455795,12.4921459700686
49280,23977,19,16687,13,16686.5515443759,12.5053308945125
49300,-13225,-6,16685,13,16684.6824072709,12.5881365436122
49320,-11532,-13,16685,12,16684.9492220894,12.4303332052584
49340,24074,12,16687,13,16686.5788953931,12.6671538677548
49360,-11114,8,16685,12,16684.588226075,12.3805128976701
49380,-13602,-13,16685,12,16685.270317802,12.2510363082067
49400,23889,0,16686,12,16686.3976984439,12.2986914954397
49420,-8863,2,16685,12,16684.5583025655,12.1709121891346
49440,-15518,-15,16686,12,16685.6526354631,12.1298013206369
49460,23391,11,16686,12,16686.1938955963,12.1907848137435
49480,-6498,17,16684,12,16684.4094126442,11.9405366720104
49500,-17236,-25,16686,12,16685.7076021391,11.9157094148597
49520,22626,-8,16686,12,16685.9635454457,11.6878655524383
49540,-4035,16,16684,12,16684.4207343913,11.6094486034006
49560,-18761,-17,16686,12,16686.0848476206,11.5168651808446
49580,21580,-1,16686,11,16685.8983990903,11.3670129926467
49600,-1521,12,16684,11,16684.4817119337,11.2026564581241
49620,-20079,-12,16686,11,16686.0823278023,11.0463335263335
49640,20269,-13,16686,11,16685.5275977151,10.8376694046737
49660,1035,15,16684,11,16684.4490398889,10.5983005528894
49680,-21150,4,16686,10,16686.3113068263,10.4406338858089
49700,18711,-4,16685,10,16685.1821657291,10.2198011691764
49720,3616,16,16685,10,16684.5451403838,9.98317676691017
49740,-22026,-9,16686,10,16686.3961462946,9.78647773636537
49760,16936,-11,16685,10,16684.9505867789,9.65469495973979
49780,6155,9,16685,9,16684.892391918,9.34262639565288
49800,-22622,-1,16687,9,16686.5165061674,9.17163543128351
49820,14963,-1,16685,9,16684.7215440121,8.90348092917877
49840,8636,3,16685,9,16685.0236890351,8.66959429468156
49860,-22988,-3,16686,8,16686.3448155657,8.39318513084425
49880,12818,-9,16685,8,16684.5749675458,8.18326464881223
49900,11015,9,16685,8,16685.1059428527,7.94639941557653
49920,-23100,9,16686,8,16686.2347429908,7.78603329386184
49940,10539,-6,16684,8,16684.3518520762,7.54913915311706
49960,13281,12,16685,7,16685.4401457066,7.32669229065033
49980,-22965,3,16686,7,16686.2663431301,7.05063300571303
50000,8137,-10,16684,7,16684.3765196548,6.82801773371123
50020,15397,-3,16686,7,16685.6087968022,6.62645547101729
50040,-22571,1,16686,6,16686.0624463978,6.42935999317778
50060,5661,-6,16684,6,16684.2801922483,6.1340613776172
50080,17340,2,16686,6,16685.8482579082,5.91888529412422
50100,-21936,3,16686,6,16685.9434568857,5.78990062252799
50120,3147,-13,16684,6,16684.2989645278,5.74558254226671
50140,19080,8,16686,5,16686.1240256614,5.4334800154344
50160,-21040,-3,16686,5,16685.7609279844,5.29138727526865
50180,584,3,16684,5,16684.2533806396,5.12121144267887
50200,20588,-6,16686,5,16686.2941827045,5.10794131261558
50220,-19927,1,16685,5,16685.4291146933,5.07874996154319
50240,-1947,7,16684,5,16684.4348506884,5.02275097369459
50260,21844,6,16686,5,16686.3150390894,5.03772390166184
50280,-18576,3,16685,5,16685.2681786028,4.95782998145358
50300,-4447,1,16684,5,16684.4106148799,4.94575062237776
50320,22836,-11,16686,5,16686.4582207587,5.182697324994
50340,-17027,5,16685,5,16685.2435623111,5.15807259454779
50360,-6879,3,16685,5,16684.5240842588,5.33199547835986
50380,23547,-6,16686,5,16686.3830445332,5.38847330245312
50400,-15265,-5,16685,6,16684.8817093069,5.60913561466916
50420,-9218,-2,16685,6,16684.8659732821,5.82961190818051
50440,23956,3,16687,6,16686.5517097426,6.00721815168011
50460,-13326,-7,16685,6,16684.7376244556,6.16849195255615
50480,-11432,4,16685,6,16685.0068204112,6.3899373101874
50500,24073,7,16686,7,16686.4939590821,6.5517396902464
50520,-11217,-7,16685,7,16684.5134345332,6.80078910288174
50540,-13508,-2,16685,7,16685.2138815537,6.95372188449286
50560,23902,5,16686,7,16686.4562588135,7.31717265239792
50580,-8981,-3,16685,8,16684.5128006856,7.52129139302221
50600,-15429,-10,16686,8,16685.5320650394,7.76043589203435
50620,23431,3,16686,8,16686.3233796623,7.76430446518714
50640,-6613,-2,16684,8,16684.3765847127,8.11244522805085
50660,-17143,-5,16686,8,16685.7237643892,8.12382804047759
50680,22673,6,16686,9,16685.8883425934,8.64020116501202
50700,-4145,3,16684,9,16684.3603270899,8.66434075860651
50720,-18686,-2,16686,9,16685.8780133725,8.94869272924822
50740,21638,15,16686,9,16685.8352810071,9.26624418251537
50760,-1634,-1,16685,9,16684.5385774373,9.37150976697458
50780,-20013,-13,16686,10,16686.0325832604,9.70423202219655
50800,20334,15,16685,10,16685.4579222067,9.91808490602521
50820,925,5,16684,10,16684.4572387539,9.99571441371876
50840,-21113,-13,16686,10,16686.2416192276,10.164587923583
50860,18793,14,16685,10,16685.4198141305,10.3984345651761
50880,3497,0,16684,11,16684.4997103295,10.5273082385765
50900,-21976,-21,16686,11,16686.2411970794,10.7281641420783
50920,17016,12,16685,11,16684.9828380246,10.8860508686863
50940,6035,0,16685,11,16684.6685076438,11.1870962741399
50960,-22603,-17,16686,11,16686.4598122306,11.1555934680769
50980,15067,11,16685,11,16684.7561885918,11.2221117003719
51000,8511,11,16685,11,16684.8407675128,11.4491701050229
51020,-22981,-15,16686,12,16686.3043501247,11.5661734029669
51040,12913,6,16685,12,16684.6037829504,11.6585851380806
51060,10908,14,16685,12,16685.1296040386,11.7653033654577
51080,-23099,-8,16686,12,16686.2696192015,11.6969380341609
51100,10650,1,16684,12,16684.2835696918,11.8069079852379
51120,13178,12,16685,12,16685.2560402855,11.8460790915708
51140,-22989,-2,16686,12,16686.3010326684,11.9436543363516
51160,8254,-3,16684,12,16684.2102493651,11.9879700442256
51180,15316,19,16685,12,16685.4839791262,11.9979551480398
51200,-22591,-9,16686,12,16686.0872610902,12.098947122968
51220,5781,-9,16684,12,16684.2835851735,11.9738382624109
51240,17257,9,16686,12,16685.6342841852,11.7934701212154
51260,-21963,-8,16686,12,16685.8659581746,11.9321814068091
51280,3254,-3,16684,12,16684.1881977333,12.0107373836913
51300,19003,18,16686,12,16685.8986666356,11.9096841340094
51320,-21098,-2,16686,12,16685.7914132043,12.0382082151477
51340,707,-11,16684,12,16684.2259018392,12.0169557943141
51360,20528,26,16686,12,16686.1524324593,11.7922176236862
51380,-19985,-3,16686,11,16685.6155000271,11.4237772013846
51400,-1828,-8,16684,12,16684.3405986107,11.6342369216894
51420,21789,12,16686,12,16686.2045256091,11.5421378983975
51440,-18653,-1,16685,12,16685.4496302694,11.5025048223202
51460,-4328,-9,16684,11,16684.439775852,11.234277207502
51480,22802,10,16686,11,16686.4772823091,11.2692868528525
51500,-17095,5,16685,11,16684.9860637786,11.0938160209303
51520,-6770,-8,16685,11,16684.5838410631,10.8131999412177
51540,23508,4,16686,11,16686.3718163303,10.7736386175934
51560,-15346,14,16685,11,16684.9277794034,10.6132747803164
51580,-9110,-18,16685,10,16684.5900879035,10.2941479696901
51600,23946,2,16687,10,16686.528465823,10.2877306702572
51620,-13419,13,16685,10,16684.6615762667,9.96296854293438
51640,-11334,-7,16685,10,16684.9337578373,9.9341213792728
51660,24076,-4,16686,10,16686.2445864309,9.63402580051559
51680,-11317,3,16685,10,16684.6341975237,9.63916875144066
51700,-13422,-5,16685,9,16685.1702121319,9.29553561780466
51720,23921,3,16686,9,16686.3130023107,9.19144526261376
51740,-9079,12,16685,9,16684.5123363073,9.01246966014311
51760,-15341,0,16686,9,16685.5082613901,8.73275365094682
51780,23461,-7,16686,8,16686.1503595214,8.39668949832313
51800,-6725,-1,16684,8,16684.4182762114,8.28917663092964
51820,-17079,-8,16686,8,16685.7338891618,8.09337294005874
51840,22722,2,16686,8,16685.8883345534,7.91412034159514
51860,-4269,8,16684,8,16684.4076486748,7.52447179416934
51880,-18631,-1,16686,7,16685.8950264729,7.21785370517961
51900,21692,-14,16686,7,16685.9120337399,7.15751217035291
51920,-1752,10,16685,7,16684.5132614056,6.98030152464777
51940,-19965,-6,16686,7,16686.1285299604,6.56718582708758
51960,20400,-5,16686,6,16685.6452289768,6.36867793138811
51980,814,1,16685,6,16684.5006557022,6.25052732150456
52000,-21070,2,16686,6,16686.0474692772,6.12856640429677
52020,18877,-5,16685,6,16685.2767968602,5.90689067292387
52040,3374,10,16684,6,16684.465898446,5.63525540819802
52060,-21946,5,16686,6,16686.2257080176,5.60144808983579
52080,17116,2,16685,5,16684.9947621402,5.42844522659343
52100,5915,0,16685,5,16684.5518698117,5.36240348106612
52120,-22577,-6,16686,5,16686.3477228213,5.26425705525006
52140,15159,-3,16685,5,16684.7950303586,5.07444578254611
52160,8405,2,16685,5,16684.7213700014,5.07543197822855
52180,-22972,-3,16686,5,16686.2705335948,4.99604335637212
52200,13030,7,16685,5,16684.674911146,4.97584497378335
52220,10802,-3,16685,5,16685.1747665109,5.04280989534853
52240,-23103,-7,16686,5,16686.2224343005,4.99249925669749
52260,10749,-4,16684,5,16684.4691366354,5.10521619736863
52280,13082,-8,16685,5,16685.3093017808,5.15122861558289
52300,-22992,3,16686,5,16686.0801113802,5.21036939369465
52320,8362,1,16684,5,16684.3493581744,5.4968918774613
52340,15219,2,16685,6,16685.4650178257,5.54344083833543
52360,-22616,-9,16686,6,16685.9934665155,5.61746457070492
52380,5894,-1,16684,6,16684.1654516159,5.92121533265131
52400,17168,4,16685,6,16685.4585432448,6.04669331122391
52420,-21996,-4,16686,6,16685.9162681588,6.16827426610353
52440,3365,-2,16684,6,16684.0650922136,6.35680230515902
52460,18925,10,16686,7,16685.8500912034,6.54978306534842
52480,-21146,-3,16686,7,16685.8521660734,6.83312888731253
52500,823,-1,16684,7,16684.1909750794,6.88890638998673
52520,20463,0,16686,7,16686.0841478377,7.13703410804341
52540,-20037,-12,16686,7,16685.5101478365,7.37026463441103
52560,-1708,2,16684,8,16684.2643338365,7.6250320183754
52580,21734,17,16686,8,16686.2228689004,7.70703817948244
52600,-18712,-10,16685,8,16685.3648700275,8.06797900073184
52620,-4209,0,16684,8,16684.3160892122,8.3667023960683
52640,22753,14,16686,8,16686.3442059875,8.38100297920839
52660,-17179,-17,16685,9,16685.0687589084,8.62396676329258
52680,-6657,-6,16684,9,16684.468215822,8.95715986742589
52700,23486,6,16686,9,16686.4280447853,9.1272739033213
52720,-15443,-3,16685,9,16684.8899362731,9.38418820576666
52740,-8998,-5,16685,9,16684.7330330392,9.46164388878196
52760,23932,8,16686,10,16686.4489518605,9.69165737406405
52780,-13521,-8,16685,10,16684.7058672007,9.92428612435801
52800,-11235,-14,16685,10,16684.9367386398,10.0118825886419
52820,24086,15,16687,10,16686.501770954,10.0456842218126
52840,-11415,-6,16685,10,16684.7674348265,10.0876166543751
52860,-13330,-18,16685,10,16684.9714351932,10.4749282142528
52880,23936,18,16686,11,16686.453069358,10.7176908186594
52900,-9175,-6,16684,11,16684.3954081281,10.9413274553125
52920,-15256,-11,16685,11,16685.2998465926,10.9617365398348
52940,23494,10,16686,11,16686.3112412566,11.0331531644403
52960,-6834,-2,16685,11,16684.6978440345,11.0929026965161
52980,-16999,-11,16686,11,16685.5378017724,11.3090140519908
53000,22763,12,16686,11,16685.9951444672,11.2082667768315
53020,-4389,-3,16684,11,16684.4681044298,11.4477306532507
53040,-18556,-19,16686,11,16685.7508120658,11.4056720744001
53060,21748,5,16686,11,16685.8914328085,11.4984182845674
53080,-1867,-4,16684,11,16684.3599435834,11.3942895339892
53100,-19901,-13,16686,11,16686.0107612927,11.3915787495083
53120,20475,3,16686,12,16685.6272890855,11.5921073634176
53140,687,11,16684,12,16684.4419332217,11.5239645006612
53160,-21027,-14,16686,12,16686.0878847385,11.5980134512607
53180,18948,-1,16685,12,16685.2627835759,11.5223966690962
53200,3260,3,16684,12,16684.4722462164,11.5864300510608
53220,-21910,-21,16686,12,16686.1596332089,11.6535268266735
53240,17203,-3,16685,11,16685.0815539485,11.4925247443719
53260,5799,13,16685,11,16684.6429306603,11.4639806159335
53280,-22557,-12,16686,11,16686.1912160866,11.3067146808876
53300,15247,3,16685,11,16684.7457816882,11.4245358562722
53320,8290,18,16685,11,16684.8755476853,11.3773714045963
53340,-22950,-4,16686,11,16686.3148711892,11.3834961402462
53360,13129,9,16685,11,16684.7928072467,11.049493589923
53380,10685,8,16685,11,16684.8724021763,11.0795243298167
53400,-23102,-10,16686,11,16686.1475481471,10.8851088971643
53420,10866,-8,16685,11,16684.5773065778,10.835022154021
53440,12976,14,16685,11,16685.1822841766,10.7094985585227
53460,-22994,-3,16686,11,16686.2834051491,10.5963768867005
53480,8483,-10,16684,11,16684.3811035383,10.5062992637156
53500,15124,10,16686,10,16685.5359847208,10.3023150462651
53520,-22639,-10,16686,10,16686.0505615771,10.0745875574698
53540,6029,-11,16684,10,16684.2228726793,9.97100288022724
53560,17087,8,16686,10,16685.633367277,9.70387980156004
53580,-22026,3,16686,10,16685.933287007,9.59868561965648
53600,3488,-13,16684,10,16684.2244896722,9.52266519120304
53620,18845,11,16686,9,16685.8841353747,9.47623724194498
53640,-21183,12,16686,9,16685.9530546517,9.18801816140864
53660,938,2,16684,9,16684.2290997393,8.93187104208855
53680,20384,9,16686,9,16685.8382898218,8.66498881995816
53700,-20104,6,16686,9,16685.7232602026,8.50844020296905
53720,-1590,-13,16684,8,16684.2740041164,8.26498993307009
53740,21686,4,16686,8,16686.1155420478,8.08608469068931
53760,-18790,7,16685,8,16685.2839861211,7.87912218500576
53780,-4099,-3,16684,8,16684.3358759228,7.75617193756044
53800,22715,-2,16686,7,16686.3189035224,7.3706124395721
53820,-17257,3,16685,7,16685.2373222559,7.20863062368644
53840,-6554,3,16684,7,16684.4129675069,7.14488043330677
53860,23455,12,16686,7,16686.2175224361,6.83546873392747
53880,-15521,4,16685,7,16685.0026522581,6.66764722606483
53900,-8894,-19,16685,6,16684.6425934361,6.45189531261939
53920,23924,-2,16686,6,16686.3072033251,6.25841230739674
53940,-13600,2,16685,6,16684.8308394296,5.96091190197649
53960,-11131,-1,16685,6,16684.7728136617,5.9370065584434
53980,24089,-4,16686,6,16686.4243835157,5.77962392672525
54000,-11518,1,16685,5,16684.8462780532,5.46915177095589
54020,-13228,-2,16685,5,16685.1952695601,5.35643596526646
54040,23941,5,16686,5,16686.2795119282,5.31647369768016
54060,-9293,-4,16685,5,16684.5945021426,5.26124168447905
54080,-15166,-2,16685,5,16685.4443681886,5.09164066755501
54100,23510,1,16686,5,16686.2244477167,4.98231736525535
54120,-6951,-5,16684,5,16684.4362835577,5.00185512460127
54140,-16934,-2,16686,5,16685.5691268141,5.0265894563312
54160,22789,-8,16686,5,16686.1219873963,4.99320827787606
54180,-4498,-3,16684,5,16684.3521101202,4.93653570488708
54200,-18494,1,16686,5,16685.7148705402,5.03454860811771
54220,21791,9,16686,5,16685.9293490929,5.18782943231078
54240,-1996,-11,16684,5,16684.3162009128,5.14081496609487
54260,-19850,0,16686,5,16685.8019879464,5.27016680980071
54280,20526,0,16686,5,16685.6818093938,5.36381466985018
54300,574,-2,16685,6,16684.5066905888,5.59750223313935
54320,-20975,-1,16686,6,16686.1292755449,5.80936995696392
54340,19028,12,16685,6,16685.3227006918,5.98720967458966
54360,3139,-6,16684,6,16684.3830892279,6.15008018875567
54380,-21880,-11,16686,6,16686.0774793969,6.30270744154843
54400,17282,-2,16685,6,16685.1822427749,6.41360096542886
54420,5682,5,16684,7,16684.4833059134,6.70110327903175
54440,-22534,-7,16686,7,16686.3531235986,6.78832076644327
54460,15356,10,16685,7,16684.8230051339,7.00317310893783
54480,8172,14,16685,7,16684.7149799278,7.33087301886685
54500,-22949,-18,16686,7,16686.2015511636,7.47810932927735
54520,13229,9,16685,8,16684.5373570881,7.55230782712311
54540,10574,3,16685,8,16684.9564006635,7.84199121217787
54560,-23097,-14,16686,8,16686.0552882788,7.96557841296695
54580,10973,3,16684,8,16684.4011172519,8.27058570420651
54600,12871,13,16685,8,16685.0801735035,8.45755717908546
54620,-23007,-4,16686,9,16686.2019610665,8.6751682935765
54640,8601,3,16684,9,16684.2878318584,8.90529051849236
54660,15010,12,16685,9,16685.2214426739,8.90908671929256
54680,-22667,-17,16686,9,16686.0648826738,9.22294660835814
54700,6127,-2,16684,9,16684.1536856985,9.39369230271702
54720,16999,17,16686,9,16685.6461251145,9.46307585764269
54740,-22064,2,16686,10,16686.020315828,9.60213141622083
54760,3614,-5,16684,10,16684.244268575,9.80525708006934
54780,18767,17,16686,10,16685.6945537038,9.96011332374662
54800,-21222,-14,16686,10,16685.7314810913,10.0885725885776
54820,1064,-1,16684,10,16684.1299104025,10.1609123913653
54840,20325,6,16686,10,16685.9901985616,10.2983567788143
54860,-20161,1,16685,11,16685.4982332415,10.5359202367128
54880,-1480,-4,16684,11,16684.1971688099,10.6947846153511
54900,21624,8,16686,11,16686.1126411236,10.7354780182929
54920,-18852,-5,16685,11,16685.3355482418,10.8527745228467
54940,-3993,-10,16684,11,16684.4008952348,10.8734957652197
54960,22670,19,16686,11,16686.2132522616,10.886364841081
54980,-17327,-7,16685,11,16685.1952567642,10.9652772280276
55000,-6438,-5,16684,11,16684.4559215149,11.0896559346988
55020,23433,11,16686,11,16686.2826010832,10.965811572223
55040,-15600,-1,16685,11,16684.7898755838,11.0754139842209
55060,-8789,-14,16685,11,16684.5611763968,10.986664057364
55080,23907,17,16686,11,16686.1673241851,11.0756895242463
55100,-13694,1,16685,11,16684.8410432619,11.2221334556703
55120,-11039,-14,16685,11,16684.7449281121,11.3090680222223
55140,24092,13,16687,11,16686.5501932779,11.0679718105893
55160,-11622,5,16685,11,16684.602737474,11.1463212996766
55180,-13139,-9,16685,11,16685.0324826627,11.1799795777709
55200,23954,14,16686,11,16686.3243218811,11.1081992169636
55220,-9393,9,16684,11,16684.4105544023,11.2444756401477
55240,-15082,-13,16685,11,16685.2887564973,10.9415394326507
55260,23540,9,16686,11,16686.174307507,10.915401783432
55280,-7059,9,16684,11,16684.350783142,10.9138583776545
55300,-16847,-10,16686,11,16685.5375369648,10.723953274242
55320,22837,10,16686,11,16686.0849097601,10.6151608854977
55340,-4616,9,16684,11,16684.245603083,10.6740137864114
55360,-18423,-14,16686,11,16685.6928928997,10.5212071922023
55380,21848,-2,16686,10,16685.8657181874,10.4414172102917
55400,-2109,24,16684,10,16684.3107671227,10.1160261157729
55420,-19788,-14,16686,10,16685.8066446404,10.1242042511375
55440,20597,-1,16686,10,16685.6345412949,10.0196096792739
55460,446,5,16684,10,16684.2227807034,10.1097613913794
55480,-20924,-6,16686,10,16685.8952028051,9.70872171522853
55500,19100,-6,16685,10,16685.3410690442,9.53356785341275
55520,3010,16,16684,9,16684.4332426419,9.42449175934039
55540,-21839,-7,16686,9,16686.1432248868,9.1359763820363
55560,17368,-4,16685,9,16685.0307017711,9.11099631798027
55580,5557,14,16684,9,16684.417389702,8.88445798853256
55600,-22508,-2,16686,9,16686.252216758,8.72864302078937
55620,15443,-3,16685,8,16684.835374484,8.38305640954569
55640,8057,7,16685,8,16684.6465054907,8.27275507690757
55660,-22922,4,16686,8,16686.1350754848,7.99516150067496
55680,13335,-2,16685,8,16684.5735416609,7.91757464639583
55700,10463,9,16685,8,16684.7785071606,7.79808044288785
55720,-23099,-1,16686,8,16686.2537328766,7.58203829372419
55740,11085,-11,16684,7,16684.4968756889,7.31346815172186
55760,12780,10,16685,7,16685.043216222,7.06624969595789
55780,-23012,2,16686,7,16686.0812753735,6.93551139854697
55800,8715,-5,16684,7,16684.2685312351,6.74093358125379
55820,14930,6,16685,7,16685.2151989524,6.52592112152568
55840,-22682,4,16686,6,16686.0628877177,6.45720966367246
55860,6249,-2,16684,6,16684.1264150875,6.22696928564571
55880,16906,-3,16685,6,16685.4161610311,5.99627569960096
55900,-22105,8,16686,6,16685.8273929583,5.86445613020722
55920,3726,-1,16684,6,16684.2528288805,5.66039212974684
55940,18691,4,16686,5,16685.6344689042,5.48441951548885
55960,-21277,5,16686,5,16685.6357861818,5.45135626759525
55980,1183,-6,16684,5,16684.105002454,5.2762781700859
56000,20260,-6,16686,5,16685.8748913313,5.1228558777063
56020,-20203,-7,16686,5,16685.5324530913,5.24762781228338
56040,-1367,1,16684,5,16684.1959656223,5.1002403053067
56060,21573,-14,16686,5,16686.1015618471,5.09442096807871
56080,-18916,3,16685,5,16685.4802614994,4.99367275440882
56100,-3873,-2,16684,5,16684.313784692,5.00478286866673
56120,22637,-6,16686,5,16686.1011164899,4.99269485880371
56140,-17402,-5,16685,5,16685.1476648003,5.05139600135448
56160,-6325,-1,16684,5,16684.4506274259,5.17739509037846
56180,23404,0,16686,5,16686.2532552617,5.15054134745805
56200,-15691,-1,16685,5,16685.0599171231,5.32395364572937
56220,-8681,2,16684,5,16684.4202222343,5.45927751057775
56240,23897,-5,16686,5,16686.2555752426,5.4569962977585
56260,-13777,-4,16685,6,16684.8779862563,5.62840608681756
56280,-10924,9,16685,6,16684.7733424452,5.76401569681459
56300,24077,9,16686,6,16686.4007947609,5.96609070340453
56320,-11722,-6,16685,6,16684.5391073256,6.17626426202563
56340,-13042,3,16685,6,16684.9726329694,6.37350625882253
56360,23972,8,16686,6,16686.3138140857,6.4166455289154
56380,-9509,-6,16684,7,16684.4876955465,6.62300972462671
56400,-15004,-8,16685,7,16685.0845115764,6.86069178704852
56420,23575,6,16686,7,16686.0229215569,7.04247368095011
56440,-7170,-10,16684,7,16684.4599363868,7.17663921279487
56460,-16780,-6,16685,7,16685.4431161251,7.39897783797701
56480,22862,13,16686,8,16686.1764636502,7.56993758746563
56500,-4718,-5,16684,8,16684.2540676881,7.92683523210083
56520,-18357,-7,16686,8,16685.5515629895,7.9692554986727
56540,21897,0,16686,8,16685.8564693346,8.20117536355308
56560,-2220,2,16684,8,16684.3962105801,8.49853503000664
56580,-19715,0,16686,9,16685.7376799491,8.66791857945147
56600,20663,8,16686,9,16685.7642147044,8.64034244565139
56620,324,-5,16684,9,16684.1335261985,8.95383395971385
56640,-20884,-13,16686,9,16685.9312597727,9.15724983875481
56660,19179,10,16686,9,16685.5427701842,9.14380286638852
56680,2890,-1,16684,9,16684.4448463182,9.4406037942496
56700,-21793,-14,16686,10,16686.0886323146,9.57004145024331
56720,17452,7,16685,10,16685.2437474294,9.72461388613322
56740,5432,7,16684,10,16684.4489685758,9.7598983209035
56760,-22473,-2,16686,10,16686.1961187483,9.93883884455951
56780,15530,5,16685,10,16684.8989789127,9.98710105586201
56800,7937,16,16685,10,16684.5302746831,10.1509842118265
56820,-22919,3,16686,10,16686.248372742,10.1353751819124
56840,13444,6,16685,10,16684.6749709715,10.4534519754541
56860,10361,7,16685,10,16684.9206829121,10.3834091485829
56880,-23098,-13,16686,11,16686.1344158452,10.5082742695935
56900,11192,-4,16684,11,16684.3305793594,10.569836117314
56920,12669,13,16685,11,16684.9656779777,10.6446050742853
56940,-23026,-4,16686,11,16686.0586005605,10.6200356049309
56960,8818,-3,16684,11,16684.3245423166,10.8499171943845
56980,14830,5,16685,11,16685.0554645681,10.720230400684
57000,-22699,-9,16686,11,16686.030195066,10.6539128668767
57020,6363,0,16684,11,16684.1685055016,10.8293988247848
57040,16825,13,16685,11,16685.4377753881,10.9164641461017
57060,-22127,-7,16686,11,16685.9015338347,10.8908267556635
57080,3841,-7,16684,11,16684.0554317485,10.894312055208
57100,18614,13,16686,11,16685.7359501827,10.9120127146359
57120,-21310,3,16686,11,16685.779810223,10.8484432386921
57140,1293,-11,16684,11,16684.1510687322,10.955855134071
57160,20180,13,16686,11,16685.7250400034,10.7675070923764
57180,-20262,-1,16685,11,16685.4460373211,10.8106709074298
57200,-1251,-5,16684,11,16684.0877223245,10.643010929273
57220,21522,20,16686,10,16686.1740507787,10.4926732249818
57240,-18982,-7,16685,11,16685.4465778693,10.520116518485
57260,-3755,-3,16684,10,16684.2582535878,10.3724465042908
57280,22589,5,16686,10,16686.1043241263,10.4729469199218
57300,-17484,4,16685,10,16685.1671268021,10.3411651793028
57320,-6210,-5,16684,10,16684.355937555,10.0682849248581
57340,23369,17,16686,10,16686.283054234,9.96570045440234
57360,-15777,4,16685,10,16684.977703142,9.98766328871523
57380,-8577,-16,16684,10,16684.3738808765,9.67883937466807
57400,23873,7,16686,10,16686.2086809962,9.64867471874376
57420,-13874,13,16685,10,16684.6532744224,9.51362355798909
57440,-10828,-11,16685,9,16684.6329354125,9.30471045861987
57460,24081,2,16686,9,16686.2198312803,9.1575964240419
57480,-11820,9,16685,9,16684.7066574927,9.09005777707848
57500,-12950,-7,16685,9,16684.9051186209,8.78316816238594
57520,23987,0,16686,9,16686.4457373626,8.65510766379454
57540,-9614,7,16685,9,16684.5969686738,8.50796673987828
57560,-14906,-5,16685,8,16685.1710657227,8.35050639370152
57580,23602,-7,16686,8,16686.1380004517,8.06691981567314
57600,-7278,2,16684,8,16684.4355883736,7.98628585255687
57620,-16696,-8,16685,8,16685.2689263034,7.77321372165336
57640,22914,-8,16686,8,16686.1219358208,7.63568667098775
57660,-4844,10,16684,7,16684.2462854858,7.41939103169863
57680,-18293,-4,16685,7,16685.4737439358,7.1403685676056
57700,21949,-4,16686,7,16685.8565109029,7.06573142334713
57720,-2342,3,16684,7,16684.2413988742,6.85725693380742
57740,-19675,-7,16686,7,16685.7956237604,6.7404989557061
57760,20721,-8,16686,6,16685.6437001683,6.46793850586298
57780,209,11,16684,6,16684.2648608655,6.1795640395379
57800,-20828,8,16686,6,16685.9144535553,6.14040632562292
57820,19248,-6,16686,6,16685.5832756392,5.95279690696945
57840,2780,1,16684,6,16684.2980962081,5.80989524970115
57860,-21768,1,16686,6,16685.8905474747,5.7029323597602
57880,17542,-6,16685,5,16685.1567866215,5.45052767657637
57900,5329,2,16684,5,16684.3166789637,5.36993311323568
57920,-22455,9,16686,5,16686.2228498359,5.32422878071322
57940,15626,-3,16685,5,16684.9953007203,5.20943217575102
57960,7835,-1,16685,5,16684.5798790743,5.11319620106886
57980,-22897,2,16686,5,16686.0745664611,5.07071574860246
58000,13542,6,16685,5,16684.7683774332,5.02872607501144
58020,10250,-3,16685,5,16684.7963615375,4.99144776405103
58040,-23090,-2,16686,5,16686.0738371955,4.97692429022433
58060,11294,-4,16684,5,16684.4860058395,5.05125100532037
58080,12562,0,16685,5,16685.021595084,5.01131532135027
58100,-23036,-5,16686,5,16686.148177375,5.09533142629113
58120,8936,-1,16684,5,16684.2058401898,5.14800477126819
58140,14729,-6,16685,5,16685.2232806764,5.23770882638583
58160,-22731,-2,16686,5,16686.0923492572,5.35891944127965
58180,6463,7,16684,5,16684.1953284921,5.42178494161517
58200,16733,0,16685,6,16685.2693702781,5.56032699830909
58220,-22171,-4,16686,6,16685.9692637044,5.72314551022862
58240,3973,9,16684,6,16684.041368366,5.90347983978518
58260,18538,7,16686,6,16685.6781149366,6.05923720188853
58280,-21360,-7,16686,6,16685.8090262167,6.17559223501074
58300,1414,0,16684,6,16684.1316389526,6.39902412603867
58320,20122,3,16686,7,16685.6727821467,6.57242552972265
58340,-20315,-15,16686,7,16685.6323800703,6.67774551448691
58360,-1131,3,16684,7,16684.096676971,6.81676328756911
58380,21462,2,16686,7,16685.8848306595,7.02357219698424
58400,-19040,-14,16685,7,16685.2840249108,7.15829665056569
58420,-3637,2,16684,7,16684.2117161146,7.4159186625377
58440,22545,8,16686,8,16686.1447186587,7.55385934576657
58460,-17552,-16,16685,8,16685.2567558326,7.76177281215445
58480,-6094,-3,16684,8,16684.2704623791,7.90031892156893
58500,23339,12,16686,8,16686.0875198536,8.01621891074589
58520,-15862,-6,16685,8,16684.9260852049,8.17759419847916
58540,-8459,-3,16684,8,16684.3636832117,8.46645783094235
58560,23861,8,16687,9,16686.5721888096,8.54157456759291
58580,-13973,-2,16685,9,16684.7466553474,8.92551370632946
58600,-10718,-12,16685,9,16684.6933787768,8.99772106563656
58620,24074,17,16686,9,16686.3640410559,9.07209890354073
58640,-11923,-4,16685,9,16684.6839219153,9.39165187813092
58660,-12853,-5,16685,9,16684.7927642929,9.41289217310493
58680,23995,18,16686,10,16686.3456401268,9.59797341890464
58700,-9722,-6,16685,10,16684.5730564693,9.58573056520733
58720,-14814,-7,16685,10,16685.0205850293,9.67473957982849
58740,23624,7,16686,10,16686.2946700188,9.90004981442644
58760,-7396,-2,16684,10,16684.4118133842,10.0150643368815
58780,-16621,-16,16685,10,16685.3283346847,10.1392766823194
58800,22949,18,16686,10,16685.9655695815,10.0112241696508
58820,-4961,-1,16684,10,16684.1978982599,10.1896446170549
58840,-18221,-18,16685,10,16685.449068805,10.2592255548055
58860,21993,10,16686,10,16685.893081456,10.3111149638085
58880,-2458,-1,16684,10,16684.3182693814,10.400195310666
58900,-19609,-14,16686,11,16685.596190134,10.5428348743353
58920,20792,16,16686,11,16685.630413258,10.5365922095631
58940,94,7,16684,11,16684.2310481548,10.5922519221009
58960,-20785,-10,16686,11,16685.7717846395,10.5269255772697
58980,19321,-5,16686,11,16685.530903722,10.5541178834081
59000,2658,19,16684,11,16684.2717825813,10.5427190886057
59020,-21726,-2,16686,11,16686.081065947,10.5320034040597
59040,17626,4,16685,10,16685.1851267192,10.4739842325223
59060,5207,11,16684,11,16684.2782459822,10.5119444710529
59080,-22424,-9,16686,11,16686.1039414427,10.5817017586669
59100,15731,-2,16685,10,16685.0437023145,10.4415224285063
59120,7717,8,16684,10,16684.3965713682,10.4405052746802
59140,-22888,-10,16686,10,16686.1063464307,10.2931755493932
59160,13642,-2,16685,10,16684.8014889768,10.3892386293162
59180,10140,9,16685,10,16684.768102195,10.1735069735379
59200,-23095,-5,16686,10,16686.0649768269,10.205888312636
59220,11392,-4,16685,10,16684.5845499738,10.0936774378197
59240,12462,8,16685,10,16684.8098847319,9.89350027322231
59260,-23042,-1,16686,10,16686.0536232528,9.96012557965511
59280,9045,-21,16684,10,16684.246920763,9.8706230410623
59300,14634,13,16685,10,16684.9842212286,9.6480294701172
59320,-22745,-9,16686,10,16686.13419955,9.50456048020501
59340,6595,2,16684,9,16684.2748053451,9.27195978643404
59360,16639,10,16685,9,16685.1891658441,9.33310953507726
59380,-22196,0,16686,9,16685.8128292043,9.3156585457296
59400,4087,-15,16684,9,16684.1915319401,8.95394302545672
59420,18465,17,16686,9,16685.5067797862,8.84281134594649
59440,-21392,-2,16686,9,16685.7992942981,8.58256374229898
59460,1529,-14,16684,9,16684.0041508437,8.53649964399197
59480,20058,3,16686,8,16685.7137637021,8.38145448576051
59500,-20374,9,16686,8,16685.5437731766,8.05924413426129
59520,-1010,-5,16684,8,16684.154067644,8.01669096225961
59540,21402,4,16686,8,16685.9411753788,7.70605611069956
59560,-19104,3,16685,8,16685.4667278158,7.64690117997153
59580,-3528,1,16684,7,16684.1514943648,7.38996429393438
59600,22498,7,16686,7,16686.1088361047,7.23383502304448
59620,-17629,5,16685,7,16685.2434950837,6.99825592112063
59640,-5983,-3,16684,7,16684.2790414966,6.89108558551372
59660,23314,-4,16686,7,16686.1123971383,6.68987253475356
59680,-15936,6,16685,6,16685.1719762328,6.46261408869313
59700,-8354,-11,16685,6,16684.5297668899,6.44337565595473
59720,23841,-9,16686,6,16686.2158608208,6.08099626911578
59740,-14072,9,16685,6,16684.9224479759,6.06586166462565
59760,-10627,-8,16685,6,16684.7108990071,6.04953914179626
59780,24074,1,16686,6,16686.2709263701,5.82087350484229
59800,-12031,-1,16685,6,16684.7189975688,5.55160449780061
59820,-12765,-5,16685,6,16684.7139389066,5.55404466216963
59840,24009,2,16686,5,16686.2128113334,5.39051177417321
59860,-9820,10,16684,5,16684.4772414894,5.31693289318428
59880,-14733,3,16685,5,16684.9862087633,5.26087044247433
59900,23643,-4,16686,5,16686.3692898177,5.19685714819544
59920,-7497,-2,16684,5,16684.370756176,5.05410183044426
59940,-16536,-3,16685,5,16685.1264108544,4.95144884888504
59960,22985,14,16686,5,16686.065001554,5.08833108997931
59980,-5070,1,16684,5,16684.2166281012,4.9676934804419
60000,-18146,0,16685,5,16685.3836151954,4.94044117305074
