frequency_hz,h_real,h_imag,magnitude,magnitude_db,phase_deg,fit_real,fit_imag,fit_magnitude,fit_magnitude_db,fit_phase_deg,complex_error
200,0.941136741644491,-0.247429086267272,0.973118450757289,-0.236685858984943,-14.729983955961,0.953069946529776,-0.262586589826774,0.988581832796417,-0.0997474969416949,-15.4037654886961,0.0192912232113593
220,0.956328229299831,-0.291194270515256,0.99967884109681,-0.00278999882985372,-16.9350716746098,0.945686535522445,-0.28811637006169,0.988602076755845,-0.0995696310420383,-16.9440761843626,0.011077866114632
240,0.930655040768183,-0.292928584470339,0.975666931133276,-0.213968291299094,-17.4716704991284,0.937621282868408,-0.313439271399531,0.988624219278118,-0.0993750883079425,-18.4843681595315,0.021661412864961
260,0.930899038716286,-0.346930697414729,0.993445483703849,-0.0571192047261081,-20.4395936755336,0.92887996706045,-0.33853710831802,0.988648252370149,-0.0991639400842683,-20.0246397552539,0.00863301733322698
280,0.920749130323571,-0.342498764087145,0.982387074626307,-0.154347204501951,-20.4041125645677,0.919468851045204,-0.363391856210173,0.988674167358621,-0.0989362637805882,-21.5648893236961,0.020932281612189
300,0.902947635154509,-0.39544641612457,0.985744540870954,-0.124712388086128,-23.6510416361777,0.909394677754908,-0.387985664273323,0.98870195489367,-0.0986921428366284,-23.1051152290326,0.00986038419521416
320,0.907142009615578,-0.394925363292206,0.989379941266686,-0.0927379757678483,-23.5259585914493,0.898664665296737,-0.412300868274322,0.988731604952859,-0.0984316666849829,-24.6453158483304,0.0193332237374867
340,0.874403547551693,-0.4386476208092,0.978260343268885,-0.190911031063321,-26.640792982359,0.887286501803115,-0.436320003181866,0.988763106845433,-0.0981549307112558,-26.1854895724266,0.013091535970363
360,0.88842708957903,-0.449411553385832,0.995627158033836,-0.0380653103052406,-26.8326039541913,0.875268339946689,-0.46002581565693,0.988796449216853,-0.0978620362115007,-27.7256348067952,0.0169060715556958
380,0.846581160358542,-0.477984946331636,0.972198163953045,-0.24490406896979,-29.4493407936697,0.86261879112388,-0.483401276392437,0.988831620053617,-0.0975530903471168,-29.2657499724053,0.0169275583559133
400,0.862332857917042,-0.505500298174447,0.999574163980756,-0.00369955242432176,-30.378870341974,0.84934691931116,-0.506429592293364,0.988868606688362,-0.0972282060970475,-30.8058335065691,0.0130191470164205
420,0.822744499022014,-0.516745578957952,0.971562918211463,-0.250581386672573,-32.1319190041673,0.835462234598407,-0.529094218488635,0.98890739580522,-0.0968875022076178,-32.3458838637786,0.0177265252221014
440,0.830048776044201,-0.557186664465111,0.999718935336444,-0.00244163979421425,-33.8722685842352,0.820974686403984,-0.551378870166245,0.988947973445481,-0.09653110313961,-33.8858995165318,0.0107735591805426
460,0.798300604206948,-0.555538777029456,0.972577599711489,-0.241514745402548,-34.8341238525596,0.805894656376348,-0.573267534223197,0.988990325013494,-0.0961591390130222,-35.4258789561465,0.0192867431150577
480,0.790708121866823,-0.605112681362814,0.99568101876668,-0.0375954399086085,-37.4260878099036,0.790232950987257,-0.594744480721973,0.989034435282856,-0.0957717455492649,-36.9658206935621,0.0103790833840721
500,0.774676840132988,-0.598109024948992,0.978702514742792,-0.186985915496525,-37.6708516828461,0.774000793821842,-0.61579427414538,0.989080288402856,-0.09536906401094,-38.5057232601288,0.0176981659432035
520,0.749912793718514,-0.645561483028357,0.989504333771449,-0.0916459871324082,-40.7234735423891,0.757209817571044,-0.636401784441787,0.989127867905189,-0.0949512411392125,-40.0455852083829,0.0117109621851157
540,0.747360174025153,-0.642402645791719,0.98550920291954,-0.126786316406901,-40.6811124447471,0.7398720557321,-0.656552197852876,0.989177156710912,-0.0945184290888259,-41.5854051128091,0.0160088019258828
560,0.708417108976531,-0.680424734869283,0.982258937405306,-0.155480218546118,-43.8453488945916,0.721999934023,-0.67623102751624,0.989228137137681,-0.0940707853607344,-43.1251815705879,0.0142154956862562
580,0.715226545674138,-0.688227110777671,0.992575220145224,-0.0647314251782016,-43.8978881745532,0.703606261517016,-0.695424123835259,0.989280790907207,-0.093608472732516,-44.6649132023286,0.013668503972394
600,0.668649314338757,-0.710747052504725,0.975834657208814,-0.212475235701454,-46.748064836236,0.684704221503605,-0.714117684608919,0.989335099152992,-0.0931316591864201,-46.2045986527868,0.0164049140459101
620,0.676197952167934,-0.733959303773074,0.99796790034107,-0.0176685515861162,-47.3455771565556,0.665307362082193,-0.732298264914353,0.98939104242829,-0.0926405178352802,-47.744236591567,0.0110165331436811
640,0.632566126939939,-0.740164470499241,0.973644364406849,-0.231992911292733,-49.4818348549426,0.645429586495523,-0.749952786735089,0.989448600714311,-0.092135226846184,-49.2838257138082,0.0161641494199701
660,0.632047717693559,-0.774897651335505,0.999975343439487,-0.000214166803789256,-50.7974861879945,0.625085143209435,-0.76706854832817,0.989507753428666,-0.0916159693620435,-50.8233647408538,0.0104772275601157
680,0.596557470308159,-0.768926223191078,0.973205195265297,-0.235911626780234,-52.1945501359246,0.60428861574614,-0.783633233323494,0.989568479434051,-0.0910829334209941,-52.3628524209041,0.0166152567484886
700,0.581741672431533,-0.811282400295141,0.998299807909469,-0.0147802490565489,-54.3570424388125,0.583054912278186,-0.799634919548899,0.989630757047141,-0.0905363118738256,-53.9022875296521,0.0117212800763783
720,0.561355952596946,-0.800821711236704,0.977975418251455,-0.193441224328062,-54.9705069954115,0.561399254990534,-0.815062087574744,0.98969456404773,-0.0899763022993098,-55.441668870901,0.0142404421752377
740,0.531148044703315,-0.839940969725887,0.993790258563756,-0.0541052931408005,-57.6922317590268,0.539337169218288,-0.829903628971898,0.98975987768808,-0.0894031069176096,-56.9809952771643,0.0129541487459969
760,0.522920552885056,-0.833212866976397,0.983712146069489,-0.142639325327297,-57.8878077144157,0.516884472367771,-0.844148854277296,0.989826674702486,-0.0888169325017432,-58.5202656102474,0.0124912003529117
780,0.480096357770126,-0.863049155392126,0.987596252203907,-0.108411336532585,-60.9137193346708,0.494057262628841,-0.857787500661382,0.989894931317058,-0.0882179902871677,-60.0594787618099,0.0149195132286432
800,0.480502953802421,-0.866667160722268,0.990956636834957,-0.0789069868905029,-60.994867110507,0.470871907486435,-0.870809739292013,0.989964623259709,-0.0876064958795163,-61.5986336539103,0.0104841790497481
820,0.431797995929049,-0.881410137610445,0.981495461003669,-0.16223408970778,-63.9000196575619,0.447345032039501,-0.883206182389587,0.990035725770343,-0.0869826691605691,-63.1377292395296,0.0156504347756988
840,0.431931204739965,-0.898593908113473,0.997013328560237,-0.0259807157835232,-64.3275917294273,0.423493507135586,-0.894967889968379,0.990108213611245,-0.0863467341924768,-64.6767645030772,0.00918383081570535
860,0.386563899416759,-0.898576018752406,0.978197582193503,-0.19146829914195,-66.7228134271564,0.399334437329517,-0.906086376259309,0.990182061077662,-0.0856989191202637,-66.2157384608749,0.01481526606115
880,0.379486695128712,-0.925641070695481,1.00041068743691,0.00356645345403465,-67.7077562363647,0.374885148674686,-0.916553615809564,0.990257242008574,-0.0850394560727675,-67.754650161623,0.0101860721611491
900,0.342517194867247,-0.914545416332962,0.976581459641416,-0.205830500727819,-69.467979493588,0.350163176355614,-0.926362049254753,0.990333729797647,-0.0843685810618913,-69.2934986868438,0.014074581575621
920,0.322310485278938,-0.947430281119247,1.00075380913711,0.0065450364287983,-71.2119827340041,0.325186252170532,-0.935504588759481,0.990411497404368,-0.083686533880387,-70.8322831513064,0.0122675251568751
940,0.29904995462576,-0.933035820118695,0.979789118630246,-0.177347761057347,-72.2286784932505,0.299972291872872,-0.943974623122476,0.990490517365353,-0.0829935579981215,-72.3710027034293,0.0109776189200092
960,0.265704937660214,-0.962051423101359,0.998069163228866,-0.0167872470405852,-74.5606036380562,0.27453938238061,-0.95176602254264,0.990570761805821,-0.0822899004568994,-73.9096565256627,0.013558645882648
980,0.253383444202378,-0.950911761234067,0.984091635697172,-0.139289189408011,-75.0794416867256,0.248905768862538,-0.95887314304262,0.990652202451235,-0.081575811763924,-75.4482438348495,0.00913417630389123
1000,0.209176819196304,-0.971032218401222,0.993306856345149,-0.0583313356154715,-77.8432866642456,0.223089841710588,-0.965290830546754,0.990734810639102,-0.0808515457838992,-76.9867638825647,0.0150511039455061
1020,0.204346336786651,-0.96948363839766,0.990785521936453,-0.0804069652009499,-78.0975051159039,0.197110123407449,-0.971014424610482,0.99081855733092,-0.0801173596298667,-78.5252159554335,0.0073963565691977
1040,0.156303993626337,-0.975416861142028,0.987860815815522,-0.106084816373097,-80.8961328117581,0.170985255298756,-0.976039761798552,0.990903413124284,-0.0793735135528221,-80.0635993754275,0.0146944700320204
1060,0.15073083945816,-0.98510995466652,0.996574838507793,-0.0298016416169007,-81.3006914312938,0.144733984279226,-0.980363178709602,0.990989348265123,-0.0786202708301358,-81.6019135001396,0.00764814709732274
1080,0.106204017310708,-0.978548123221347,0.984294530490215,-0.137498563343846,-83.8058059026166,0.118375149402137,-0.983981514644958,0.991076332660085,-0.0778578976528721,-83.1401577230362,0.0133288483654504
1100,0.0943268736372258,-0.996446463739484,1.00090115105793,0.00782377396455782,-84.5923091498883,0.0919276684216591,-0.986892113919715,0.991164335889042,-0.077086663012049,-84.6783314736881,0.00985097894348206
1120,0.0581580243839644,-0.98010329362125,0.981827287239191,-0.15929804051182,-86.6041267116425,0.065410524277522,-0.989092827814441,0.991253327217734,-0.0763068385838573,-86.2164342179795,0.0115503454371118
1140,0.0347091873172074,-1.00194725816396,1.00254827107052,0.0221058473878738,-88.0159684146028,0.038842751531602,-0.990582016166082,0.991343275610526,-0.0755186986139511,-87.7544654582939,0.0120935966025312
1160,0.0106170157625361,-0.983475657993978,0.983532963804666,-0.144221596264303,-89.3814930141322,0.0122434227660111,-0.991358548596899,0.991434149743278,-0.0747225198008346,-89.2924247336788,0.00804892315770064
1180,-0.0232857779841764,-1.00120400247322,1.00147475356333,0.0128001105083087,-91.3323321851656,-0.0143683650476878,-0.991421805380533,0.991525918016337,-0.0739185811783731,-90.8303116199877,0.0132367531305844
1200,-0.038087616209253,-0.985496178502643,0.98623191205305,-0.120418977401248,-92.2132750465654,-0.0409735041985,-0.990771677944542,0.991618548567617,-0.0731071639975573,-92.3681257300004,0.00601325567791329
1220,-0.0806474529048758,-0.995016530735341,0.998279473943363,-0.0149571702408059,-94.6337722167043,-0.0675528898956012,-0.989408569008988,0.991712009285791,-0.0722885516074607,-93.9058667135205,0.0142448873329379
1240,-0.0891404587878812,-0.987703002540581,0.991717319915606,-0.0722420386878422,-95.1569882157608,-0.0940874339278567,-0.98733339236095,0.991806267823566,-0.0714630293356251,-95.4435342574507,0.00496076352192095
1260,-0.13374767330501,-0.984872573162845,0.993912685039741,-0.0530353315915236,-97.7335721703452,-0.120558078313604,-0.984547572265051,0.991901291611053,-0.0706308843676762,-96.9811280858471,0.0131935985091587
1280,-0.143284894272211,-0.986269666034382,0.996623507181207,-0.0293774683507532,-98.2660784262865,-0.146945808931038,-0.98105304251036,0.991997047869212,-0.0697924056264878,-98.5186479599496,0.00637302574375736
1300,-0.184377694899937,-0.973226815507349,0.990538019865563,-0.0825770052158882,-100.727542194605,-0.173231669119556,-0.976852245094293,0.992093503623377,-0.0689478836507467,-100.056093678192,0.0117208203802808
1320,-0.198876183665978,-0.981192621154205,1.00114469295752,0.009936990381454,-101.457955172318,-0.199396773242448,-0.971948128544366,0.992190625716851,-0.0680976104731011,-101.593465076188,0.00925913911335727
1340,-0.232039679353088,-0.959992364005017,0.987637459669399,-0.1080489252438,-103.588332773281,-0.225422320201328,-0.966344145878927,0.992288380824558,-0.0672418794978775,-103.130762026699,0.0091724901263021
1360,-0.256056236958643,-0.970210960557411,1.00343116578625,0.0297517149547559,-104.784290943864,-0.251289606892745,-0.960044252208234,0.992386735466762,-0.0663809853784645,-104.667984439576,0.0112286562349346
1380,-0.279235331382488,-0.947726960899182,0.988007470977567,-0.104795428246135,-106.416918640457,-0.276980041597442,-0.953052901977518,0.992485656022841,-0.0655152238943204,-106.205132261682,0.00578376870080733
1400,-0.311131507856602,-0.954157361211359,1.00360305157714,0.0312394633954605,-108.060104907854,-0.302475157292803,-0.945375045853865,0.992585108745091,-0.0646448918278559,-107.742205476791,0.0123313206154837
1420,-0.326256813386434,-0.933877443705749,0.989227268196472,-0.0940784150777531,-109.257229444675,-0.327756624879032,-0.937016127259087,0.992685059772591,-0.0637702868410128,-109.279204105471,0.00347861595484799
1440,-0.364509472435082,-0.933082572741965,1.00175358399642,0.0152180978538261,-111.338142821166,-0.352806266309716,-0.927982078550905,0.992785475145089,-0.0628917073517776,-110.81612820494,0.0127663649722951
1460,-0.374819813344785,-0.919938323245833,0.993366201887388,-0.0578124089320738,-112.167955023539,-0.377606067617456,-0.918279316855093,0.992886320816928,-0.0620094524105497,-112.3529778689,0.00324276349376407
1480,-0.413360224878487,-0.908942051667653,0.998520069303264,-0.0128640359943423,-114.454650236729,-0.402138191825337,-0.907914739551414,0.992987562670985,-0.0611238215765185,-113.889753227359,0.0112689571846807
1500,-0.424626323886359,-0.902147316528998,0.997084397459771,-0.0253615920462473,-115.205616448933,-0.426384991735076,-0.896895719416461,0.993089166532639,-0.0602351147940297,-115.42645444642,0.00553824745154218
1520,-0.459950116457763,-0.883020867083086,0.995630434113821,-0.0380367297044073,-117.514218494196,-0.450329022582771,-0.885230099426731,0.993191098183736,-0.0593436322690743,-116.963081728063,0.00987148189987831
1540,-0.474836278140065,-0.881338135619995,1.0011125812495,0.00965838607265626,-118.314340719791,-0.473953054553278,-0.872926187225533,0.993293323376579,-0.058449674345802,-118.499635309892,0.00845818891343388
1560,-0.502978534556797,-0.85608488008012,0.992909224514857,-0.0618090904014865,-120.435662072513,-0.497240085144313,-0.859992749257496,0.993395807847904,-0.0575535413833375,-120.036115464877,0.00694271151403583
1580,-0.524962321499036,-0.855077177329823,1.00336554564326,0.0291836760328026,-121.547245361509,-0.520173351371494,-0.846439004574771,0.993498517332855,-0.0566555336326948,-121.572522501064,0.00987685493609209
1600,-0.545253669368114,-0.829288645288894,0.992482353074593,-0.0655441301979313,-123.324745388221,-0.542736341805654,-0.832274618319164,0.993601417578947,-0.0557559511140856,-123.108856761274,0.00390550547230717
1620,-0.572484876451839,-0.825007316856609,1.00417927016695,0.0362250349503682,-124.757357315021,-0.564912808433842,-0.817509694884719,0.993704474360017,-0.0548550934944711,-124.645118622776,0.0106560100085605
1640,-0.586327539303719,-0.801101612816549,0.99274557536321,-0.0632407979408609,-126.200456017345,-0.586686778335573,-0.802154770765478,0.993807653490146,-0.0539532599655087,-126.181308496949,0.00111274181524684
1660,-0.61765711257466,-0.790678511210844,1.00333086108455,0.0288834151182879,-127.996011063527,-0.608042565166003,-0.78622080709334,0.993910920837554,-0.053050749121976,-127.717426828918,0.0105976718137778
1680,-0.627850669399089,-0.772210127149813,0.995241148434697,-0.041433525880798,-129.113068949156,-0.628964780437827,-0.769719181871226,0.994014242338465,-0.0521478588406062,-129.253474097172,0.00272874546038193
1700,-0.658349859958087,-0.754327476680181,1.00121650015445,0.010559964288622,-131.113284676339,-0.649438344593866,-0.752661681906886,0.994117584010928,-0.0512448861594867,-130.789450813173,0.00906586886699088
1720,-0.66909077263741,-0.739885425502254,0.997553459669795,-0.0212764167346536,-132.123566371778,-0.669448497862396,-0.735060494452967,0.994220911968593,-0.0503421271580133,-132.325357520935,0.00483817392896916
1740,-0.696662825416449,-0.71628756347426,0.999203165479935,-0.00692397569901946,-134.204259131462,-0.688980810887477,-0.716928198559121,0.994324192434436,-0.049439876837514,-133.861194796597,0.00770868085571649
1760,-0.709774047345408,-0.705493424646374,1.00074980414904,0.00651027567780072,-135.173296476671,-0.708021195126651,-0.698277756142176,0.994427391754433,-0.0485384290024515,-135.396963247967,0.00742552104995149
1780,-0.731053753743877,-0.677432877857276,0.996671909338778,-0.0289556384548932,-137.180188923872,-0.726555913008562,-0.679122502780544,0.994530476411163,-0.0476380761424201,-136.932663514061,0.00480472722030941
1800,-0.748911219149217,-0.666348539860889,1.00244121560434,0.0211782894415964,-138.338706977602,-0.74457158784319,-0.659476138239283,0.99463341303735,-0.0467391093148912,-138.468296264618,0.00812787204137164
1820,-0.764576585446109,-0.638456318713261,0.996094285656393,-0.0339910266611347,-140.136578995718,-0.76205521347757,-0.6393527167324,0.994736168429321,-0.0458418180287622,-140.003862199605,0.00267597571223051
1840,-0.785144477837629,-0.624953722985418,1.00350336668706,0.0303766771010478,-141.481161145782,-0.778994163690068,-0.618766636929161,0.994838709560405,-0.0449464901287132,-141.539362048696,0.00872389809553202
1860,-0.795828524023665,-0.598302824291831,0.995645172340662,-0.0379081542210442,-143.0642033845,-0.795376201316387,-0.597732631711375,0.994941003594229,-0.0440534116805429,-143.07479657075,0.000727815505692482
1880,-0.818371084950334,-0.580106929196332,1.00312276516107,0.0270817305855984,-144.668865285737,-0.811189487100756,-0.576265757688787,0.99504301789793,-0.0431628668574138,-144.610166553265,0.00814431987482271
1900,-0.826621403075901,-0.557327635311325,0.996953879126254,-0.0264986492989639,-146.011222478683,-0.826422588265859,-0.554381384479901,0.995144720055276,-0.0422751378270466,-146.145472811817,0.00295295128479319
1920,-0.847403782968884,-0.534342200493312,1.00180574894438,0.0156703919023576,-147.765950655985,-0.841064486795302,-0.53209518376569,0.995246077879681,-0.0413905046400304,-147.680716189492,0.00672575350058374
1940,-0.855667447122375,-0.513741269475325,0.998046527987068,-0.0169842368373841,-149.019466884765,-0.855104587422592,-0.509423118123873,0.995347059427118,-0.0405092451191022,-149.215897556294,0.00435468048606138
1960,-0.874012379646288,-0.487098908869039,1.00058132442914,0.00504785275748477,-150.86848539783,-0.868532725320811,-0.486381429651531,0.99544763300892,-0.0396316347496306,-150.751017808554,0.00552642632758928
1980,-0.88346521843851,-0.468725818990646,1.00010733702891,0.000932267554662379,-152.051644499152,-0.881339173487352,-0.462986628384044,0.995547767204464,-0.038757946571219,-152.28607786831,0.00612032482416214
2000,-0.896756284676514,-0.439778994233871,0.99878796442297,-0.0105339923365787,-153.876167661219,-0.893514649818325,-0.439255480518445,0.995647430873728,-0.037888451070516,-153.821078682688,0.00328363566250288
2020,-0.908296245889976,-0.420304656681637,1.00082869399618,0.0071949637944507,-155.168149905948,-0.905050323867435,-0.415204996449452,0.995746593169737,-0.037023416075226,-155.356021223266,0.00604504294940508
2040,-0.918194308078698,-0.391740704933686,0.998269285959485,-0.0150458149114269,-156.894845088786,-0.915937823284325,-0.390852418626558,0.995845223550857,-0.0361631066494878,-156.890906485421,0.00242503117313303
2060,-0.930432549747276,-0.371020914246947,1.00167921433853,0.0145732380495422,-158.259777260806,-0.926169239927667,-0.366215209240719,0.99594329179297,-0.0353077849904722,-158.425735487679,0.00642422067062238
2080,-0.936746298100626,-0.343354112233897,0.997690169037039,-0.0200861435658639,-159.870141435019,-0.935737135648422,-0.341311037749274,0.996040768001491,-0.0344577103264095,-159.960509271037,0.0022787194221
2100,-0.949040068090527,-0.319537874739145,1.00138978636397,0.0120631503173664,-161.391833015798,-0.944634547738977,-0.316157768247883,0.996137622623252,-0.033613138815971,-161.495228898291,0.00555281275212822
2120,-0.953935800541604,-0.293970593383754,0.998204498752309,-0.0156095433570449,-162.872480316607,-0.952854994044083,-0.290773446698368,0.996233826458226,-0.0327743234491082,-163.029895453342,0.00337489105201371
2140,-0.96411105128022,-0.267953416826377,1.00065436229978,0.00568185992442318,-164.467900943361,-0.96039247772973,-0.265176288021461,0.996329350671098,-0.0319415139493363,-164.564510040501,0.00464114572594895
2160,-0.968369801941504,-0.243021544589258,0.998398489805937,-0.0139216916433659,-165.912029922836,-0.96724149170636,-0.239384663063553,0.99642416680267,-0.0311149566775614,-166.099073783779,0.00380788539989659
2180,-0.976621177932977,-0.215559594070568,1.00012742377312,0.00110671832099768,-167.553251925416,-0.973397022703038,-0.213417085446656,0.996518246781103,-0.0302948945374213,-167.633587826176,0.00387111355430004
2200,-0.980858634923048,-0.191605921982141,0.999398064357607,-0.00522992075485494,-168.946744121933,-0.978854554989461,-0.187292198310875,0.996611562932989,-0.0294815668822164,-169.168053328955,0.00475652691490829
2220,-0.985664363979267,-0.163521481494007,0.999136383747809,-0.00750451643398072,-170.580436031458,-0.983610073742909,-0.161028760958754,0.996704087994246,-0.0286752094234396,-170.70247147091,0.00323013374987329
2240,-0.989608525795135,-0.13840876362265,0.99924072183532,-0.00659751133322724,-172.038136853329,-0.987660068057497,-0.134645635410982,0.996795795120829,-0.0278760541409839,-172.236843447632,0.00423764338905639
2260,-0.99288929765862,-0.110766172433772,0.99904869869324,-0.0082668309103281,-173.634435502414,-0.99100153359335,-0.108161772882967,0.996886657899261,-0.0270843291949969,-173.771170470765,0.00321660538244266
2280,-0.995872270741769,-0.085407092391319,0.999527864075388,-0.00410188893612351,-175.098245372928,-0.99363197486356,-0.081596200191893,0.996976650356975,-0.0263002588394643,-175.305453767253,0.00442061364264803
2300,-0.996830483604301,-0.0582391781118469,0.998530327486316,-0.0127748029474277,-176.656332008644,-0.995549407157024,-0.0549680061039273,0.997065746972457,-0.0255240633375562,-176.839694578588,0.00351307887317758
2320,-0.998521831519238,-0.0314244097749878,0.999016186830944,-0.00854949885559388,-178.197443523147,-0.996752358095557,-0.0282963276312702,0.997153922685194,-0.02475595887871,-178.373894160047,0.00359387452409776
2340,-0.999002429305206,-0.00492516671967951,0.999014569976294,-0.00856355651812221,-179.717529235263,-0.997239868823895,-0.00160033628883953,0.997241152905423,-0.0239961574975575,-179.90805377993,0.00376312594050721
2360,-0.998329476348007,0.0216024644546591,0.998563172671514,-0.0124890980930717,-181.239607707993,-0.997011494831473,0.0251007756796321,0.997327413523667,-0.0232448669946851,-181.442174718789,0.00373834946262345
2380,-0.997489019731408,0.0486579081168912,0.998675090561008,-0.011515647448164,-182.79269704532,-0.996067306405121,0.0517878090962355,0.99741268092006,-0.0225022908592667,-182.976258268653,0.00343766620291193
2400,-0.995583808359293,0.0749411549136908,0.998400368673305,-0.0139053458461566,-184.304740166325,-0.994407888712107,0.0784415716543963,0.997496931973468,-0.0217686281935478,-184.51030573226,0.00369265546392414
2420,-0.99355516856785,0.101989917648864,0.998776159251867,-0.0106366557876692,-185.860968305372,-0.992034341513158,0.105042891725378,0.997580144070377,-0.0210440736393401,-186.044318422268,0.00341080131965277
2440,-0.989905439237504,0.127382899756884,0.998067724046053,-0.0167997718159817,-187.332632450667,-0.988948278505422,0.131572632155871,0.997662295113563,-0.020328817306421,-187.578297660483,0.00429767544635056
2460,-0.985795365003292,0.155470138056842,0.997979691922329,-0.0175659232667358,-188.962319051864,-0.985151826295558,0.158011704046774,0.997743363530542,-0.0196230447028934,-189.112244777072,0.00262177416066503
2480,-0.982149662627925,0.180406240612145,0.998581179199746,-0.0123324717412089,-190.408354911309,-0.9806476230034,0.184341080503249,0.997823328281778,-0.0189269366676267,-190.64616110978,0.00421177967161886
2500,-0.975797043196183,0.207709195599051,0.997658748995276,-0.020359690726196,-192.0166914201,-0.97543881649694,0.210541810346156,0.997902168868666,-0.0182406693046578,-192.180048003147,0.00285517646977687
2520,-0.971125860245067,0.232441012484125,0.998556087919636,-0.012550724230419,-193.460627872395,-0.9695290622596,0.236595031774992,0.997979865341275,-0.0175644139196996,-193.713906807718,0.00445035280346225
2540,-0.962287618556991,0.259391681376635,0.996635091292436,-0.0292765097377878,-195.085932719917,-0.962922520891054,0.26248198597246,0.998056398305841,-0.0168983369587447,-195.247738879267,0.00315485078391577
2560,-0.957628991089897,0.284958256241669,0.999126865005715,-0.00758726703590842,-196.571239144877,-0.955623855243117,0.288184030640837,0.998131748932032,-0.016242599948719,-196.781545578002,0.00379818249145211
2580,-0.946950365722121,0.309614943144192,0.996281289676484,-0.0323605145174732,-198.105677095615,-0.94763822719248,0.313682653460349,0.998205898959945,-0.0155973594403372,-198.315328267791,0.00412546004932511
2600,-0.940500185041106,0.336404608561724,0.998853672328395,-0.00996258693074314,-199.681465178647,-0.938971294052337,0.338959485459777,0.998278830706871,-0.0149627669530794,-199.849088315373,0.0029773988009242
2620,-0.929103367461949,0.359360428968317,0.996179193387127,-0.0332506672809821,-201.145571621434,-0.929629204625198,0.363996314289617,0.998350527073785,-0.0143389689223528,-201.382827089583,0.00466561222504628
2640,-0.920628474590543,0.386841932634752,0.998600755593295,-0.012162193419613,-202.791820465601,-0.919618594899486,0.388775097388109,0.998420971551599,-0.0137261066488529,-202.916545960569,0.00218105088295331
2660,-0.90906358284123,0.407839948309322,0.996358379843861,-0.0316884445024163,-204.162789491923,-0.908946583392706,0.413277975030573,0.998490148227134,-0.0131243162501557,-204.450246299024,0.00543928520046474
2680,-0.897048848391574,0.435884027934747,0.997342229231906,-0.023115835496015,-205.915529860898,-0.897620766144312,0.437487283252516,0.998558041788843,-0.0125337286145436,-205.983929475407,0.00170220960220894
2700,-0.886781756908485,0.456449083578121,0.997360341243328,-0.0229580987640683,-207.236030201774,-0.885649211361593,0.461385566637094,0.998624637532263,-0.0119544693570774,-207.51759685918,0.00506473339943089
2720,-0.871680811391837,0.482755091486505,0.996433598040971,-0.0310327443927928,-208.978602414322,-0.873040453722181,0.48495559095754,0.99868992136519,-0.0113866587779944,-209.051249818042,0.00258666294450737
2740,-0.861615720813245,0.503554102043991,0.99797213590253,-0.0176316871325427,-210.303297695606,-0.859803488337049,0.508180355665335,0.998753879812592,-0.0108304118233395,-210.584889717168,0.00496854195079239
2760,-0.843508871269972,0.527900505132004,0.995080981242113,-0.0428314850761286,-212.039926320624,-0.845947764378096,0.531043106214923,0.998816500021246,-0.0102858380479639,-212.118517918459,0.00397795690766248
2780,-0.833596786686877,0.550460802107548,0.998944791983807,-0.0091702594908607,-213.438546213088,-0.831483178374671,0.55352734621592,0.998877769764091,-0.00975304158084094,-213.652135779785,0.003724383555169
2800,-0.814014413106372,0.57100819205495,0.994318771892985,-0.0494872279464472,-215.048578719332,-0.81642006718365,0.575616849403896,0.998937677444306,-0.0092321210927125,-215.18574465425,0.00519873966452637
2820,-0.802224233081348,0.595298309016013,0.998971369389675,-0.00893917030032105,-216.577622595602,-0.800769200637909,0.597295671420855,0.998996212099108,-0.00872316976612198,-216.719345889449,0.00247114871825592
2840,-0.782628349845927,0.613043668920587,0.994147712357763,-0.0509816501656951,-218.072092011896,-0.784541773878277,0.618548161396754,0.999053363403266,-0.00822627526779992,-218.252940826739,0.00582757487706131
2860,-0.768098209380372,0.638435440277782,0.998786599157206,-0.0105458652828647,-219.733015321134,-0.767749399374302,0.639358973323466,0.999109121672322,-0.00774151972347332,-219.786530800513,0.000987209049191362
2880,-0.749955429235837,0.653419029778438,0.994680639359641,-0.0463267032163969,-221.064892965536,-0.750404098639398,0.65971307721277,0.999163477865534,-0.00726897969503715,-221.320117137485,0.00631001880657332
2900,-0.730877140788197,0.678660844654519,0.99737752982204,-0.0228084068171685,-222.878449548626,-0.732518293646148,0.679595770030084,0.999216423588527,-0.00680872616016181,-222.853701155984,0.00188877424829847
2920,-0.715015239477322,0.69340031612595,0.996017465252683,-0.0346609223621206,-224.120751924943,-0.714104797947804,0.698992686395799,0.999267951095646,-0.00636082449435142,-224.387284165245,0.00566599585366686
2940,-0.69250789782363,0.716166723053599,0.996223852232737,-0.0328612864222762,-225.962197642817,-0.695176807512229,0.717889809046255,0.999318053292025,-0.00592533445538431,-225.920867464726,0.0031768072437562
2960,-0.677637903913586,0.731525052215463,0.997156974021259,-0.0247293797045619,-227.189954313055,-0.675747891274726,0.736273479046544,0.999366723735357,-0.00550231017025624,-227.454452343417,0.00511074408918844
2980,-0.651961013844604,0.75091405262905,0.99444712177625,-0.0483660975749023,-229.03472621024,-0.655831981416473,0.754130405747512,0.999413956637371,-0.00509180012452445,-228.98804007917,0.00503282399107129
3000,-0.63753988908658,0.768711523920733,0.998686395814554,-0.0114173215464195,-230.328988230848,-0.635443363375414,0.771447676479495,0.99945974686501,-0.00469384715416076,-230.521631938029,0.00344702058050091
3020,-0.611169369799526,0.783352106089749,0.9935635463806,-0.0560870208091646,-232.038733604957,-0.614596665596749,0.788212765975516,0.999504089941314,-0.00430848843984615,-232.055229173583,0.00594746761292281
3040,-0.594514410951539,0.802981495493423,0.999112940029259,-0.0077083243868899,-233.484355998997,-0.593306849030286,0.804413545516873,0.999546982046003,-0.00393575550375677,-233.588833026312,0.00187322531034691
3060,-0.568960116325835,0.814026344245693,0.993153816433041,-0.0596696835703377,-235.048546027065,-0.571589196382197,0.820038291794204,0.999588420015759,-0.00357567420880384,-235.12244472296,0.00656167473049495
3080,-0.549317659062002,0.834861066341798,0.999371247660609,-0.00546299104385372,-236.656085656905,-0.549459301128819,0.835075695477367,0.999628401344209,-0.00322826476043509,-236.656065475906,0.000257153924580437
3100,-0.526140196859794,0.842862610439463,0.993599963178586,-0.0557686652367175,-238.026349493347,-0.526933056300439,0.849514869487639,0.99966692418161,-0.00289354171078298,-238.189696482555,0.00669934150022659
3120,-0.501723724388167,0.863005675150365,0.998251216355718,-0.0152030390260258,-239.82765898476,-0.504026643043052,0.863345356965978,0.999703987334231,-0.00257151396546848,-239.723338924736,0.00232783548965107
3140,-0.481500201996411,0.870728695233436,0.994992917173538,-0.0436002151035254,-241.05804953656,-0.480756518966396,0.87655713893129,0.999739590263432,-0.00226218479276418,-241.256993968113,0.0058756974384477
3160,-0.453482829734488,0.887863572018826,0.996969608053339,-0.0263616132234406,-242.94399363398,-0.457139406286622,0.88914064162286,0.99977373308444,-0.00196555183536133,-242.790662761609,0.00387317167902055
3180,-0.435123052251294,0.896498235586686,0.996514504164653,-0.0303275161322532,-244.109987438628,-0.433192279772181,0.901086743521395,0.999806416564833,-0.0016816071245125,-244.324346436837,0.00497818113702123
3200,-0.404311389979053,0.909355994237361,0.995186426918199,-0.0419111167855177,-246.029452613824,-0.408932354501657,0.912386782043247,0.99983764212271,-0.00141033709678146,-245.858046107555,0.00552620917478434
3220,-0.386413222835407,0.920691595838376,0.998492961131656,-0.013099846761029,-247.232262159027,-0.384377073442431,0.923032559902732,0.999867411824568,-0.00115172261320632,-247.391762869121,0.00310258232785577
3240,-0.355476201536929,0.92823728197852,0.993975744932438,-0.0524842631709017,-249.045242155553,-0.359544094859168,0.933016351137656,0.999895728382877,-0.000905738980965899,-248.92549779797,0.00627592687249618
3260,-0.335535576488502,0.941530178287825,0.999531490107328,-0.00407037880293455,-250.385324589253,-0.334451279561319,0.942330906793369,0.999922595153353,-0.000672355977567417,-250.459251951099,0.00134791170552389
3280,-0.306082854158188,0.944824334855934,0.99316652045142,-0.0595585779248355,-252.049883582453,-0.309116677998923,0.950969460261,0.999948016131933,-0.000451537877438313,-251.993026365573,0.00685322211376502
3300,-0.282972510103536,0.959350492279493,1.00021338148977,0.00185321035759338,-253.565912401632,-0.283558517216097,0.958925732265711,0.999971995951447,-0.000243243481065167,-253.526822058035,0.0007237578360757
3320,-0.256896582594298,0.959849726613345,0.993633409174804,-0.0554762906862021,-255.016396206476,-0.257795187671792,0.966193935501092,0.999994539878005,-4.74261465332503e-05,-255.060640024237,0.00640753287129027
3340,-0.229195170349564,0.97282954254266,0.999463728684202,-0.00465924288593051,-256.743068449216,-0.231845229937419,0.97276877890609,1.00001565380707,0.000135966176423832,-256.594481238584,0.00265075612584629
3360,-0.20640153516545,0.973092494829731,0.994741472550835,-0.0457955033447914,-258.024545067193,-0.205727321281119,0.978645471581103,1.00003534425924,0.000306990909977559,-258.128346653693,0.00559375680228394
3380,-0.175383888104735,0.983020768480745,0.998543609198521,-0.0126592704332847,-259.884113856072,-0.179460262148503,0.983819726340175,1.00005361837577,0.000465710809274252,-259.662237199964,0.00415393295635043
3400,-0.154915277621252,0.984342733294858,0.996458408480184,-0.0308164750353096,-261.056183577496,-0.153062962549795,0.988287762896466,1.00007048391372,0.000612193921166699,-261.19615378517,0.00435824846486621
3420,-0.121670422112752,0.989340775481575,0.996794292543642,-0.0278891473236824,-262.988894940284,-0.126554428363404,0.992046310678446,1.00008594924092,0.000746513540389384,-262.730097294058,0.00558331780914447
3440,-0.101815545471229,0.9932985009481,0.998503038195351,-0.0130121868326497,-264.147481208718,-0.0999537475659864,0.995092611274582,1.00010002333054,0.00086874816350082,-264.264068587969,0.00258556053952593
3460,-0.069123198431387,0.993051076130877,0.995453894646094,-0.0395769983061002,-266.018241307599,-0.073280076399164,0.997424420504501,1.00011271575548,0.00097898144031459,-265.798068504473,0.00603371986831525
3480,-0.047408369166085,0.998757631829834,0.999882173361104,-0.00102348948021811,-267.282361547478,-0.0465526254831057,0.999040010114945,1.00012403668237,0.00107730212302841,-267.332097857017,0.000901129705903137
3500,-0.0168322951972393,0.994315954374887,0.994458417072353,-0.048267440606572,-269.030160021231,-0.0197906458872078,0.999938169099088,1.00013399686535,0.00116380401300969,-268.866157434589,0.00635304157155101
3520,0.00791457149488047,1.00092592349421,1.00095721425278,0.00831028063431432,-270.453042609827,0.0069865848317998,1.00011820463808,1.00014260763959,0.00123858590518422,-270.400248001406,0.00123027192010542
3540,0.0346273522851464,0.99387547950372,0.994478517759448,-0.0480918771216703,-271.995419938475,0.0337597766140053,0.999579942663983,1.00014988091444,0.00130175153022153,-271.934370296602,0.00577005957438566
3560,0.0633341966765949,0.99876980417364,1.00077587011165,0.00673650917296565,-273.628393596263,0.0605096408923852,0.99832372804348,1.00015582916641,0.00135340949426832,-273.468525033951,0.00285956277986882
3580,0.0867295992205379,0.991551043002932,0.995336874762087,-0.0405981219869368,-274.998860187567,0.0872169045903873,0.996350424382174,1.00016046543186,0.0013936732166334,-275.002712901593,0.0048240572288168
3600,0.118092698406659,0.993155429590772,1.00015178485198,0.00131828642758348,-276.78100545109,0.113862324110667,0.99366141344939,1.0001638032993,0.00142266086498257,-276.536934561779,0.00426052653428796
3620,0.138731310560421,0.987178289326213,0.996878804793662,-0.0271527537011155,-277.999570272901,0.140426699304591,0.990258594223843,1.00016585690163,0.0014404952884966,-278.071190650641,0.00351605194162735
3640,0.17152989041549,0.983805299767404,0.998646769962424,-0.0117619668808647,-279.890300147014,0.166890887412137,0.986144381560746,1.00016664090792,0.00144730394872975,-279.605481777962,0.00519534912215338
3660,0.191749189251276,0.980117192898075,0.998697883943349,-0.0113174062523263,-281.069477945832,0.193235816961818,0.981321704481223,1.0001661705151,0.0014432188483404,-281.139808526983,0.00191335049159585
3680,0.223463758021469,0.972080206485432,0.997434699110593,-0.0223105493005688,-282.946344023811,0.219442501620311,0.975794004085209,1.00016446143923,0.00142837645766428,-282.674171454209,0.00547382824501795
3700,0.244959088672109,0.969851260531827,1.00030816385664,0.00267626490633996,-284.174956398533,0.245492053981489,0.969565231089287,1.00016152990668,0.00140291763914724,-284.208571089243,0.000604867640895232
3720,0.274068279440479,0.957909277709174,0.996345123999097,-0.0318040049000969,-285.966402641909,0.271365699284583,0.962639842991199,1.00015739264494,0.00136698756974683,-285.743007934632,0.00544813613876777
3740,0.298150034560419,0.956194298014815,1.00159921059495,0.0138794715924037,-287.3179510752,0.297044789051276,0.955022800863069,1.00015206687326,0.00132073566123471,-287.277482465733,0.00161058163780314
3760,0.323413694413913,0.942072717478457,0.996040874036654,-0.0344567856557504,-288.947353295893,0.322510814631571,0.946719565775631,1.000145570293,0.00126431547845864,-288.81199513059,0.0047337502044685
3780,0.350467006110483,0.938457892937417,1.00176361442637,0.0153050681155762,-290.478141063835,0.347745420648346,0.93773609485608,1.0001379210778,0.00119788465567151,-290.346546349838,0.00281567396868644
3800,0.372392456461402,0.924337731528685,0.99653217888684,-0.03017345984485,-291.943267468245,0.372730418330574,0.928078836982413,1.00012913786346,0.00112160481086853,-291.881136516613,0.00375633973981699
3820,0.4014113438165,0.917584829343157,1.00154529901811,0.0134119366696999,-293.627699583083,0.397447798725287,0.917754728117408,1.00011923973766,0.00103564145819927,-293.415765996488,0.00396718480582531
3840,0.420625596361715,0.904607711016147,0.997617663809398,-0.0207173969447969,-294.937542894353,0.421879745778441,0.906771186285678,1.00010824622939,0.000940163918495955,-294.950435127418,0.00250070310139894
3860,0.450140359294697,0.893430288659166,1.00042192287033,0.00366400257852417,-296.740509081229,0.446008649274925,0.895136106197519,1.00009617729821,0.000835345227988484,-296.485144219713,0.0044699934185229
3880,0.468803464841653,0.88235510519407,0.999163260087948,-0.00727087287100133,-297.982123692156,0.469817117628088,0.882857853523514,1.00008305332333,0.000721362045156928,-298.019893556013,0.0011314803817148
3900,0.496851031758151,0.867054920370635,0.999322361752236,-0.00588788618842997,-299.814129697294,0.493287990509262,0.869945258824136,1.00006889509236,0.000598394555878694,-299.554683391294,0.00458795371784408
3920,0.516358597227999,0.857073417176066,1.00060034147562,0.00521293518830153,-301.06758348193,0.516404351307856,0.856407611138888,1.00005372379003,0.000466626376778713,-301.089513952883,0.000667376291881594
3940,0.541546102817161,0.838679935397212,0.998326707803777,-0.0145462047709396,-302.850835463546,0.53914953941278,0.842254651239716,1.00003756098656,0.000326244456966837,-302.624385440493,0.00430373204392048
3960,0.562850442097928,0.82878077364443,1.00183740743321,0.0159448740517578,-304.181628639673,0.561507162306034,0.827496564553752,1.00002042862595,0.000177438978084356,-304.15929802627,0.00185838467166832
3980,0.584295215088982,0.808755557875303,0.997740673106029,-0.0196464663188704,-305.846683383096,0.583461107459478,0.812143973760666,1.00000234901404,2.04032527782906e-05,-305.694251854865,0.00348956985168313
4000,0.607539362732557,0.797113261544535,1.0022442960674,0.0194718658046355,-307.313723707135,0.604995554025946,0.796207931070143,0.999983344806382,-0.000144666378394503,-307.229247043515,0.00270010851702205
4020,0.62594291973468,0.77704375342299,0.997798343103287,-0.0191444313020845,-308.852972204894,0.626094984316017,0.779699910185292,0.99996343899596,-0.000317570651535885,-308.764283682143,0.00266050603886187
4040,0.65018536857592,0.762761984777395,1.00227085108356,0.0197020001989492,-310.44458048499,0.646744195051916,0.76263179795798,0.999942654900756,-0.000498107485466715,-310.299361833477,0.00344363526382392
4060,0.666149751709999,0.743745833079245,0.998455485200033,-0.0134258559845469,-311.849804207902,0.666928308390223,0.745015885742351,0.999921016151128,-0.000686072089158041,-311.834481533182,0.00148969267682438
4080,0.69005739887371,0.725808623589918,1.00148757946259,0.0129113500894991,-313.553564333507,0.68663278270519,0.726864860453029,0.999898546677048,-0.000881257070556954,-313.369642790007,0.00358380136345176
4100,0.705447810538025,0.708168068356237,0.999579224690218,-0.00365557704541607,-314.889744376733,0.705843423124726,0.708191795334682,0.999875270695196,-0.00108345254671022,-314.904845585954,0.000396323464182961
4120,0.727553824496451,0.687043392288722,1.00068136308568,0.0059162292443384,-316.640355692254,0.724546391811219,0.689010140449919,0.999851212695906,-0.00129244625508487,-316.440089876456,0.00359343146390293
4140,0.743072110548213,0.670258792074739,1.00070125903192,0.00608892385194405,-317.949210749036,0.742728217979642,0.66933371289261,0.999826397429985,-0.00150802366621429,-317.975375590577,0.000986931401833857
4160,0.762296541142358,0.646796273161676,0.99972067879655,-0.00242649204785216,-319.685934452692,0.760375807645534,0.649176686734024,0.999800849895399,-0.0017299680973518,-319.510702631221,0.00305869023296617
4180,0.778857403011908,0.629779248395749,1.00161906727876,0.0140516674694617,-321.041211790361,0.777476453095689,0.628553582709302,0.999774595323843,-0.00195806082732956,-321.04607087536,0.0018464233117126
4200,0.794908281991144,0.605390910002897,0.999188335946857,-0.00705288706359695,-322.707614125954,0.794017842074597,0.607479257652044,0.999747659167191,-0.00219208121238628,-322.581480174281,0.00227025970952122
4220,0.812143254616016,0.586798399082166,1.0019526072543,0.0169435944027712,-324.150734697672,0.809988066679891,0.585968893684896,0.999720067083846,-0.00243180680304486,-324.116930353839,0.00230931033949873
4240,0.825701716407198,0.562556750395718,0.999126329296542,-0.0075919242142485,-325.733103128888,0.825375631960298,0.564037987174327,0.999691844924988,-0.00267701346179057,-325.652421214735,0.00151670480345186
4260,0.842900721858105,0.542013474823493,1.00212785302034,0.01846266054548,-327.257620998458,0.840169464209801,0.541702337457805,0.999663018720725,-0.00292747548179625,-327.187952532798,0.00274892248012706
4280,0.854309691713871,0.518463921148415,0.999324715439801,-0.00586742847914846,-328.747251472704,0.854358918951992,0.518978035351907,0.999633614666164,-0.00318296570629279,-328.723524059291,0.00051646561860892
4300,0.87053763511799,0.495356781913163,1.00160576852581,0.0139363419220535,-330.359086277753,0.867933788608787,0.49588145144994,0.999603659107399,-0.00344325564877302,-330.259135521225,0.00265618048451349
4320,0.881025679454332,0.472722977649966,0.999836617381169,-0.00141923933862505,-331.78378073182,0.880884309847971,0.472429224217876,0.999573178527435,-0.00370811561384384,-331.79478662169,0.000326000681697619
4340,0.895377699882875,0.447675302143988,1.00105664255189,0.00917303513597876,-333.435642372751,0.893201170604244,0.448638247897508,0.999542199532034,-0.00397731481877666,-333.330477040199,0.00238003029916872
4360,0.905484172510162,0.425367297394408,1.00041937424214,0.00364187478340638,-334.837373926236,0.904875516768744,0.424525660225914,0.999510748835524,-0.00425062151550685,-334.866206433044,0.00103866016336011
4380,0.917494341235777,0.399040474101805,1.00051445075574,0.00446731348070457,-336.494612811322,0.915898958542224,0.400108829980407,0.999478853246542,-0.00452780311322641,-336.401974433668,0.00192005995276989
4400,0.927645061478399,0.37638275800308,1.00109407180707,0.00949779228586367,-337.915634855504,0.926263576447367,0.3754053443583,0.999446539653743,-0.0048086263014052,-337.937780653046,0.00169228789630157
4420,0.936890441364117,0.349508587900794,0.999959975266939,-0.00034765737165764,-339.541883394177,0.935961926995959,0.350432996200935,0.99941383501148,-0.00509285717312777,-339.473624680085,0.00131021740075615
4440,0.94664457672093,0.325958135124756,1.00119162026515,0.0103441202052364,-340.999877312167,0.944987048006929,0.325209771071513,0.999380766325446,-0.00538026134882887,-341.009506082027,0.00181863965477619
4460,0.953986288030024,0.299288479796611,0.99983170178199,-0.00146194277254682,-342.582102260355,0.953332463571509,0.299753834196374,0.999347360638307,-0.00567060410018491,-342.545424404874,0.000802521737980304
4480,0.962871625589926,0.274501260425184,1.00123559132764,0.0107255850533688,-344.08788868944,0.960992188662065,0.274083517279486,0.999313645015318,-0.0059636504742951,-344.081379173819,0.00192530322328319
4500,0.968543770119657,0.248340030236097,0.999874894801977,-0.00108671792162392,-345.618856646299,0.967960733381413,0.248217305199953,0.999279646529943,-0.00625916541783118,-345.617369893687,0.000595813118888164
4520,0.975968169856771,0.222223906018303,1.00094821693213,0.0082322052837071,-347.1726833977,0.974233106849694,0.22217382260247,0.999245392249472,-0.00655691390140183,-347.153396049393,0.00173578569733427
4540,0.980583442551372,0.196346510683491,1.00004791888363,0.000416208162763335,-348.677156014578,0.979804820726213,0.195971820390672,0.999210909220651,-0.00685666104376682,-348.68945710641,0.000864086084916412
4560,0.986109142209555,0.169556484998835,1.00058015268864,0.00503768105591889,-350.243682384019,0.984671892363852,0.169630162133446,0.99917622445534,-0.0071581722360308,-350.225552511237,0.00143913704668408
4580,0.989774167764239,0.143697289515756,1.00015089570903,0.00131056459865236,-351.739405813283,0.988830847594013,0.143167810394284,0.99914136491619,-0.00746121326568211,-351.761681691893,0.00108175832958661
4600,0.993464569020737,0.1165816654685,1.00028152768257,0.00244497423301049,-353.307031371474,0.992278723140293,0.116603812993791,0.999106357502354,-0.0077655504404081,-353.297844058412,0.00118605268223697
4620,0.996087453573805,0.0905284069868934,1.00019278523629,0.00167434989649722,-354.806997208499,0.995013068659403,0.0899572892155654,0.999071229035255,-0.00807095071159837,-354.834039003347,0.00121674913314963
4640,0.998036232829768,0.0633878096982904,1.00004716711732,0.000409678713999489,-356.365881124488,0.997031948408079,0.0632474159656121,0.999036006244388,-0.0083771817975461,-356.370265902282,0.00101405009729449
4660,0.999459536865863,0.0368871391090079,1.00014000363138,0.00121597097288492,-357.886339083861,0.998333942535082,0.0364934138955241,0.999000715753192,-0.00868401230616966,-357.906524114364,0.00119246892673064
4680,0.999974406506995,0.00999721817646721,1.00002437872298,0.000211748316267498,-359.427206014309,0.998918147997615,0.00971453349967849,0.998965384064984,-0.00899121185731448,-359.442812982828,0.00109343160057167
4700,0.999824794812605,-0.0167620264320313,0.999965292323776,-0.000301472277003236,-360.960471688098,0.998784179101791,-0.0170699588033342,0.99893003754897,-0.00929855120441258,-360.979131835538,0.00108522043976733
4720,0.999036005571378,-0.043499558159058,0.999982575842223,-0.000151345630024721,-362.493171238185,0.997932167667069,-0.0438407945948065,0.998894702426336,-0.00960580235556129,-362.51547998554,0.00115537890930721
4740,0.9971510328026,-0.0701603350806516,0.999616253788383,-0.00333381695386137,-364.024743407426,0.996362762814839,-0.070578717375302,0.998859404756426,-0.00991273869397366,-364.051856731609,0.000892419922504028
4760,0.995221970508346,-0.0969656094743722,0.999934547859634,-0.000568528673704693,-365.564828722298,0.994077130381665,-0.0972644964691517,0.998824170423025,-0.0102191350975155,-365.588261358818,0.00118321272445263
4780,0.99181463909119,-0.123250090436777,0.99944327658365,-0.00483698470963566,-367.083675769068,0.991076951957905,-0.123878940903873,0.998789025120739,-0.0105247680575492,-367.124693139104,0.000969347830544672
4800,0.988451559265091,-0.150340048945869,0.999819291337507,-0.00156975733770203,-368.648208180491,0.987364423552767,-0.150402913254366,0.998753994341494,-0.0108294157968282,-368.661151331841,0.0010889517795991
4820,0.983770562914281,-0.176010911992776,0.999391995964151,-0.00528266205759135,-370.143724918425,0.982942253887113,-0.176817343441809,0.998719103361149,-0.0111328583863873,-370.197635184422,0.00115603958689912
4840,0.978674949456977,-0.203115708857715,0.999530213590059,-0.00408147169525831,-371.724802922179,0.977813662315582,-0.203103242477186,0.998684377226237,-0.0114348778615278,-371.734143932847,0.000861377356665622
4860,0.973035669835936,-0.228339804958516,0.999468599457513,-0.00461691328943944,-373.206493626605,0.97198237637992,-0.229241716139482,0.998649840740853,-0.0117352583365273,-373.270676802307,0.00138667619970853
4880,0.96586938383106,-0.255323533507698,0.999046432046603,-0.00828653752212264,-374.807199034204,0.965452628995618,-0.255213978578616,0.998615518453662,-0.0120337861183507,-374.807233007788,0.000430913999946714
4900,0.959575551720994,-0.280242146277316,0.999660392338702,-0.00295029566614607,-376.280339894719,0.958229155274284,-0.281001365833246,0.998581434645076,-0.0123302498190383,-376.343811754662,0.00154570298758197
4920,0.950385166194687,-0.306390645226527,0.998552548244323,-0.0125815139717133,-377.868582397073,0.950317188984397,-0.306585349253735,0.998547613314578,-0.0126244404667971,-377.880412239294,0.000206229385224675
4940,0.943308329889887,-0.331615939278654,0.999899863197966,-0.000869820762435981,-379.368902756741,0.941722458653377,-0.331947548820537,0.998514078168216,-0.0129161516157976,-379.41703364965,0.00162017050555119
4960,0.932376407320002,-0.356511299366553,0.998211436271385,-0.0155491766528898,-380.925275797411,0.93245118331416,-0.357069746348452,0.99848085260626,-0.0132051794544719,-380.9536751659,0.000563430990355887
4980,0.923999045586742,-0.381930714558365,0.999822637755454,-0.00154068551584786,-382.457527338019,0.922510067899711,-0.381933898567294,0.998447959711041,-0.0134913229123743,-382.490335961034,0.00148898109134709
5000,0.91195872134843,-0.405324268626225,0.997976188183289,-0.0175964180195792,-383.96297590928,0.911906298289185,-0.406522150069554,0.998415422234981,-0.013774383765449,-384.027015201477,0.00119902799358961
5020,0.901697581853311,-0.431297068544859,0.999537738384848,-0.00401608168485428,-385.562571422551,0.900647536009663,-0.430816846115822,0.998383262588802,-0.0140541667397305,-385.563712047697,0.00115464706950403
5040,0.889203092757263,-0.453384586902536,0.998118091114405,-0.0163614531044942,-387.016008110997,0.888741912597661,-0.454800545288868,0.99835150282994,-0.0143304796133332,-387.100425654829,0.00148916932933565
5060,0.876592256441361,-0.479187157675943,0.999016674602834,-0.00854525795156884,-388.663121277343,0.876198023624848,-0.47845603198732,0.998320164651171,-0.0146031333166975,-388.637155173287,0.000830640888819767
5080,0.864073864507838,-0.500318445203752,0.998469924402638,-0.0133002455639575,-390.071818512402,0.863024922392611,-0.501766328750124,0.99828926936943,-0.0148719420310977,-390.173899749382,0.00178791675559898
5100,0.849008844224916,-0.525266529134547,0.99835912586663,-0.0142641576792032,-391.744334844732,0.849232113300409,-0.524714708403022,0.99825883791487,-0.0151367232851889,-391.710658525941,0.000595277414162755
5120,0.83644303559603,-0.546263004452474,0.99901963035295,-0.00851955940020074,-393.147691697349,0.834829544892989,-0.54728470601849,0.998228890820126,-0.0153972980497647,-393.247430642919,0.00190977127918505
5140,0.819068803477424,-0.569400227225275,0.997542141262279,-0.0213749688426497,-394.806253003248,0.819827602591854,-0.569460130680702,0.99819944820982,-0.0156534908304346,-394.784215238022,0.000761159983205174
5160,0.806034690152093,-0.590946124119999,0.99945447287059,-0.00473968137058632,-396.247089161939,0.804237101116532,-0.591225077047247,0.998170529790299,-0.0159051297583422,-396.321011447314,0.00181910447099301
5180,0.787176237994778,-0.61194068997378,0.997054581108376,-0.0256213347627129,-397.861035623973,0.788069276601419,-0.6125639366995,0.998142154839616,-0.0161520466787555,-397.857818405832,0.00108901535070465
5200,0.772916715173811,-0.63395732923545,0.999651011046564,-0.00303180859907797,-399.359093102695,0.771335778414185,-0.633461409273715,0.998114342197755,-0.016394077237575,-399.394635248197,0.00165689397560111
5220,0.753407548840516,-0.652386082707404,0.996609520103128,-0.0294993710233427,-400.889744363939,0.754048660681954,-0.65390251336507,0.998087110257118,-0.0166310609655753,-400.931461109221,0.00164638583957163
5240,0.73711813527009,-0.675081371688799,0.999538895563992,-0.00400602591194071,-402.484660679578,0.736220373531609,-0.673872597197091,0.998060476953263,-0.0168628413604522,-402.46829512451,0.0015056931662481
5260,0.718011415236292,-0.691608000934124,0.996926285823439,-0.0267390573106662,-403.926925024063,0.717863754050819,-0.693357349049053,0.998034459755906,-0.0170892659666013,-404.005136431067,0.0017555690396277
5280,0.698975430354354,-0.713671181306445,0.998946048226025,-0.00915933639031882,-405.596026017275,0.698992016976564,-0.712342807434155,0.998009075660206,-0.0173101864524643,-405.541984167886,0.00132847742194511
5300,0.680559358456203,-0.729164991022894,0.997417978841236,-0.0224561544532279,-406.974708631657,0.679618745118077,-0.730815371021456,0.997984341178306,-0.0175254586855664,-407.078837476549,0.00189960722032621
5320,0.658802819948453,-0.749709852653246,0.998041090705881,-0.017031557029017,-408.692813841221,0.659757879521339,-0.74876180829473,0.997960272331163,-0.0177349428051162,-408.61569550181,0.00134570683786473
5340,0.641010365078001,-0.765121720937984,0.998151058702306,-0.0160745651062559,-410.044103843578,0.639423709382425,-0.766169266941671,0.997936884640666,-0.0179385032920342,-410.152557392181,0.00190127034536039
5360,0.617049771319571,-0.783202334836241,0.997073877693361,-0.0254532332476508,-411.767020468569,0.618630861717121,-0.783025282966992,0.997914193122037,-0.0181360090365601,-411.689422300508,0.00159097272435135
5380,0.599228087356311,-0.799319191410324,0.998992227413986,-0.00875781514697833,-413.142091830912,0.597394290794466,-0.799317789523241,0.997892212276528,-0.0183273334032286,-413.226289384541,0.00183379709769746
5400,0.574211923831117,-0.814284461881586,0.996382716796922,-0.0314762863963947,-414.809518846968,0.57572926734194,-0.815035125453338,0.997870956084416,-0.0185123542932254,-414.763157807503,0.00169287540232421
5420,0.55515417510691,-0.831086353064746,0.999450191049606,-0.00477689317482404,-416.257625223666,0.553651367530235,-0.830166043539061,0.997850437998299,-0.0186909542041415,-416.300026738645,0.00176221458272725
5440,0.530029642762567,-0.843064505205618,0.99583592129658,-0.0362442424821461,-417.842668945378,0.531176461745617,-0.844699718449931,0.9978306709367,-0.0188630202870008,-417.836895353801,0.00199727718012734
5460,0.508773904786813,-0.86035055925623,0.999526873577958,-0.00411049635561982,-419.401776129006,0.508320703158102,-0.858625754387155,0.997811667277978,-0.0190284444005572,-419.373762835929,0.00178335177479131
5480,0.484889125090963,-0.87007491935068,0.996066176975492,-0.0342361363345523,-420.869258376576,0.485100516093721,-0.871934192417525,0.997793438854553,-0.0191871231628622,-420.910628375651,0.00187125158467293
5500,0.460998857060021,-0.886361917625685,0.999078272823369,-0.00800971248479257,-422.520955536962,0.461532584219294,-0.884615517492399,0.997775996947454,-0.0193389580000056,-422.447491171777,0.00182613748279919
5520,0.438463442687255,-0.89494004729714,0.996578084662395,-0.0297733490154765,-423.898098089144,0.437633838548273,-0.896660665147108,0.997759352281175,-0.0194838551920454,-423.98435043183,0.0019101750739254
5540,0.41184018521131,-0.909401579021406,0.998310357595028,-0.0146884600773382,-425.635680689161,0.413421445276293,-0.908061027876357,0.997743515018867,-0.0196217259160937,-425.521205372552,0.00207303178113676
5560,0.390392318558941,-0.917981398750834,0.997544991888768,-0.021350147643945,-426.961280932975,0.388912793455157,-0.918808461181475,0.997728494757849,-0.0197524862864754,-427.058055220412,0.00169500053006018
5580,0.36200999606762,-0.929267745624189,0.997291221414457,-0.0235600757878772,-428.715863159908,0.364125482514128,-0.928895289285524,0.997714300525448,-0.0198760573920241,-428.594899212093,0.00214802388943235
5600,0.340768325293149,-0.938547721553891,0.998496308033784,-0.0130707321103236,-430.045030325422,0.339077309637448,-0.938314310512579,0.997700940775174,-0.0199923653304165,-430.131736594978,0.00170704852363091
5620,0.311778280309223,-0.946416582358564,0.996448715908572,-0.0309009632749339,-431.766551890636,0.313786257007082,-0.947058802327708,0.997688423383226,-0.0201013412395506,-431.668566627622,0.00210817857590712
5640,0.289514335462247,-0.956448863788483,0.999306249095054,-0.0060279349811908,-433.159086240025,0.288270478919807,-0.955122526034408,0.997676755645336,-0.0202029213259453,-433.205388580214,0.00181833740984875
5660,0.261036268038065,-0.960879600086041,0.995705548389056,-0.0373814567509986,-434.801607104406,0.262548288787761,-0.962499731126535,0.997665944273951,-0.0202970468901306,-434.742201735028,0.00221608468608179
5680,0.23673056808732,-0.971167781686767,0.999604032631592,-0.00344000997306939,-436.300814027339,0.236638146031729,-0.969185159291945,0.997655995395751,-0.0203836643490497,-436.279005386868,0.00198477540210715
5700,0.210052132097396,-0.973361177058949,0.995767984625055,-0.0368368205843646,-437.822271161394,0.210558642876386,-0.975174048065379,0.997646914549513,-0.02046272525539,-437.815798843489,0.00188230030951181
5720,0.183419186465252,-0.982555322715936,0.999528669004042,-0.00409489411497758,-439.42597735002,0.184328491056876,-0.980462134128319,0.99763870668432,-0.0205341863138727,-439.352581426026,0.00228216417106173
5740,0.158598477173488,-0.983474846991434,0.996180832794214,-0.0332363729678647,-440.839157561715,0.157966508446074,-0.985045656253791,0.997631376158101,-0.0205980093945427,-440.889352469388,0.00169317046133497
5760,0.129395602249602,-0.990385839326476,0.998802949845436,-0.0104036736363892,-442.556371334798,0.131491605611931,-0.988921357894388,0.997624926736538,-0.0206541615428575,-442.426111322665,0.00255693878687472
5780,0.106290987214239,-0.991530222946461,0.99721108947867,-0.0242580114556424,-443.881319705463,0.104922772314382,-0.99208648941193,0.997619361592298,-0.0207026149868517,-443.962857349497,0.00147697135815046
5800,0.0758514383385508,-0.995104603561379,0.997991288903404,-0.0174649898376296,-445.641081821467,0.0782790639512587,-0.994538809947552,0.99761468330462,-0.0207433471411226,-445.499589928455,0.00249268700981954
5820,0.0529461763964205,-0.996807378090433,0.998212525773207,-0.0155396964094522,-446.959548594501,0.0515795879626881,-0.996276588931137,0.997610893859255,-0.0207763406077371,-447.036308453389,0.00146604948035126
5840,0.0224153460423719,-0.996831144366488,0.99708313500791,-0.0253725896353312,-448.711829652342,0.0248434902035052,-0.997298607229343,0.99760799464874,-0.0208015831740718,-448.573012333777,0.00247273241483886
5860,-0.000953247784589087,-0.999175542870869,0.999175997586328,-0.00716014442009512,-450.054662124895,-0.00191005870683241,-0.997604157931677,0.997605986473033,-0.0208190678075252,-450.109700995054,0.00183976568291809
5880,-0.0303143251222486,-0.995737378737946,0.996198717989304,-0.0330804299592652,-451.743779652797,-0.0286618770473195,-0.997193046774297,0.997604869540482,-0.0208287926472291,-451.646373878928,0.00220217030957948
5900,-0.0555431341510607,-0.998251025658735,0.999795053988586,-0.00178032087796506,-453.184679102132,-0.0553927856619565,-0.996065592201552,0.997604643469155,-0.0208307609924889,-453.183030443687,0.00219059901943563
5920,-0.0827972201422369,-0.992685705508214,0.996132666658223,-0.0336563527970497,-454.767849595522,-0.0820836216202821,-0.994222625065372,0.997605307288499,-0.0208249812883933,-454.719670164487,0.00169450422711535
5940,-0.109920896948358,-0.993901014164057,0.999960914007279,-0.000339503254125406,-456.311003321035,-0.108715251862432,-0.991665487963028,0.997606859441364,-0.0208114671080863,-456.256292533629,0.00253991288604669
5960,-0.134822633468681,-0.987085087129289,0.996250024706884,-0.0326330965075801,-457.77770944373,-0.135268586819237,-0.988396034213868,0.99760929778635,-0.0207902371322028,-457.792897060821,0.00138472258934377
5980,-0.163945051452009,-0.98597246334556,0.999509718997926,-0.00425957095435866,-459.440626728644,-0.161724593997979,-0.984416626476001,0.997612619600515,-0.0207613151251001,-459.329483273429,0.00271128376785557
6000,-0.187089192877281,-0.979498204542777,0.997205645187589,-0.0243054323488428,-460.813540602575,-0.188064311524365,-0.97973013500406,0.997616821582418,-0.0207247299080637,-460.866050716708,0.0010023213630178
6020,-0.216823602002392,-0.974852420718056,0.998673979116881,-0.0115253141420527,-462.53943370468,-0.21426886163141,-0.974339935549434,0.997621899855499,-0.0206805153295712,-462.402598954025,0.0026056360857155
6040,-0.239255844793189,-0.968947974744366,0.998049867005106,-0.0169551777776556,-463.870212080495,-0.240319464085906,-0.968249906904628,0.997627849971801,-0.0206287102324544,-463.939127567061,0.00127223610572694
6060,-0.268679070729766,-0.961064848722054,0.997914869363792,-0.0181301230001602,-465.619075535524,-0.266197449543221,-0.961464428093593,0.997634666916029,-0.0205693584181119,-465.475636156006,0.00251358456942869
6080,-0.291304026405662,-0.955738179642911,0.999146387586571,-0.00741754952349238,-466.950948747694,-0.291884272821234,-0.953988375210141,0.997642345109942,-0.0205025086077305,-467.012124339734,0.00184350249680475
6100,-0.318954268919471,-0.944702121882273,0.997092736284256,-0.0252889504459027,-468.655925374112,-0.317361526084292,-0.945827117906765,0.997650878417078,-0.0204282144005897,-468.548591755965,0.00194998610101147
6120,-0.342985674269115,-0.939147396760973,0.999818486324768,-0.00157675085611183,-470.062680361935,-0.34261095192808,-0.936986515536441,0.997660260147805,-0.0203465342293773,-470.08503806141,0.00219313120888944
6140,-0.368384288720907,-0.926250736534901,0.996818645044251,-0.0276769465210866,-471.688483305875,-0.367614456356459,-0.927472912950183,0.9976704830647,-0.020257531312712,-471.621462931909,0.00144442274262854
6160,-0.393737331597737,-0.919499423977439,1.00025410620929,0.00220685811394995,-473.181013387923,-0.39235412164131,-0.917293135953388,0.997681539388258,-0.0201612736046504,-473.157866062544,0.00260403084248826
6180,-0.416563776909569,-0.905521832318244,0.99674227814323,-0.0283424034598533,-474.703669685867,-0.416812219056599,-0.906454486424181,0.997693420802909,-0.0200578337415009,-474.694247167743,0.000965177279954967
6200,-0.44318731455752,-0.89645457894379,1.00002290368471,0.000198936599496152,-476.30677311167,-0.440971221477885,-0.894964737097244,0.997706118463366,-0.0199472889857034,-476.230605981371,0.00267033654532989
6220,-0.464030245432934,-0.8828596395796,0.997379171566747,-0.0227941093208114,-477.726375941385,-0.464813815838641,-0.882832126016792,0.997719623001275,-0.0198297211670154,-477.766942256801,0.000784053299743322
6240,-0.490647378998774,-0.870778949946458,0.999495287726872,-0.00438498177353128,-479.399433510081,-0.488322915434822,-0.870065350662589,0.997733924532177,-0.0197052166209468,-479.303255766974,0.00243153342524392
6260,-0.510697784899145,-0.857526424576956,0.998080055080068,-0.0166924591192949,-480.775810808231,-0.511481672069264,-0.856673561753129,0.997749012662785,-0.0195738661244104,-480.839546304441,0.00115838425910525
6280,-0.536483851490417,-0.842442941720514,0.998761749850636,-0.0107619685221877,-482.489767396593,-0.534273488027533,-0.84266635673027,0.997764876498553,-0.0194357648288345,-482.375813681395,0.00222162573459981
6300,-0.556377877048946,-0.829801016415896,0.999062595093194,-0.00814601422034011,-483.841676355765,-0.556682027877048,-0.828053772929873,0.997781504651544,-0.0192910121905236,-483.912057729687,0.00177351840297375
6320,-0.580098506858622,-0.812071029988264,0.997984787161509,-0.0175215771016068,-485.539909547468,-0.578691230081345,-0.812846280443159,0.997798885248596,-0.0191397118985406,-485.448278300823,0.00160668640240655
6340,-0.600774800336,-0.799043925378907,0.999700732921454,-0.00259978985171681,-486.938299788384,-0.600285318421498,-0.797054774673737,0.997817005939767,-0.0189819717999765,-486.984475265949,0.00204849043749367
6360,-0.622173235343651,-0.779936289984485,0.997697424679821,-0.0200229761765673,-488.580174859721,-0.621448813216864,-0.780690568595409,0.99783585390708,-0.0188179038227404,-488.520648515829,0.00104581243092471
6380,-0.643437154197675,-0.765756390232097,1.00019709086924,0.00171174086019321,-490.03911023135,-0.642166542337409,-0.76376538471611,0.997855415873528,-0.0186476238959325,-490.056797960794,0.00236189700540363
6400,-0.662347487269773,-0.74587132748127,0.997511018009953,-0.021645972282982,-491.605666943567,-0.662423652000053,-0.746291346753479,0.997875678112363,-0.0184712518677777,-491.59292353069,0.00042686913119382
6420,-0.684126992761052,-0.729610997998946,1.00018095893958,0.00157164718070017,-493.157266095235,-0.682205617341566,-0.728280971027789,0.997896626456652,-0.0182889114212479,-493.129025174806,0.00233680449473446
6440,-0.701065042945113,-0.710080348570024,0.997850838484871,-0.0186874681291382,-494.633962638342,-0.701498252760753,-0.709747157578122,0.997918246309092,-0.0181007299873327,-494.665102861788,0.000546522626660136
6460,-0.722155292168796,-0.691446978063521,0.999803575448985,-0.0017062895563883,-496.244466100715,-0.720287722022743,-0.690703181007889,0.997940522652091,-0.0179068386560912,-496.201156579541,0.00201023687917501
6480,-0.738063106476775,-0.6720980537875,0.998224896026488,-0.0154320580195642,-497.678251275404,-0.738560548118414,-0.671162681065921,0.997963440058085,-0.0177073720855741,-497.737186335114,0.00105941980117013
6500,-0.758122249145767,-0.651238858199609,0.999430535394515,-0.00494771562423797,-499.336906272292,-0.756303622872126,-0.651139652969604,0.997986982700115,-0.0175024684084681,-499.273192154577,0.00182133006367208
6520,-0.773541292105756,-0.632314625428353,0.999093547233311,-0.00787691926079689,-500.73646034804,-0.773504216291067,-0.630648437476643,0.998011134362633,-0.0172922691368161,-500.80917408288,0.00166660040395398
6540,-0.79121792273304,-0.6094133738201,0.998704391421598,-0.0112608095030527,-502.395747988443,-0.790149985649743,-0.609703710712226,0.998035878452547,-0.0170769190645785,-502.345132183702,0.00110670010608641
6560,-0.806733748053411,-0.590032153231061,0.999478505068912,-0.0045308289231085,-503.818859764014,-0.806228984303247,-0.588320473758552,0.998061198010489,-0.0168565661683468,-503.881066539281,0.00178455402274348
6580,-0.822335307946558,-0.566233171416592,0.998426443514018,-0.0136785027495024,-505.4499743577,-0.821729670223173,-0.566514042013793,0.998087075722299,-0.0166313615061098,-505.41697725024,0.000667596692890751
6600,-0.83766443367526,-0.546055221256105,0.999929001532382,-0.000616706747076209,-506.900544964386,-0.83664091425019,-0.54430003432778,0.998113493930734,-0.0164014591141335,-506.952864435395,0.00203181523935048
6620,-0.85090243637803,-0.521836780655077,0.998172621282773,-0.0158869300086667,-508.480271577802,-0.850952008057476,-0.521694361921791,0.998140434647367,-0.0161670159021615,-508.488728231549,0.000150799360058233
6640,-0.866031404469383,-0.499980667272347,0.999995530576669,-3.88210045545026e-05,-510.001131194241,-0.86465267181941,-0.498713217100013,0.9981678795647,-0.0159281915468312,-510.024568793281,0.00187278767067995
6660,-0.877562626365414,-0.4759733518692,0.998332006340057,-0.0145001052537313,-511.525434083774,-0.877733061580102,-0.47537306176038,0.998195810068453,-0.0156851483834868,-511.560386292714,0.000624016327633337
6680,-0.891455862732532,-0.452588126597354,0.999764756098706,-0.00204354293959598,-513.083300132151,-0.890183776316526,-0.451690615712626,0.998224207250056,-0.0154380512963962,-513.096180919277,0.00155683320814813
6700,-0.901804103823397,-0.4286795466857,0.998507283608577,-0.0129752564369091,-514.575561230982,-0.901995864691253,-0.427682844811519,0.998253051919299,-0.0151870676074391,-514.631952879457,0.00101498120989352
6720,-0.914365651033111,-0.403838285736419,0.999574862036724,-0.00369348660629754,-516.170893620554,-0.913160831489919,-0.403366948913395,0.99828232461717,-0.0149323669633872,-516.167702396534,0.00129373433609725
6740,-0.92380575371858,-0.380183797078928,0.998977872710355,-0.00888262519445623,-517.630832845927,-0.923670643738836,-0.378760349664213,0.998312005628838,-0.014674121221825,-517.703429710306,0.0014298451836081
6760,-0.934143385006179,-0.354202750910114,0.999041266666745,-0.00833144638113914,-519.234582151375,-0.93351773649832,-0.353880678127488,0.998342074996801,-0.0144125043356862,-519.239135076814,0.000703680987873238
6780,-0.942980130987486,-0.330111797709376,0.999092251208112,-0.00788818661326819,-520.706232363763,-0.94269501832752,-0.328745762260573,0.998372512534178,-0.0141476922366669,-520.774818768038,0.00139547199049594
6800,-0.951539729565756,-0.3037523194294,0.998845998390549,-0.0100293186604435,-522.295778273925,-0.951195876416763,-0.303373614247867,0.998403297838137,-0.0138798627174031,-522.310481071599,0.00051151989461988
6820,-0.959701416586557,-0.27919536317191,0.999488298988507,-0.00444571604924271,-523.779283584092,-0.959014181383653,-0.277782417699627,0.998434410303455,-0.0136091953125942,-523.846122290445,0.00157121199453055
6840,-0.966148611482875,-0.252644244481849,0.998635195524418,-0.0118626379857777,-525.345512295295,-0.96614429172933,-0.251990514725199,0.9984658291362,-0.0133358711791145,-525.381742742522,0.000653744028653986
6860,-0.973230682478381,-0.227112979800336,0.999378940598171,-0.00539612925487406,-526.864536088979,-0.972581057951597,-0.226016392889512,0.998497533367526,-0.0130600729751452,-526.917342760448,0.00127456458400082
6880,-0.978289904877894,-0.200857439204618,0.998696574976522,-0.0113287906249482,-528.397563140132,-0.97831982631177,-0.199878672061859,0.998529501867573,-0.0127819847385519,-528.452922691168,0.000979224393052853
6900,-0.983944856289914,-0.174665480658154,0.999327529067885,-0.00584297313622009,-529.933968701428,-0.983356442252396,-0.173596091165975,0.998561713359467,-0.0125017917643331,-529.988482895601,0.0012205838625554
6920,-0.987666925270346,-0.148224061157777,0.99872735397559,-0.0110611028444836,-531.465034799024,-0.98768725346316,-0.147187494840607,0.998594146433401,-0.0122196804814715,-531.524023748288,0.00103676562699285
6940,-0.99171778735853,-0.121556782801845,0.999139740581083,-0.00747533419735438,-533.012001105403,-0.991309112592595,-0.120671820019744,0.99862677956081,-0.0119358383290542,-533.059545637017,0.000974768787977928
6960,-0.994340314867618,-0.0953296840800247,0.998899599778592,-0.00956321752971713,-534.523660007471,-0.994219379603369,-0.0940680824418234,0.998659591108597,-0.0116504536319562,-534.595048962454,0.00126738472124743
6980,-0.996534108693537,-0.0683903476175757,0.998878105394685,-0.00975012305577128,-536.074049267127,-0.996415923769243,-0.067395363097263,0.998692559353441,-0.0113637154759085,-536.13053413776,0.00100197897781954
7000,-0.997936408667705,-0.0417408717404989,0.998808978793369,-0.0103512442574621,-537.60487489249,-0.997897125311954,-0.0406727946237143,0.998725662496145,-0.011075813582271,-537.6660015882,0.0010687992839809
7020,-0.998877051470273,-0.0148789945373462,0.998987862004533,-0.00879577094536891,-539.146601130096,-0.998661876676584,-0.0139195476585068,0.998758878676036,-0.0107869381824233,-539.20145175075,0.000983279464421785
7040,-0.99891353836984,0.0116791892692844,0.998981811946815,-0.0088483744801753,-540.669865547137,-0.998709583444178,0.0128451828422144,0.9987921859854,-0.0104972798919118,-540.73688507369,0.00118369701520943
7060,-0.998198258310151,0.038359956512186,0.998935057527283,-0.00925490163295747,-542.200747809938,-0.998040164880628,0.0396021913080877,0.998825562483937,-0.0102070295844652,-542.272302016202,0.00125225429550369
7080,-0.996593528943663,0.0652609379547679,0.998728017007193,-0.0110553364885393,-543.746608010238,-0.996654054121095,0.0663322752733427,0.998858986213246,-0.009916378265884,-543.80770304795,0.00107304564081603
7100,-0.9948237876593,0.0918594367962046,0.999055816569481,-0.00820494717300158,-545.275583399589,-0.994552197989488,0.0930162491001319,0.998892435211309,-0.00962551694791077,-545.343088648664,0.00118826581843709
7120,-0.991498230272725,0.118436980970961,0.998546973905315,-0.0126300023849258,-546.811849481146,-0.991736056452749,0.119634957696808,0.998925887526981,-0.00933463652221476,-546.878459307715,0.00122135561061271
7140,-0.988355959158141,0.145120592888057,0.998953196342847,-0.00909718335231748,-548.353068920746,-0.988207601709967,0.146169290221475,0.998959321234461,-0.00904392763452173,-548.413815523685,0.00105913928713167
7160,-0.983715448303306,0.171336971369596,0.998525132877826,-0.0128199892699391,-549.880280445105,-0.983969316916601,0.172600193761151,0.998992714447763,-0.00875358055886897,-549.949157803931,0.00128847975666703
7180,-0.979202270424319,0.197949434955482,0.999010042593835,-0.00860291974132573,-551.428539129439,-0.979024194544288,0.1989086869769,0.999026045335138,-0.00846378507232578,-551.484486664154,0.000975641050614028
7200,-0.97313831008324,0.223474301005301,0.998468293818824,-0.0133144303503783,-552.933330499966,-0.973375734377054,0.225075873705235,0.999059292133477,-0.00817473032996576,-553.019802627948,0.00161907547954639
7220,-0.966845217293249,0.250328702418047,0.998726255516062,-0.0110706561058877,-554.515858652258,-0.967027941144924,0.251082956506188,0.999092433162658,-0.00788660474036331,-554.555106226364,0.000776071669015261
7240,-0.960008397340459,0.275319820785521,0.998707728357785,-0.0112317876911105,-556.002307512648,-0.959985321796215,0.27691125014837,0.999125446839842,-0.00759959584161746,-556.090397997457,0.00159159665043584
7260,-0.951901359538749,0.30175451453569,0.998584991542728,-0.0122993111650996,-557.58871263808,-0.952252882410042,0.302542195021431,0.999158311693708,-0.00731389017799371,-557.625678485839,0.000862559491664395
7280,-0.943972276382301,0.326342591736653,0.998790841848172,-0.0105089690457158,-559.070884439708,-0.943836124750848,0.327957370466337,0.999191006378606,-0.00702967317725416,-559.160948242221,0.00162050844261517
7300,-0.933964663554995,0.352154706571681,0.998149753358674,-0.0160859241866686,-560.659130048214,-0.934741042466949,0.353138508013907,0.999223509688642,-0.00674712902878465,-560.696207822963,0.00125324757835496
7320,-0.925395855947909,0.376832435235344,0.999179750821123,-0.00712751741337357,-562.15675025905,-0.924974116935457,0.378067504522109,0.999255800571657,-0.00646644056253963,-562.231457789618,0.00130509001135321
7340,-0.913703053349304,0.401282404123333,0.997938293462498,-0.0179262411314659,-563.710241306796,-0.914542312756065,0.402726435202667,0.999287858143118,-0.00618778912894218,-563.766698708471,0.00167020421204167
7360,-0.903693090475607,0.426014065815358,0.999074164437199,-0.00804543046927057,-565.239871672503,-0.903453072896555,0.427097566527565,0.999319661699896,-0.00591135447976723,-565.30193115008,0.00110976674648644
7380,-0.890810028915425,0.449443802951348,0.997768630308486,-0.0194030866716547,-566.772489904418,-0.891714313493035,0.451163369006116,0.99935119073392,-0.00563731465013643,-566.837155688823,0.00194284276615786
7400,-0.87943537791481,0.47421782404607,0.99914419808712,-0.00743658354260435,-568.334872063263,-0.879334418308259,0.474906529823346,0.999382424945715,-0.00536584584160621,-568.37237290243,0.000696066440656606
7420,-0.865780250605501,0.496142757321179,0.997864258294076,-0.0185706548806886,-569.815233346748,-0.866322232851548,0.498309965330481,0.999413344257798,-0.00509712230656777,-569.907583371532,0.00223395060612597
7440,-0.852261149398628,0.520820563157837,0.998800843903486,-0.0104219875577179,-571.429286864555,-0.852687058164148,0.521356833378431,0.999443928827933,-0.00483131623385356,-571.442787679195,0.000684824084011932
7460,-0.838274949909937,0.541962365865646,0.998212451165179,-0.0155403456069936,-572.883517100793,-0.838438644274065,0.54403054548528,0.999474159062226,-0.00456859763581299,-572.977986410467,0.00207464762885598
7480,-0.82271379500069,0.565712574034933,0.998443140547156,-0.0135332468066227,-574.513102331551,-0.823587183324685,0.566314778828831,0.999504015628069,-0.00430913423677304,-574.513180151918,0.00106087594858354
7500,-0.808484266478015,0.586230724733024,0.998655732353998,-0.0116840153997895,-575.945810732546,-0.808143302381722,0.588193488055409,0.999533479466909,-0.00405309136302278,-576.048369491183,0.00199215872225635
7520,-0.790675999952875,0.608666057103712,0.997819074768396,-0.0189639628881063,-577.58924365056,-0.79211805592328,0.609650916896223,0.999562531806831,-0.00380063183442719,-577.583555016514,0.00174627438642558
7540,-0.7759626787134,0.629319588337884,0.999080188484307,-0.00799305793030087,-579.042669611439,-0.775522918018059,0.630671609582679,0.999591154174972,-0.00355191585764715,-579.118737316322,0.00142174221135352
7560,-0.756878940145958,0.649647184251776,0.997450346655276,-0.0221742879691069,-580.640276607668,-0.758369774196963,0.651240422052213,0.999619328409719,-0.00330710092115467,-580.65391697873,0.00218196994855077
7580,-0.741052839735301,0.670454715366015,0.999334196671103,-0.00578502029211915,-582.136673748807,-0.740670913023627,0.671342532936279,0.999647036672721,-0.00306634169195353,-582.189094591124,0.000966482307732738
7600,-0.721177471663495,0.688976016644074,0.997389040016826,-0.0227081682397477,-583.691853840561,-0.722439017369558,0.690963454322336,0.999674261460676,-0.00282978991427336,-583.724270739712,0.00235401913617204
7620,-0.703710812827509,0.709726581620428,0.999460218692556,-0.00468974669785455,-585.243856631005,-0.703687155399888,0.710089042281773,0.999700985616915,-0.00259759431006037,-585.259446009084,0.000363231888611593
7640,-0.683638255350406,0.726287403061386,0.997424010150247,-0.022403631712354,-586.732624158402,-0.68442877127589,0.72870550715585,0.999727192342735,-0.00236990048161836,-586.794620981771,0.00254404065221188
7660,-0.663939009247548,0.746543976211315,0.999071026713325,-0.00807270969142672,-588.351700125683,-0.664677675580691,0.746799423591977,0.999752865208527,-0.00214685081615295,-588.329796237813,0.000781588968707354
7680,-0.644232720108549,0.762021516801167,0.997853992188442,-0.0186600164531781,-589.787956542133,-0.64444803547477,0.764357740322703,0.999777988164631,-0.00192858439255796,-589.864972354332,0.00234612468754503
7700,-0.622467279692175,0.781029256231775,0.998735306964431,-0.0109919363116464,-591.445739484391,-0.623754364588121,0.781367789680037,0.999802545551968,-0.00171523689029712,-591.400149905107,0.00133086153485718
7720,-0.602940640172894,0.795744597886833,0.998372115314815,-0.0141511480652245,-592.848563945465,-0.602611512656078,0.797817296837891,0.999826522112395,-0.00150694050059172,-592.935329460153,0.00209866764020509
7740,-0.579182888713478,0.812812545886039,0.99805663833684,-0.0168962480161583,-594.527605479552,-0.581034654906093,0.813694388775586,0.999849902998804,-0.00130382383986862,-594.470511585306,0.00205102045673738
7760,-0.559657333281681,0.827728636170104,0.999175172745992,-0.00716731480359539,-595.935949047643,-0.559039281202897,0.82898760295557,0.999872673784954,-0.00110601186556456,-596.005696841816,0.00140249268768041
7780,-0.534823429651393,0.842044617619503,0.997534580335967,-0.0214408042772484,-597.578386989808,-0.536641184959703,0.843685895708715,0.999894820475019,-0.00091362579437214,-597.540885785939,0.00244908720282026
7800,-0.514293554059461,0.857075761579931,0.999538253812695,-0.0040116026661428,-599.033879330307,-0.513856451823274,0.85777865032072,0.999916329512845,-0.000726783022958033,-599.076078968544,0.000827714290566634
7820,-0.489102790817922,0.8691109018516,0.997283961418804,-0.0236233068172809,-600.630834256373,-0.490701448140902,0.871255684813398,0.999937187790934,-0.000545597051127839,-600.611276934717,0.0026750325585935
7840,-0.467056234993766,0.88406367208963,0.999855040971016,-0.00125918939543661,-602.152232800438,-0.467192809217479,0.884107259414793,0.999957382659109,-0.000370177407688103,-602.146480223375,0.000143360990153662
7860,-0.442466964672882,0.893742382070791,0.997272510568904,-0.0237230390834665,-603.661269659292,-0.443347427371045,0.896324083712351,0.999976901932894,-0.000200629578819949,-603.681689366892,0.0027277092823266
7880,-0.418244251457118,0.907947387779864,0.99964829457825,-0.0030554118123806,-605.266928440932,-0.419182439795372,0.907897323483517,0.999995733901567,-3.7054939212905e-05,-605.216904890719,0.000939523172574031
7900,-0.39457090538839,0.916369553927142,0.997707050563262,-0.0199391742584412,-606.704228699816,-0.394715216238279,0.918818607198449,1.00001386733591,0.000120449314163744,-606.752127313026,0.00245330135676363
7920,-0.36836677802716,0.928987781787113,0.999355983553334,-0.00559565782213514,-608.370441735537,-0.369963346504556,0.929080032189692,1.00003129149565,0.000271790225451629,-608.287357144339,0.00159923139032225
7940,-0.345424538850745,0.936732747919854,0.998391883513548,-0.0139791654046337,-609.758313947678,-0.34494462779249,0.938674170483952,1.0000479961365,0.000416879140504263,-609.822594887191,0.00199985904408927
7960,-0.317588138602424,0.946843261902581,0.998686331332953,-0.0114178823631983,-611.457627471189,-0.31967705187319,0.947594074291335,1.00006397151702,0.000555631764659703,-611.357841035782,0.00221974725946125
7980,-0.294843056676971,0.954721483212211,0.999212459178499,-0.00684318765967521,-612.837938824087,-0.294178792121968,0.955833281147661,1.00007920840494,0.000687968217605694,-612.893096075637,0.00129512240668734
8000,-0.266402212312491,0.961905689183962,0.998114569380421,-0.016392100226273,-614.519794610022,-0.268468190411238,0.963385818705723,1.00009369808333,0.000813813085293715,-614.428360483286,0.00254146589701481
8020,-0.243001389244608,0.969871242636616,0.999849939975146,-0.00130350261923457,-615.934093076008,-0.242563743874454,0.970246209171622,1.00010743235629,0.000933095468880357,-615.963634725944,0.000576310135596914
8040,-0.214751748820438,0.974331272239309,0.997717265403835,-0.0198502458263461,-617.570210655075,-0.216484091550779,0.976409473382566,1.00012040355438,0.00104574903072936,-617.498919261196,0.00270553716056499
8060,-0.190051282729714,0.982093767026598,1.00031377942109,0.00272502591610458,-619.04770209007,-0.190248000920221,0.981871134522793,1.00013260453963,0.00115171203726451,-619.034214536703,0.000297091363434029
8080,-0.162967136427056,0.984118223985733,0.997520408982226,-0.021564200188913,-620.597312801715,-0.163874354339163,0.98662722147454,1.00014402871019,0.00125092739884724,-620.569520989903,0.00266797914888494
8100,-0.136339894094439,0.990955273604944,1.00029041833216,0.00252217535677382,-622.166182767384,-0.137382135386208,0.990674271801261,1.00015467000471,0.00134334270650742,-622.104839047731,0.00107945769900458
8120,-0.110518050583198,0.991674613752961,0.997814000235913,-0.0190081361679222,-623.640861986122,-0.110790415128411,0.994009334360571,1.00016452290624,0.00142891026554289,-623.640169126343,0.00235055371372156
8140,-0.0823290111352697,0.996735915267972,1.00013026694506,0.00113141061715936,-625.278166498354,-0.0841183383180459,0.996629971544665,1.00017358244582,0.00150758712597003,-625.175511630852,0.0017924608334717
8160,-0.0578369275413602,0.996811651101487,0.998488146128484,-0.0131417325715685,-626.6793118431,-0.0573851095300655,0.99853426114626,1.00018184420569,0.00157933510978493,-626.710866955071,0.00178087755943064
8180,-0.0284631000415423,0.999076901435002,0.999482267498998,-0.00449813188077754,-628.368119108979,-0.0306099792505642,0.99972079784838,1.0001893043221,0.00164412083506905,-628.246235481266,0.00224135961623569
8200,-0.00443116755226625,0.999354968258314,0.999364792169732,-0.00551909818376679,-629.745950594848,-0.00381222992652455,1.00018869433658,1.0001959594878,0.00170191573677718,-629.781617579923,0.00103835589185162
8220,0.0251227868938066,0.998674809211812,0.998990755200247,-0.00877061554234146,-631.44103578285,0.0229888380127694,0.999937582032539,1.00020180695411,0.00175269608437055,-631.317013609519,0.00247958323587762
8240,0.0493807901361046,0.998849022484031,1.00006891370134,0.00059855618023386,-632.830266785808,0.0497739201522853,0.998967611448155,1.00020684453255,0.00179644299615179,-632.852423916304,0.000410627023019815
8260,0.0782272266199922,0.99528437321336,0.998353886428739,-0.0143097417756762,-634.494086868597,0.0765237220952915,0.997279452159699,1.00021107059623,0.00183314245030618,-634.387848834097,0.00262340764422909
8280,0.103572242263701,0.995447436552217,1.00082106707738,0.00712877181999986,-635.940018838074,0.103218973464511,0.994874292401731,1.00021448408075,0.00186278529272147,-635.923288684088,0.000673270422429345
8300,0.130740254682789,0.989525180820043,0.99812479063064,-0.0163031523243886,-637.526566289115,0.129840441889878,0.991753838280881,1.00021708448467,0.00188536724142072,-637.458743774653,0.00240345108958721
8320,0.15745189622687,0.988465069816465,1.00092671753366,0.0080456387812994,-639.050568104074,0.156368946972477,0.98792031260986,1.00021887186978,0.00190088888778045,-638.994214401179,0.00121224564414038
8340,0.182998153119721,0.981381621704163,0.998297656745683,-0.0147989656697487,-640.562629881093,0.18278537421418,0.983376453362339,1.00021984686073,0.00190935569437002,-640.529700845893,0.00200614760351841
8360,0.210944461607881,0.978419808743003,1.00090103807706,0.00782279350863671,-642.16657526162,0.209070688902575,0.978125511749661,1.00022001064452,0.00191077798949933,-642.065203377714,0.00189674322759784
8380,0.234841835068397,0.970875904605944,0.99887472169572,-0.00977954655139683,-643.597894487216,0.235205949940771,0.972171249920641,1.00021936496941,0.00190517095847257,-643.600722252107,0.00134554789011484
8400,0.263364694592655,0.965123760113583,1.00041233233785,0.00358073500510136,-645.263358398107,0.261172323611671,0.965517938285972,1.00021791214351,0.0018925546314552,-645.136257710944,0.00222752484831248
8420,0.286512289759267,0.957620302843753,0.999562872760718,-0.00379766905097739,-646.656759916475,0.286951097266411,0.958170352469101,1.00021565503303,0.00187295386811373,-646.671809982389,0.000703638130485228
8440,0.314597819289789,0.948990194345557,0.999777063582631,-0.00193661699682144,-648.340770629924,0.312523692926663,0.950133769885682,1.00021259706009,0.0018463983388752,-648.20737928078,0.00236849428671112
8460,0.337597822740667,0.941608264065132,1.00029916168864,0.00259809680529439,-649.72444222977,0.337871680790566,0.941413965954033,1.00020874220012,0.0018129225029002,-649.742965806528,0.000335782649151707
8480,0.364599529360465,0.930402527699732,0.999290588547657,-0.00616405626768814,-651.398866448265,0.362976792632139,0.932017209939315,1.00020409497891,0.00177256558277584,-651.278569746029,0.00228920799061198
8500,0.388245094325747,0.922675333159075,1.00103147986875,0.00895470279954665,-652.820477784422,0.387820935084087,0.921950260434416,1.0001986604693,0.00172537153590283,-652.814191271581,0.000840024712928325
8520,0.413262463475492,0.909464562888646,0.998955281715887,-0.00907905107019982,-654.437139734868,0.41238620279399,0.911220360480832,1.00019244428743,0.0016713890226174,-654.349830541316,0.00196230934530593
8540,0.437763085133163,0.900512949165393,1.00127922694914,0.0111041232686445,-655.92560835962,0.436654891443977,0.899835232333117,1.00018545258864,0.00161067137106226,-655.885487699142,0.00129899705831129
8560,0.460904804443111,0.886304512638738,0.99898394776019,-0.00882980415266174,-657.475777947755,0.460609510624083,0.887803071870727,1.00017769206299,0.00154327653878363,-657.421162874694,0.0015273762507438
8580,0.48597982703641,0.875588089498297,1.00141444704858,0.0122770503894241,-659.03169730641,0.484232796549583,0.87513254266142,1.0001691699304,0.00146926707115876,-658.956856183297,0.00180544688165857
8600,0.50724306781604,0.860992784532177,0.999301808696402,-0.00606653065531082,-660.503930385874,0.507507724612748,0.86183276968057,1.00015989393541,0.00138871005656893,-660.492567725944,0.000880691926591795
8620,0.532431258065018,0.847718215936668,1.00105405358329,0.00915057134760512,-662.131933637171,0.530417521759539,0.847913332691105,1.00014987234157,0.00130167707845289,-662.028297589274,0.00202316693722127
8640,0.552718658181122,0.8332062725388,0.999865294777021,-0.00117011351243279,-663.558844654504,0.552945678681966,0.833384259288969,1.0001391139255,0.00120824416415769,-663.564045845573,0.000288474593403272
8660,0.576956713493969,0.817497395710802,1.00059034636544,0.00512617041921587,-665.212902137753,0.5750759618169,0.818256017619339,1.0001276279705,0.00110849173069613,-665.099812552779,0.00202798769002935
8680,0.596829955905785,0.80293929327143,1.00045864729419,0.00398284648907324,-666.623660246123,0.596792425142346,0.802539508769041,1.00011542425989,0.00100250452738368,-666.635597754497,0.000401542284890662
8700,0.619528931867813,0.785115973428368,1.00011158835084,0.00096919002616825,-668.276697468745,0.618079421762296,0.786246058840883,1.00010251306995,0.000890371575485161,-668.171401480026,0.00183798057268719
8720,0.639509055080827,0.770178782217323,1.00107301836985,0.00931512238473598,-669.704153075203,0.638921615271475,0.769387410715862,1.00008890516252,0.000772186104752957,-669.7072237444,0.000985573124093651
8740,0.660166206217843,0.750806695940084,0.999765029644729,-0.00204116639029186,-671.324386302275,0.659303990891439,0.751975715509468,1.00007461177722,0.000648045487012118,-671.243064548436,0.00145259148513567
8760,0.680269564718282,0.734735093700762,1.00130032387764,0.011287132820138,-672.795692672311,0.679211866369712,0.734023523728502,1.00005964462338,0.000518051166826184,-672.778923878788,0.00127477747940181
8780,0.698968006183867,0.714546077730764,0.999566091296153,-0.00376970102681125,-674.368579606525,0.698630902633758,0.715543776135127,1.00004401587159,0.000382308589192604,-674.314801708025,0.0010531101127443
8800,0.719187323416807,0.69705566027532,1.00155728727082,0.0135159040258763,-675.8952896504,0.717547114191868,0.696549794325026,1.00002773814495,0.000240927124419067,-675.850697994699,0.0017164459389222
8820,0.735996778314984,0.676580258986974,0.999726014736496,-0.00238013183666627,-677.408583836549,0.735946879273181,0.677055271026811,1.00001082450998,9.40199901776908e-05,-677.386612683445,0.000477625745080058
8840,0.755521200073166,0.657021984584101,1.00124431183744,0.010801236634811,-678.988882336339,0.753816949699278,0.657074260130029,0.999993288467152,-5.82958292438374e-05,-678.922545705076,0.00170505192577783
8860,0.771175996406915,0.636593327818207,0.999981741061735,-0.000158596570587953,-680.460877377749,0.771144460480023,0.636621166449322,0.999975143941249,-0.00021589966636811,-680.458496976692,4.20654735776749e-05
8880,0.789542721742133,0.61526978256563,1.00096684000737,0.00839380852025188,-682.071655422145,0.787916939126511,0.615710735232478,0.999956405271255,-0.000378667256692838,-681.994466401799,0.00168452021883342
8900,0.804389987794997,0.594768384293785,1.00039626319788,0.00344121663564406,-683.520666877358,0.804122314674248,0.594358041420364,0.99993708720005,-0.000546470827368379,-683.53045387044,0.000489928743123419
8920,0.820954352631804,0.571911611299153,1.00052433265958,0.00455310204897833,-685.137295143565,0.819748926409872,0.572578478666831,0.999917204863763,-0.000719179188603359,-685.066459259335,0.00137759372189158
8940,0.835451195166917,0.551104730194451,1.00084720269806,0.00735559373674789,-686.589190899699,0.834785532295015,0.550387748126979,0.999896773780853,-0.000896657827359931,-686.602482432025,0.000978350828744464
8960,0.850013158156596,0.527150334852584,1.000204901295,0.00177956772343293,-688.194165175924,0.849221317081083,0.527801847022219,0.9998758098409,-0.00107876900371226,-688.138523239032,0.00102541718146846
8980,0.864106239980491,0.505441223646596,1.00107463484727,0.00932914786820876,-689.675375776719,0.863045900109048,0.504837056990845,0.99985432929313,-0.00126537184941918,-689.674581518024,0.00122038436195024
9000,0.87671097004776,0.481029411824836,1.00000571000501,4.95963317881695e-05,-691.247523378421,0.876249342788536,0.481509932232907,0.999832348734667,-0.00145632246893118,-691.210657093993,0.00066633294157758
9020,0.890120581625347,0.458287480431947,1.00117034742031,0.0101595645798858,-692.757872955014,0.888822155750784,0.457837287458397,0.99980988509853,-0.00165147404261029,-692.746749779438,0.00137425742318028
9040,0.901061919960021,0.433736276747899,1.00001987048717,0.0001725911438559,-694.295639595649,0.900755305670303,0.433836185647836,0.999786955641383,-0.00185067693209751,-694.282859374558,0.000322481179211536
9060,0.913369101762937,0.409674449295619,1.00103759692676,0.009007779979957,-695.842282067256,0.912040221750302,0.409523925634541,0.999763577931035,-0.0020537787879148,-695.818985667455,0.0013373778301306
9080,0.922998794615665,0.385135194742689,1.00012793836162,0.00111118740924796,-697.350925151395,0.922668801867264,0.384918029517965,0.999739769833713,-0.00226062465899028,-697.355128434342,0.000395039173786973
9100,0.933804221663309,0.359911292342458,1.00076294033694,0.00662428891966789,-698.922100844958,0.932633418370276,0.360036229917592,0.999715549501106,-0.00247105710426014,-698.891287439763,0.00117745052917609
9120,0.942347878629104,0.335364335899756,1.00024435122137,0.00212214847750529,-700.410287985993,0.941926923531018,0.334896457077029,0.999690935357201,-0.00268491630610612,-700.42746243682,0.000629375712401069
9140,0.951545417229764,0.309372697171378,1.00057490814334,0.00499215380762108,-701.989279547313,0.950542654640581,0.309516825828008,0.999665946084895,-0.00290204018569612,-701.963653167405,0.00101306755940875
9160,0.959162621293775,0.28439322930018,1.00043612637636,0.00378731975828127,-703.484826776457,0.958474438749579,0.283915622424108,0.999640600612435,-0.0031222645199711,-703.499859362442,0.000837677469081475
9180,0.966456896399256,0.257962820740727,1.00029183215809,0.00253445211870063,-705.055245681649,0.965716597048264,0.25811129125412,0.999614918099639,-0.00334542306043353,-705.036080742138,0.000755040808450492
9200,0.97314096354376,0.232514148636642,1.00053294010897,0.00462782590269884,-706.562160428422,0.97226394888369,0.232122421445025,0.999588917923968,-0.00357134765341184,-706.572317016239,0.00096052324627246
9220,0.978711961100031,0.205971398704504,1.00015064859478,0.00130841851514977,-708.115446813755,0.978111815411202,0.205967733364637,0.999562619666403,-0.00379986836191632,-708.10856788429,0.000600156881603714
9240,0.984159376475191,0.180000941218558,1.00048489101215,0.00421068903791143,-709.635266727313,0.983256022877848,0.179666065034038,0.999536043097185,-0.00403081358888224,-709.64483303591,0.000963426063998009
9260,0.988224158070589,0.153331451595304,1.0000487591326,0.000423506119774167,-711.180394742228,0.987692905535591,0.153236358459952,0.999509208161388,-0.00426401020176589,-711.181112151067,0.00053969617409514
9280,0.992301624667989,0.12695062262832,1.00038941163152,0.00338172805572483,-712.709438696731,0.991419308182465,0.126697645897286,0.999482134964359,-0.00449928365841838,-712.71740490036,0.000917866878731093
9300,0.995070444451386,0.100275407633672,1.00011016732997,0.000956848564067609,-714.245606198378,0.994432588330154,0.100069036052084,0.999454843757037,-0.00473645813407902,-714.253710945308,0.000670410069345485
9320,0.997541115157261,0.0735864037021108,1.00025158597175,0.00218497314233957,-715.781058603235,0.996730617996692,0.0733697002351592,0.999427354921139,-0.00497535664951424,-715.790029938647,0.000838967246011111
9340,0.998995689347355,0.0468611671112072,1.00009417372447,0.00081794406370386,-717.314322358065,0.998311785123357,0.0466188584767159,0.999399688954252,-0.00521580120009814,-717.326361524632,0.000725560791355261
9360,0.999885450175895,0.0200372736002677,1.00008619918824,0.000748684368429433,-718.851970926001,0.999174994615035,0.0198357656122312,0.999371866454814,-0.005457612885817,-718.862705339337,0.000738479907105917
9380,0.999941741740748,-0.00670893254718958,0.999964247686608,-0.000310546199831443,-720.384410147386,0.999319669003683,-0.0069603026500472,0.999343908107019,-0.00570061204208804,-720.399061010974,0.000670940696940349
9400,0.999361161814091,-0.0334577057104788,0.999921071792079,-0.000685588759835936,-721.917494561951,0.998745748734776,-0.0337500636697415,0.999315834665647,-0.00594461837124707,-721.935428160206,0.000681326965954915
9420,0.998080222794924,-0.0603889075896567,0.99990547117927,-0.000821105714167257,-723.462463712146,0.997453692076901,-0.060514241812793,0.999287666940816,-0.00618945107474359,-723.471806400466,0.000638943978855636
9440,0.996163480946952,-0.0869175201821219,0.999948166700134,-0.000450229990768792,-724.986557982359,0.995444474654988,-0.0872335823774862,0.999259425782692,-0.00643492898579529,-725.008195338285,0.000785407766209658
9460,0.993235767817366,-0.113715034927215,0.999724161776762,-0.00239623086623268,-726.531325216141,0.992719588607901,-0.113888865497796,0.999231132066157,-0.0066808707024786,-726.544594573622,0.000544663238664565
9480,0.990107548850982,-0.140111678566625,0.999972119992582,-0.000242166043356671,-728.054534705348,0.98928104137142,-0.140460920013896,0.999202806675437,-0.00692709472119098,-728.081003700198,0.000897264845106404
9500,0.985579156784248,-0.166722334579536,0.999581217878367,-0.00363825716260995,-729.601361942151,0.985131354087941,-0.166930637299635,0.999174470488714,-0.00717341957032823,-729.617422305829,0.000493879821434472
9520,0.981023321788881,-0.193095044613761,0.999846215249166,-0.00133586009385068,-731.135197148218,0.98027355964445,-0.193278985036952,0.999146144362733,-0.00741966394406481,-731.153849972771,0.000771995694616437
9540,0.975031670821731,-0.219083315254705,0.999341912524642,-0.00571795684747499,-732.663669476838,0.97471120034065,-0.219487020927141,0.999117849117401,-0.00766564683627111,-732.690286278063,0.000515441169486494
9560,0.969208349624806,-0.245508551095766,0.999819620553419,-0.00156689728826148,-734.214507421784,0.968448325189373,-0.245535906329047,0.99908960552041,-0.00791118767427601,-734.226730793873,0.000760516568683905
9580,0.961956950784601,-0.270833500132363,0.999355772463818,-0.00559749250413756,-735.724262938545,0.961489486851672,-0.271406919814315,0.999061434271879,-0.00815610645253313,-735.763183087846,0.00073981934297447
9600,0.95438729201992,-0.297123564962525,0.999568664987631,-0.00374733655130762,-737.292613201163,0.953839738209261,-0.297081470629863,0.999033355989035,-0.00840022386599546,-737.299642723459,0.00054916947148301
9620,0.946074685597323,-0.321842755177883,0.999319803560684,-0.00591012145383712,-738.78766096898,0.945504628577249,-0.322541112057921,0.999005391190939,-0.008643361443156,-738.836109260369,0.00090148063652605
9640,0.936788985984298,-0.347874465620168,0.999294875445685,-0.00612679439039749,-740.372364891063,0.936490199560334,-0.347767554663985,0.998977560283274,-0.00888534167861469,-740.372582254777,0.00031733780061146
9660,0.927612150591452,-0.372061046976694,0.999446709235811,-0.00480715251471995,-741.85549831589,0.92680298055593,-0.37274267942325,0.998949883543204,-0.0091259881651038,-741.909061259774,0.0010580070597984
9680,0.916450674872332,-0.397367612918771,0.998890814489109,-0.00963960998244804,-743.441270807631,0.916449983907907,-0.397448550716067,0.99892238110431,-0.00936512572484825,-743.44554582571,8.094074661742e-05
9700,0.906372960667985,-0.421437061356806,0.999560473665855,-0.00381851646216061,-744.937057278022,0.905438699714892,-0.421867429183222,0.998895072941625,-0.00960258054018102,-744.982035500545,0.00102862043266179
9720,0.893630752197615,-0.445734256561407,0.998626531164492,-0.0119379988391854,-746.509570939842,0.893777090297347,-0.44598178443187,0.998867978856779,-0.00983818028322796,-746.518529830211,0.000287549797580943
9740,0.882455954912069,-0.469729712124274,0.999687208486797,-0.0027172975593711,-748.026292226716,0.881473584327803,-0.469774307583112,0.99884111846324,-0.0100717542447635,-748.055028358977,0.000983382285675913
9760,0.86841161021203,-0.49266445702277,0.998427259225524,-0.0136714064057852,-749.56696834614,0.868537070628967,-0.493227923652369,0.998814511171706,-0.0103031334618956,-749.591530629801,0.00057726506813602
9780,0.855659859715372,-0.516560623991041,0.999494208980794,-0.00439435637944753,-751.119319813936,0.854976891644564,-0.516325803753821,0.998788176175624,-0.0105321508446312,-751.128036184696,0.000722209062218861
9800,0.840924475551567,-0.538211096547583,0.998411317057569,-0.0138100975479706,-752.62018233382,0.840802836588037,-0.539051377120341,0.99876213243686,-0.0107586413011713,-752.664544565089,0.000849039150100167
9820,0.826403740378704,-0.561804563601991,0.999283498210561,-0.00622568609259075,-754.208591081991,0.826025134274452,-0.5613883429305,0.998736398671531,-0.0109824418618773,-754.201055312177,0.000562656404525838
9840,0.811065711810273,-0.582454556812385,0.998539383112062,-0.0126960313698349,-755.683445000879,0.810654445641162,-0.583320681934405,0.99871099333601,-0.0112033918017365,-755.737567967288,0.000958807899868265
9860,0.794666044149182,-0.605295002974309,0.998937516739349,-0.00923351844277829,-757.296427715676,0.794701855962978,-0.604832667870265,0.998685934613112,-0.0114213327613186,-757.274082072238,0.000463719995728687
9880,0.779039445310912,-0.625215668466842,0.998897937452457,-0.00957767222903935,-758.748676375079,0.778178866767842,-0.625908878663776,0.998661240398479,-0.0116361088660346,-758.810597169684,0.00110505013729033
9900,0.760703737148901,-0.646673629596676,0.99842724268123,-0.0136715503340643,-760.367835731916,0.761097387459141,-0.646534207402591,0.998636928287166,-0.0118475668436781,-760.347112803477,0.00041761120070588
9920,0.744498202376165,-0.666343163640743,0.999145027046673,-0.00742937712713726,-761.829280840502,0.74346972665103,-0.666693873078307,0.998613015560438,-0.0120555561401087,-761.883628519017,0.00108662754740937
9940,0.72467659787487,-0.686152208684591,0.997978469201735,-0.0175765651893437,-763.435858029952,0.725308583223338,-0.686373431088595,0.998589519172806,-0.0122599290330165,-763.4201438636,0.000669585567878719
9960,0.707579132627727,-0.705658021619228,0.999310498496723,-0.00599099960178985,-764.922113932094,0.706627037102746,-0.705558783492289,0.998566455739289,-0.0124605407436045,-764.956658386764,0.000957253411865487
9980,0.686943283215907,-0.723518799098343,0.997682578280366,-0.0201522289374508,-766.485437416231,0.687438539777166,-0.724236189010459,0.998543841522922,-0.0126572495462046,-766.493171640631,0.00087173811863189
10000,0.668451160746353,-0.742999645557498,0.999437555629022,-0.00488670411233427,-768.023377346022,0.667756904550408,-0.742392272766642,0.998521692422535,-0.0128499168756312,-768.029683180251,0.000922438817852292
10020,0.647463844449963,-0.759015163823382,0.997653972469293,-0.0204012765659387,-769.534776875202,0.647596296544347,-0.760014035759681,0.998500023960777,-0.0130384074322645,-769.566192563938,0.00100761535440512
10040,0.627095513930005,-0.777831151139918,0.999134667236999,-0.00751943875740656,-771.123880966922,0.626971222456014,-0.777088864062755,0.998478851272441,-0.0132225892846761,-771.102699353602,0.000752621070280383
10060,0.606262827042849,-0.792527808463937,0.997825106239886,-0.0189114598455184,-772.584966666088,0.605896520077157,-0.793604537742431,0.998458189093057,-0.0134023339698525,-772.639203115078,0.00113733316678955
10080,0.583950422722828,-0.810298772445175,0.998790366805931,-0.0105131002063956,-774.221192187073,0.584387347583965,-0.809549239491768,0.99843805174779,-0.0135775165907772,-774.175703418456,0.000867584567937516
10100,0.563186361991468,-0.824153181799506,0.998202056401125,-0.0156307955341465,-775.653190732816,0.56245917260481,-0.824911562971733,0.998418453140644,-0.0137480159114075,-775.712199838396,0.00105068853922341
10120,0.539331700282044,-0.839978322913071,0.998219547941722,-0.0154785936235881,-777.296367714589,0.540127761073957,-0.839680520855378,0.998399406743977,-0.0139137144488478,-777.248691954449,0.000849940497909261
10140,0.518383487982025,-0.853580145707471,0.998659354213636,-0.0116525140374692,-778.729480990655,0.517409165879362,-0.853845552569466,0.998380925588341,-0.0140744985627901,-778.785179351364,0.00100982392630228
10160,0.493326908154292,-0.867231594070402,0.997728458080135,-0.0197528055903565,-780.366505985899,0.494319715312791,-0.867396531728453,0.998363022252661,-0.0142302585419768,-780.321661619399,0.00100641466851873
10180,0.471803176158214,-0.880599358986357,0.999026259955244,-0.00846191908858938,-781.818704245761,0.470876001330567,-0.88032377325596,0.998345708854741,-0.0143808886877281,-781.858138354621,0.000967264522155534
10200,0.446287561460646,-0.891888417006645,0.99731516377979,-0.023351552698299,-783.417305677947,0.447094867633431,-0.892618040189085,0.998328997042136,-0.0145262873944024,-783.3946091592,0.00108816048677085
10220,0.423559271604626,-0.905077527233919,0.999283636844969,-0.00622448106610795,-784.921289386087,0.422993397574053,-0.90427055016113,0.998312897983369,-0.0146663572267306,-784.931073641699,0.000985609159091722
10240,0.398206215643344,-0.914224644157269,0.997183478684579,-0.024498509814529,-786.463641046419,0.398588901900838,-0.91527298155859,0.998297422359522,-0.0148010049939469,-786.467531417357,0.00111600182736544
10260,0.373818168556911,-0.926608166991541,0.999171015531709,-0.00720345379160071,-788.029552363214,0.373898906346793,-0.925617479348405,0.998282580356195,-0.0149301418206548,-788.003982108373,0.000993972130885515
10280,0.349179587585429,-0.934221731578461,0.997344788997159,-0.0230935424362142,-789.506005496965,0.348941139072266,-0.935296660571786,0.998268381655848,-0.015053683214358,-789.540425344167,0.0011010585970422
10300,0.32307086049573,-0.945129160170904,0.99882126043993,-0.0102444406814021,-791.128176123843,0.323733517970458,-0.944303619501114,0.998254835430529,-0.0151715491295874,-791.076860761652,0.00105859922836295
10320,0.299073654366984,-0.951907808313735,0.997784308488103,-0.0192666042609531,-792.558145681805,0.298294137844716,-0.952631932456661,0.998241950335005,-0.015283664028548,-792.613288005491,0.00106395572410576
10340,0.271508704339186,-0.960727917815054,0.998356203266746,-0.0142895848191447,-794.219321765647,0.272641257466622,-0.960275662280116,0.998229734500278,-0.0153899569382646,-794.149706728346,0.00121951287625292
10360,0.247717936809391,-0.967098021847452,0.99831996878674,-0.0146048374363376,-795.63283268074,0.246793286524019,-0.967229362462134,0.998218195527528,-0.0154903615041342,-795.686116591122,0.000933931746597755
10380,0.219518339187904,-0.973296869738592,0.997745006443409,-0.0196087422794244,-797.290117088227,0.22076877246811,-0.973488080921375,0.998207340482456,-0.0155848160398124,-797.222517263204,0.00126496842042332
10400,0.19540333366965,-0.979595437482699,0.998894230610095,-0.00960990503501312,-798.719076270664,0.194586387268868,-0.979047363432703,0.998197175890052,-0.0156732635734749,-798.758908422687,0.000983761447725166
10420,0.167332647803634,-0.983171156817301,0.997309249239395,-0.0234030641956984,-800.340992377193,0.168264914087987,-0.983903256702521,0.998187707729796,-0.0157556518902185,-800.295289756596,0.00118536520401031
10440,0.142213558487549,-0.989070054940097,0.999241847500844,-0.00658772650282121,-801.817798527797,0.141823233878707,-0.988052311089364,0.998178941431269,-0.0158319335708117,-801.8316609611,0.00109002561711783
10460,0.114846353281148,-0.990465558581442,0.997101653593066,-0.0252112701950806,-803.385982030375,0.115280311921791,-0.991491582968206,0.998170881870226,-0.0159020660264915,-803.368021741715,0.00111402250606632
10480,0.0884186002872368,-0.995319514529837,0.999239102958178,-0.0066115834174361,-804.923490326288,0.0886551843070474,-0.994218636737091,0.998163533365088,-0.0159660115299564,-804.904371813509,0.00112601239468804
10500,0.0621778906633725,-0.995241136554055,0.997181533110573,-0.0245154566031029,-806.425080941323,0.0619669443697501,-0.996231546465012,0.99815689967389,-0.016023737242404,-806.440710901282,0.00101262536533222
10520,0.0343250502064417,-0.998517717145668,0.999107522004249,-0.00775542666432167,-808.031175269481,0.0352347290913437,-0.997528897180136,0.99815098399168,-0.0160752152365903,-807.977038739753,0.00134360730791119
10540,0.00905239022660563,-0.997514054332732,0.997555128481699,-0.0212618860809248,-809.480057935219,0.00847770547384154,-0.998109785797751,0.998145788948354,-0.0161204225159881,-809.513355073729,0.000827743041935773
10560,-0.0195976718006688,-0.998470143506325,0.998662453591577,-0.011625557084782,-811.12443995439,-0.0182849431027122,-0.997973821687541,0.998141316606975,-0.0161593410298017,-811.049659658273,0.00140342152692629
10580,-0.044235977040443,-0.997113714412691,0.99809447505464,-0.0165669687818267,-812.540205711413,-0.0450340305302865,-0.99712112688001,0.998137568462516,-0.0161919576840771,-812.585952258855,0.000798087913279614
10600,-0.0731531051278223,-0.995451706051832,0.998136000688957,-0.0162056006119033,-814.202959831848,-0.0717503816210307,-0.995552335912155,0.9981345454411,-0.0162182643485971,-814.122232651499,0.00140632841302952
10620,-0.0977465521121951,-0.993909184277994,0.998704087826804,-0.0112634499152635,-815.616723771614,-0.0984148457442333,-0.993268595312669,0.998132247899678,-0.0162382578597801,-815.658500622925,0.000925727066212533
10640,-0.126032334871632,-0.989623129560003,0.997616202752005,-0.0207301178428109,-817.257769564554,-0.125008310442645,-0.990271562727248,0.998130675626188,-0.0162519400194313,-817.19475597067,0.00121206089102247
10660,-0.151360242228204,-0.987630239760803,0.999161355046001,-0.0072874337280161,-818.71312681385,-0.151511715018886,-0.986563405684751,0.998129827840176,-0.0162593175893712,-818.730998503216,0.00107753373596442
10680,-0.178471097017689,-0.98126659298004,0.997364556703993,-0.0229213869085597,-820.308180570982,-0.177906064082609,-0.982146800005249,0.998129703193887,-0.0162604022819084,-820.267228040092,0.00104595727682962
10700,-0.204501063636884,-0.978238920974302,0.999385847176947,-0.00533610240089791,-821.807649390967,-0.204172441049168,-0.977024927851187,0.998130299773829,-0.0162552107462117,-821.803444411982,0.00125768521821973
10720,-0.230177923953176,-0.970350709510452,0.997277482009311,-0.0236797397097959,-823.344546532308,-0.230292021580539,-0.971201475423138,0.998131615102804,-0.0162437645504665,-823.339647460813,0.000858382727435138
10740,-0.257193632879716,-0.965683108621131,0.999346001678116,-0.00568241559509806,-824.913586813734,-0.25624608695932,-0.964680630301862,0.99813364614242,-0.0162260901599001,-824.875837039842,0.00137942236166592
10760,-0.281498498873506,-0.957041340267994,0.99758184218138,-0.021029288268667,-826.390408267861,-0.28201603738669,-0.957467078438565,0.998136389296058,-0.0162022189106764,-826.412013013723,0.000670148567490837
10780,-0.308901733615646,-0.950052504349785,0.99900953051112,-0.00860737204399709,-828.011507065541,-0.307583405195211,-0.949566000795558,0.99813984041233,-0.0161721869796083,-827.948175258579,0.00140523148712268
10800,-0.332185070160919,-0.941092391446421,0.997998902843163,-0.0173987231387879,-829.44191959739,-0.332929867967502,-0.940983069639654,0.99814399478899,-0.0161360353497124,-829.48432366205,0.000752778207791151
10820,-0.359383192627022,-0.931642054805326,0.998555555502387,-0.0125553554361706,-831.094242273989,-0.358037261551765,-0.931724444490934,0.998148847177327,-0.0160938097716953,-831.020458123343,0.00134845041422966
10840,-0.38238104107973,-0.922509772572638,0.998618816700966,-0.0120050982357344,-832.514046055472,-0.382887592965366,-0.921796767729687,0.998154391787018,-0.0160455607212297,-832.556578553267,0.000874626045182829
10860,-0.408470374685364,-0.91070384812725,0.998112992596221,-0.0164058218818628,-834.157266158801,-0.407463053177565,-0.911207159864582,0.998160622291453,-0.0159913433521906,-834.092684874259,0.00112606364163393
10880,-0.431694478928776,-0.901002998083855,0.999082842257679,-0.00796998635678113,-835.60031928523,-0.431746029762738,-0.899963214465311,0.99816753183352,-0.0159312174458157,-835.628777020401,0.00104106073880189
10900,-0.456219013904869,-0.887332560572772,0.997744888085608,-0.0196097726457492,-837.209807475502,-0.455719119415407,-0.888072992763204,0.998175113031851,-0.0158652473557701,-837.164854937433,0.000893383640561285
10920,-0.479747513766444,-0.87678323626101,0.999453110632717,-0.0047515200848149,-838.686056839467,-0.479365140318532,-0.875545017923497,0.99818335798753,-0.0157935019491769,-838.700918582745,0.00129591438954223
10940,-0.502566485978608,-0.861715061957059,0.997559983576198,-0.0212196120138859,-840.251444540601,-0.502667144356615,-0.862388268993124,0.998192258291253,-0.015716054543739,-840.23696792537,0.000680690695155445
10960,-0.526532352716539,-0.849595262848132,0.999524101315821,-0.00413458735006856,-841.788354912712,-0.525608429165221,-0.84861217452821,0.99820180503094,-0.0156329828407586,-841.773002945967,0.00134910984484129
10980,-0.547752279038351,-0.834028128024834,0.997815352421638,-0.0189963655092432,-843.295114251277,-0.548172550008691,-0.834226605905508,0.998211988799801,-0.0155443688543243,-843.309023636787,0.000464780762969644
11000,-0.571471527284192,-0.819810484566213,0.999334246937038,-0.00578458339688109,-844.879489315602,-0.570343331477865,-0.81924187032236,0.998222799704829,-0.0154502988366047,-844.84503000164,0.00126338748439538
11020,-0.591556659902374,-0.803965029438821,0.998147809913651,-0.0161028360432004,-846.345597364901,-0.592104878999802,-0.80366870348987,0.998234227375749,-0.0153508631992911,-846.381022055844,0.000623179947372469
11040,-0.614633178723757,-0.787505421734956,0.998968835174561,-0.00896120490650795,-847.971368684802,-0.613441590151543,-0.787518262024251,0.998246260974391,-0.0152461564311927,-847.916999826174,0.00119165775223391
11060,-0.63404545291686,-0.77158880584311,0.998680590412641,-0.0114678130992134,-849.411316516728,-0.634338165770158,-0.770802115541423,0.99825888920449,-0.0151362770121927,-849.452963350791,0.000839382180686322
11080,-0.655571485230675,-0.753237662031304,0.998569450639232,-0.0124344900674306,-851.03429539662,-0.654779620851361,-0.753532238460222,0.998272100321914,-0.0150213273234142,-850.988912679176,0.000844881333502177
11100,-0.674703980276199,-0.736731551812749,0.998998919137037,-0.00869963313950245,-852.483673361454,-0.67475129522918,-0.73572100151971,0.998285882145301,-0.0149014135538141,-852.52484787204,0.00101165735283094
11120,-0.694654217594674,-0.716953218809776,0.998281723755257,-0.0149375949652397,-854.09498039945,-0.694238864029248,-0.717381163016292,0.998300222067104,-0.0147766456032203,-854.060769001241,0.000596368030835682
11140,-0.71358218992581,-0.69962740371298,0.999338804312872,-0.00574497225236795,-855.565750736496,-0.713228347888484,-0.698525859766525,0.998315107065049,-0.0146471369817767,-855.596676149677,0.00115698023031995
11160,-0.73162686354516,-0.678893381717276,0.998085212394436,-0.0166475772007853,-857.141053602948,-0.731706122933996,-0.679168597801691,0.998330523713972,-0.0145130047060465,-857.132569411185,0.000286401717591101
11180,-0.750370757611836,-0.660230636038116,0.999480248250187,-0.00451567995602698,-858.65633825378,-0.749658930514261,-0.65932324280039,0.998346458198059,-0.0143743691916693,-858.668448890421,0.00115328240457959
11200,-0.766744640702711,-0.639056064117134,0.998143274851468,-0.0161423002775749,-860.189922259572,-0.767073886675761,-0.639004010265571,0.998362896323446,-0.0142313541427803,-860.204314702735,0.000333335438007911
11220,-0.784848710494692,-0.618754166913524,0.999421941643284,-0.00502240285166279,-861.748679397433,-0.783938491378379,-0.618225455452624,0.998379823531212,-0.0140840864381582,-861.740166974045,0.00105263224755329
11240,-0.799794487541825,-0.597407209903334,0.998281822306094,-0.0149367374902019,-863.242074559321,-0.800240637443097,-0.597002463055286,0.998397224910713,-0.0139326960142571,-863.276005840688,0.000602386707530223
11260,-0.81682840182842,-0.575614484176943,0.999270069814892,-0.00634240807059395,-864.82785739936,-0.815968619225605,-0.575350236656339,0.998415085213282,-0.0137773157451818,-864.811831449281,0.000899473666234555
11280,-0.830897883758725,-0.554004694724496,0.998655343455143,-0.0116873978799418,-866.30645853495,-0.831111141009713,-0.553284287950151,0.998433388866265,-0.0136180813196863,-866.347643956561,0.000751308575500237
11300,-0.84614601233689,-0.530815624907755,0.998863505109598,-0.00987708288309792,-867.898579567387,-0.845657325114527,-0.530820425744403,0.998452119987396,-0.0134551311152478,-867.883443529221,0.000488710803373297
11320,-0.859654585370294,-0.508913428200799,0.998998940715786,-0.00869944552105466,-869.374570248968,-0.859596719709578,-0.50797474474837,0.998471262399493,-0.0132886060694174,-869.419230343743,0.000940465341495523
11340,-0.873135152948537,-0.484673502466831,0.998635769090978,-0.0118576492427052,-870.965536847829,-0.872919306332309,-0.484763614155352,0.998490799645464,-0.0131186495483938,-870.955004586223,0.000233901428266591
11360,-0.88582945885356,-0.462168869392927,0.999146582843943,-0.00741585209073053,-872.447342073954,-0.885615507102428,-0.461203666027005,0.99851071500362,-0.0129454072130427,-872.49076645218,0.000988631827020927
11380,-0.897596491736944,-0.43737986222549,0.998489161613113,-0.0131328988333172,-874.021001257458,-0.897676191627898,-0.437311783487419,0.998530991503275,-0.0127690268823941,-874.026516146371,0.000104817876316513
11400,-0.909598313200286,-0.413851288189646,0.999320759372602,-0.00590181373008447,-875.535296970129,-0.909092683597498,-0.413105088734974,0.998551611940631,-0.012589658394726,-875.562253882592,0.000901373907636195
11420,-0.919639311467132,-0.388892067495981,0.998485604982385,-0.0131638381346111,-877.077734639793,-0.919856767055096,-0.388600930880134,0.998572558894925,-0.0124074534663369,-877.097979883475,0.000363383353806802
11440,-0.930380886082583,-0.364383498565369,0.99919163688181,-0.00702419226371654,-878.61221446955,-0.929960692350962,-0.363816873617445,0.99859381474484,-0.0122225655481688,-878.633694380277,0.000705426540260001
11460,-0.939058656318037,-0.339330585596514,0.998487058667818,-0.013151192441985,-880.132584266673,-0.939397181765686,-0.338770682740182,0.99861536168515,-0.0120351496802832,-880.169397612662,0.000654286395422028
11480,-0.948516428699358,-0.31386914428804,0.999098221021682,-0.00783628651410253,-881.690345018256,-0.948159434802445,-0.313480313506146,0.998637181743602,-0.0118453623444352,-881.705089828487,0.000527857953791618
11500,-0.956032549198602,-0.288675561072908,0.998665016253165,-0.0116032683053289,-883.198225045504,-0.956241133143593,-0.287963897863312,0.99865925679802,-0.0116533613147008,-883.240771283565,0.000741600826590827
11520,-0.963823437714734,-0.262563820841127,0.99894713528942,-0.00914988432074774,-884.761322296963,-0.963636445267756,-0.262239731544073,0.998681568593606,-0.0114593055064707,-884.776442241439,0.000374165802408039
11540,-0.970339247127596,-0.23709224060937,0.998884870780072,-0.00969129386378741,-886.269403773695,-0.970340030723862,-0.236326261036975,0.99870409876044,-0.01126335482368,-886.312102973141,0.000765979973204311
11560,-0.976397116511537,-0.210639651402189,0.998859545619343,-0.00991151377717356,-887.826063704828,-0.976347044058702,-0.210242070444912,0.998726828831151,-0.0110656700046998,-887.847753756953,0.00040072168411769
11580,-0.981725121360663,-0.184758665211372,0.998959447766173,-0.00904282744916954,-889.341717602133,-0.981653138394921,-0.184005868238912,0.998749740258767,-0.0108664124666565,-889.383394878154,0.000756230671886249
11600,-0.98610089972071,-0.158052072448237,0.998686858847746,-0.0114132944020736,-890.894091572325,-0.986254468656505,-0.157636473916622,0.998772814434689,-0.0106657441487041,-890.91902662877,0.000443063830075952
11620,-0.990214479449119,-0.131795970195126,0.99894689201697,-0.00915199958574912,-892.418582189122,-0.990147694439098,-0.131152804574842,0.998796032706832,-0.0104638273539788,-892.454649307321,0.000646623733463853
11640,-0.993218548466403,-0.105057096714113,0.998759269587876,-0.0107835385466287,-893.96202454146,-0.993329982522718,-0.104573861405401,0.998819376397865,-0.0102608245906454,-893.990263218554,0.000495917243592874
11660,-0.995818174157785,-0.0785636294222586,0.998912448541384,-0.00945149236949978,-895.489076108738,-0.995799009024662,-0.077918716123825,0.998842826823562,-0.010056898412084,-895.525868673185,0.000645198004355337
11680,-0.997454675528853,-0.0518053049267193,0.998799088582343,-0.0104372524017734,-897.026871717186,-0.997552961190658,-0.0512064973403133,0.998866365311254,-0.00985221125626565,-897.061465987626,0.000606820069587237
11700,-0.998548994561539,-0.0250211293086406,0.998862428691629,-0.00988644317374025,-898.564612066174,-0.998590538822553,-0.0244563768825404,0.998889973218341,-0.00964692528459734,-898.597055483716,0.000566278401856598
11720,-0.998820551003928,0.00163394294650866,0.998821887464098,-0.0102389879930892,-900.093728499275,-0.998910955341073,0.00231244392001365,0.99891363195088,-0.0094412022202374,-900.132637488447,0.000684497271887837
11740,-0.998422171308059,0.02838149468399,0.998825480952501,-0.0102077385902317,-901.62827120226,-0.998513938482456,0.0290807479806105,0.998937322982207,-0.00923520318610699,-901.668212333681,0.00070524916670039
11760,-0.997288484803341,0.0552507961743368,0.998817787386289,-0.0102746428950231,-903.171002874479,-0.997399730627997,0.0558293162188856,0.998961027871593,-0.00902908854267512,-903.203780355879,0.000589118897547984
11780,-0.995393896334983,0.0818169313827441,0.998750729222175,-0.0108578116906831,-904.69889403167,-0.995569088765804,0.0825389413338348,0.998984728282912,-0.00882301772572254,-904.739341895807,0.000742960804679981
11800,-0.992843360678951,0.108563085004985,0.998761173789847,-0.0107669783274595,-906.240251585747,-0.993023284084328,0.109190441576341,0.999008406003303,-0.00861714908415347,-906.274897298261,0.000652647454163768
11820,-0.989633345216486,0.134914528312076,0.998787308646863,-0.0105396952494744,-907.763149739863,-0.989764101197488,0.13576467451142,0.999032042961818,-0.00841163971805627,-907.810446911772,0.000860142829317184
11840,-0.985423798788793,0.161696083301991,0.998601865897786,-0.0121525359295137,-909.31850105391,-0.985793837001467,0.162242550760328,0.999055621248033,-0.00820664531706735,-909.34599108832,0.000659965879315348
11860,-0.981069809950218,0.18778741062052,0.998880415056435,-0.009730039079802,-910.835966362805,-0.981115299163509,0.188605047712689,0.999079123130599,-0.0080023199993219,-910.881530183044,0.000818901509961064
11880,-0.975257502896184,0.214184825380773,0.998500043254226,-0.0130382395997463,-912.386580820075,-0.975731804243345,0.214833223198739,0.999102531075732,-0.00779881615105696,-912.417064553951,0.000803356395545204
11900,-0.969652372468041,0.24023063826806,0.998967708685111,-0.00897099957498783,-913.914806111108,-0.969647175448122,0.240908229111846,0.999125827765616,-0.00759628426687225,-913.952594561617,0.000677610773673354
11920,-0.962356857302936,0.266020786938991,0.998447685100038,-0.01349371186132,-915.452201145842,-0.96286574002193,0.266811324971453,0.999148996116696,-0.00739487279115288,-915.488120568901,0.000940165944107471
11940,-0.955352472632385,0.292063809407944,0.998999307172279,-0.00869625933141709,-916.999081141778,-0.9553923262714,0.292523891416565,0.999172019297862,-0.00719472796036855,-917.023642940643,0.000461804901662297
11960,-0.94677218404841,0.317040612468509,0.998444950131054,-0.0135175044662245,-918.513880856599,-0.947232260228995,0.318027443619971,0.999194880748487,-0.00699599364676763,-918.559162043375,0.00108880935587365
11980,-0.938126603713645,0.342992766168233,0.998862133749715,-0.00988900792461629,-920.083149222512,-0.938391361955949,0.343303644613439,0.999217564196313,-0.00679881120334442,-920.094678245021,0.000408340953814645
12000,-0.928585731190935,0.367300564804622,0.998589587907463,-0.0122593311681173,-921.581193148715,-0.928875941487094,0.368334318514059,0.999240053675167,-0.00660331931038718,-921.630191914606,0.00107371725690365
12020,-0.918289279646933,0.392705677555904,0.998735675891837,-0.0109887277917109,-923.153935179071,-0.918692794419998,0.393101463642092,0.999262333542489,-0.00640965382372159,-923.165703421957,0.000565217478588264
12040,-0.907804697465526,0.41651454545418,0.998796143021877,-0.0104628680147144,-924.646374084274,-0.907849197151223,0.417587265520633,0.999284388496648,-0.00621794762471848,-924.701213137411,0.00107364266075689
12060,-0.89561591311012,0.441309626027448,0.998439807820462,-0.0135622396890408,-926.231509592138,-0.896352901762682,0.441774109747462,0.999306203594045,-0.0060283304723192,-926.23672143152,0.000871147174800242
12080,-0.884362675181766,0.464785996637029,0.999061241328342,-0.00815778391337514,-927.724637606585,-0.884212130561381,0.465644594729629,0.999327764265967,-0.00584092885715785,-927.77222867476,0.000871696258648624
12100,-0.870565554356642,0.488487529645631,0.99825069549266,-0.0152075711118841,-929.297443526436,-0.871435570276114,0.489181544271211,0.999349056335184,-0.00565586585799317,-929.307735237238,0.00111291688847514
12120,-0.858100427276807,0.511696038432987,0.999084170148167,-0.00795844186609575,-930.808153512056,-0.85803236591491,0.512368020004974,0.999370066032276,-0.00547326100047293,-930.843241488401,0.000675419560031417
12140,-0.843168201961747,0.53425133192021,0.998176889362765,-0.0158497901475609,-932.35931477445,-0.844012114287312,0.535187333658579,0.999390780011662,-0.00529323011856892,-932.378747796748,0.00126027269567706
12160,-0.82935397698749,0.557295749893473,0.999202968367436,-0.00692568916194725,-933.899667107773,-0.829384857195832,0.55762305914619,0.999411185367318,-0.00511588521864666,-933.914254529544,0.000328762732348789
12180,-0.813473882363343,0.578425367716591,0.998156131727578,-0.016030419858613,-935.414952590478,-0.814161074301188,0.579659044476412,0.999431269648179,-0.00494133434637425,-935.449762052535,0.00141215831519039
12200,-0.79797048863857,0.601103876295985,0.999040925506126,-0.00833441250885687,-936.990380710368,-0.798351675666175,0.601279423467547,0.999451020873186,-0.00476968145670774,-936.985270729663,0.00041966696255167
12220,-0.781618840998175,0.621124800762014,0.998360671663794,-0.0142507089984384,-938.47292155218,-0.781967993983268,0.622468627261419,0.999470427545974,-0.00460102628697683,-938.520780922789,0.00138844426157596
12240,-0.764368333917019,0.643010748126952,0.998860236520536,-0.00990550583594875,-940.071604880421,-0.76502177649138,0.643211395626954,0.999489478669185,-0.00443546423324459,-940.056292991415,0.000683554399623152
12260,-0.747463446192099,0.662274528829541,0.998653671164213,-0.0117019427844668,-941.541884165828,-0.747525176587291,0.663492788045053,0.999508163758385,-0.00427308623016753,-941.591807292406,0.00121982218289018
12280,-0.728441966177676,0.682926087448569,0.99850675461241,-0.0129798581094359,-943.152881366883,-0.729490745137742,0.683298194566235,0.999526472855569,-0.00411397863432045,-943.127324179721,0.00111283467509601
12300,-0.711120678786085,0.701722590109091,0.999053158378769,-0.00822805777552125,-944.618879965876,-0.710931421498177,0.702613346432856,0.999544396542242,-0.00395822311135713,-944.662844004147,0.000910639966920011
12320,-0.690787690513832,0.720790120465364,0.998361673506104,-0.0142419928223869,-946.217611817409,-0.69186052424454,0.721424326457759,0.999561925952045,-0.00380589652696549,-946.198367113027,0.0012462702173019
12340,-0.672466868875239,0.739225717121717,0.999332952818521,-0.00579583146320351,-947.707496502101,-0.672291741624739,0.739717579151392,0.99957905278293,-0.00365707084182832,-947.733893850006,0.000522109002128288
12360,-0.651130413404166,0.7564219272779,0.998070612395081,-0.0167746354008948,-949.278025215843,-0.652239121736474,0.757479920589714,0.999595769308858,-0.0035118130107112,-949.269424554768,0.001532509058366
12380,-0.631750817974039,0.774558838621067,0.99952513249887,-0.00412562634800565,-950.798398855286,-0.631717062438623,0.774698548015188,0.999612068390995,-0.00337018488583311,-950.804959562784,0.000143729436709549
12400,-0.609933740263158,0.789917907809234,0.997992719707475,-0.0174525370261806,-952.326537171439,-0.610740301003286,0.791361049163581,0.99962794348841,-0.00323224312463364,-952.340499205066,0.00165323839664586
12420,-0.588921851709839,0.807541148349036,0.999475689398309,-0.00455529832234186,-953.897558173459,-0.589323903516099,0.8074554113093,0.999643388668241,-0.00309803910210787,-953.876043807914,0.000411091832684538
12440,-0.567036369649495,0.821514577200317,0.998206614413016,-0.015591133926953,-955.38528618258,-0.567483254032408,0.82297003002232,0.999658398615321,-0.00296761882774416,-955.411593692682,0.00152251389772501
12460,-0.54445547906573,0.837930442198648,0.999279337646844,-0.00626185027680604,-956.985713979689,-0.545234043497228,0.837893717629921,0.999672968641258,-0.00284102286732463,-956.94714917554,0.000779430091760233
12480,-0.522595519276798,0.850868799690353,0.998540830940172,-0.0126834373086746,-958.442149808945,-0.522592258437114,0.852215711376644,0.999687094692935,-0.00271828626960953,-958.482710567242,0.00134691563349029
12500,-0.498294356363097,0.865672946466458,0.998842788344208,-0.0100572330267172,-960.074622572802,-0.499574169432143,0.865925681276184,0.999700773360428,-0.00259943849811056,-960.018278172899,0.00130452917780592
12520,-0.476464530925397,0.878119810348906,0.999055979691407,-0.008203528975024,-961.515907532159,-0.476196319376581,0.879013737649062,0.999714001884328,-0.00248450336800347,-961.553852291758,0.000933297087149613
12540,-0.451122085810844,0.890788218507518,0.998506277665856,-0.0129840070108887,-963.140967348505,-0.452475511536799,0.891470438340261,0.999726778162446,-0.00237349898835064,-963.08943321699,0.00151564675827289
12560,-0.428701618618689,0.902885817349516,0.999493810374626,-0.00439782038138874,-964.601040233345,-0.428428797415305,0.903286795611164,0.999739100755897,-0.00226643770973264,-964.625021235471,0.000484989665179179
12580,-0.40278665227386,0.913338046525027,0.998210135432483,-0.0155604958484976,-966.202280504767,-0.404073464429894,0.914454282700448,0.999750968894538,-0.00216332607741049,-966.160616627587,0.00170348722455877
12600,-0.379429250813158,0.924940449615217,0.999740662225477,-0.00225287142844986,-967.695571062891,-0.379427023417015,0.92496484004879,0.999762382481747,-0.00206416479018354,-967.696219667026,2.44919281284535e-05
12620,-0.353621466790033,0.933357427113278,0.998100309849793,-0.0165161917863717,-969.249786866119,-0.354507195968739,0.934810881182549,0.999773342098553,-0.00196894866487715,-969.23183062059,0.00170207077099965
12640,-0.328826822935548,0.944220639176993,0.999839834638376,-0.00139129007612134,-970.799220303409,-0.329331901612676,0.943985298251813,0.999783849007066,-0.00187766660684148,-970.767449748004,0.000557216135043807
12660,-0.303556215820523,0.950998923481032,0.998271169885897,-0.0150294229802213,-972.297061343304,-0.30391924484451,0.952481467218488,0.999793905153228,-0.0017903015863399,-972.303077301736,0.00152634399980112
12680,-0.277335069649326,0.960499901532059,0.999737366362032,-0.00228150640791608,-973.894437614415,-0.27828750202281,0.960293252690392,0.999803513168857,-0.00170683062100728,-973.838713526823,0.000974592822579051
12700,-0.252487156973856,0.966182085888894,0.998627852370118,-0.0119265072171324,-975.354717803636,-0.252455108135945,0.967415012397554,0.999812676372975,-0.0016272247645205,-975.374358660697,0.00123334297896722
12720,-0.225061298336832,0.973725400253771,0.999396689562471,-0.00524186927413381,-976.985527727535,-0.226440643451101,0.973841601307254,0.999821398772413,-0.00155144910152368,-976.910012933028,0.0013842310605851
12740,-0.200536912886649,0.978882920396994,0.99921310303411,-0.00683759079493712,-978.422405738777,-0.200262820055342,0.979568375374585,0.999829685061672,-0.00147946274891352,-978.445676565562,0.000738224495988879
12760,-0.172437990051371,0.984026993312691,0.999021513272348,-0.00850318853603076,-980.060576499088,-0.17394046829897,0.984591194925626,0.999837540622043,-0.00141121886357285,-979.981349771979,0.00160491879686946
12780,-0.147770744507289,0.988670787895999,0.999652999680956,-0.00301452952719481,-981.499268451553,-0.147492523151299,0.988906427670601,0.999844971519968,-0.00134666465669981,-981.51703275774,0.00036460009092539
12800,-0.11958271555557,0.991485062883238,0.998670444030574,-0.0115560603360238,-983.122791760734,-0.120938010479207,0.99251095134471,0.999851984504632,-0.00128574141466687,-983.052725719959,0.00169978571161695
12820,-0.0942675237256249,0.995647986196209,1.00010063415935,0.000874053222839656,-984.591383096093,-0.0942960332588033,0.995402155974582,0.999858587004778,-0.00122838452669911,-984.588428847268,0.000247477860317353
12840,-0.0666496849032214,0.996176261288855,0.998403387440738,-0.0138790831944743,-986.172300984517,-0.067585757730622,0.997577945768644,0.999864787124744,-0.00117452351925849,-986.1241423197,0.00168551230166956
12860,-0.0402411786749207,0.999435109310827,1.00024491510044,0.00212704507104491,-987.694292576521,-0.0408263995088618,0.999036740629963,0.999870593639695,-0.00112408209732528,-987.659866308566,0.000707941403205414
12880,-0.0135926452224089,0.998461266847522,0.998553784930436,-0.0125707566886188,-989.220046762804,-0.0140372096550862,0.999777477290454,0.999876015990065,-0.00107697819259991,-989.195600976355,0.0013892614818256
12900,0.0138072593342759,1.00018333376912,1.00027863196204,0.00241982936662983,-990.790902439815,0.0127625392729696,0.999799610065627,0.999881064275184,-0.00103312401867406,-990.731346476625,0.00111296176354838
12920,0.0394962394475546,0.998036218992947,0.998817424433633,-0.0102777991937243,-992.266237987913,0.0395535671870234,0.999103111229367,0.999885749246092,-0.000992426133308393,-992.267102953913,0.00106843133323807
12940,0.067795722293091,0.997741794360291,1.00004247318528,0.000368909565605486,-993.887225196631,0.0663166004376986,0.997688471008538,0.999890082297534,-0.000954785507769627,-993.802870543648,0.00148008271489857
12960,0.0927070594796436,0.995046967026619,0.999356325574735,-0.0055926851480507,-995.322797535867,0.0930323857772043,0.995556697197525,0.999894075459118,-0.000920097603383037,-995.338649372066,0.000604699964458824
12980,0.121201192214939,0.992247313093473,0.999622158285589,-0.00328251160600021,-996.964076200652,0.119681704304781,0.992709314393107,0.999897741385653,-0.000888252455269911,-996.874439556148,0.00158817149891943
13000,0.146052727755397,0.989084377070232,0.999809634004994,-0.00165365542833644,-998.399855668291,0.146245385384247,0.989148362850396,0.99990109334664,-0.000859134763328689,-998.410241203544,0.000203005275836249
13020,0.174045384739182,0.983980175895932,0.999254113078951,-0.00648110886647078,-1000.03066923591,0.172704320523292,0.984876396960843,0.999904145214922,-0.000832623990599523,-999.94605441252,0.00161296789438983
13040,0.199126621147108,0.980402531531281,1.0004201792659,0.00364886419691458,-1001.48100112765,0.19903947720389,0.979896483353658,0.999906911454493,-0.000808594468863789,-1001.48187927191,0.000513496664950451
13060,0.226108458016271,0.973063023760652,0.99898782925355,-0.00879605570501479,-1003.08154339637,0.225231912653529,0.974212198622253,0.999909407107449,-0.000786915511705292,-1003.01771586107,0.00144531471848809
13080,0.251878670262617,0.968412766658986,1.00063287531511,0.00549534639048405,-1004.57927859926,0.251262787546852,0.967827626677651,0.999911647780097,-0.000767451534878142,-1004.55356424984,0.000849529468196343
13100,0.277565775308961,0.959581880032726,0.998919488302238,-0.00939027942687348,-1006.13288288443,0.277113379627379,0.960747355731087,0.999913649628199,-0.00075006218421396,-1006.08942449851,0.00125019816676587
13120,0.303864100854695,0.953506100350108,1.00075335382556,0.00654108462089844,-1007.67608248343,0.302765097239164,0.95297647490832,0.999915429341366,-0.000734602470855638,-1007.62529665785,0.00121996395665634
13140,0.328248923453933,0.943715836206049,0.999173125766876,-0.00718510933391632,-1009.17900461086,0.328199492758171,0.944520570498491,0.999917004126601,-0.000720922913987707,-1009.16118076899,0.000806251000071183
13160,0.354831202958489,0.935524930182125,1.00055588428895,0.00482700808061673,-1010.7710188924,0.353398275913413,0.935385721840605,0.999918391690963,-0.000708869691063688,-1010.69707686354,0.00143967318473908
13180,0.378161174630016,0.925258106447446,0.999554119367364,-0.00387373364242329,-1012.23026893271,0.378343326987823,0.925578496851082,0.999919610223403,-0.000698284795405386,-1012.23298496349,0.000368550528688387
13200,0.404461759072638,0.914842367755333,1.00026290163752,0.00228323448929812,-1013.85074283886,0.403016709889123,0.915105947195999,0.99992067837571,-0.000689006201404949,-1013.76890508129,0.00146889116830384
13220,0.427361133747778,0.90415324635679,1.00006531363492,0.000567288499131188,-1015.29843844175,0.427400685080933,0.903975603112041,0.999921615242629,-0.000680868037014567,-1015.30483721981,0.000181992940410572
13240,0.452751129460679,0.891548742766012,0.999921369886442,-0.000682999341107131,-1016.92261885884,0.451477722364566,0.892195467880347,0.999922440341114,-0.000673700763792126,-1016.84078137242,0.00142822232370977
13260,0.475513682456873,0.880307695948751,1.00052731184626,0.00457896533616553,-1018.37647990943,0.475230513502085,0.879774011957769,0.999923173588713,-0.000667331364391987,-1018.37673752297,0.00060415499599602
13280,0.499477729930404,0.865875868606512,0.999609434995244,-0.00339306717758831,-1019.97836058293,0.498641984671292,0.866720166770345,0.999923835281138,-0.000661583537334024,-1019.91270564585,0.00118798549131709
13300,0.5223650112606,0.853602092224599,1.00075058672953,0.00651706798997314,-1021.4647048466,0.521695308743595,0.853043318173951,0.999924446068951,-0.000656277899311146,-1021.44868570606,0.000872198315155893
13320,0.544921673134828,0.837961884246843,0.999559777753477,-0.00382456374032022,-1023.03571197266,0.544373917375691,0.838753299587485,0.999925026933445,-0.000651232194669474,-1022.98467765922,0.000962483565091545
13340,0.567713552262127,0.824408960678268,1.00097393166291,0.00845534614241699,-1024.55250222146,0.566661512906337,0.823860384804057,0.999925599161651,-0.000646261512376967,-1024.52068145166,0.00118647473462235
13360,0.588596647776742,0.80794960531572,0.999614214836827,-0.00335153387892416,-1026.073586351,0.588542080049556,0.808375280485979,0.999926184320544,-0.000641178510120091,-1026.05669702047,0.000429158464235735
13380,0.611280585403079,0.792521645966515,1.00087687225563,0.00761307827808926,-1027.64339372563,0.609999897375828,0.7923091183496,0.99992680423041,-0.000635793645616283,-1027.59272429358,0.00129820253084583
13400,0.63099942058209,0.775580081065067,0.999842353033632,-0.00136941209631682,-1029.13124484081,0.631019548573063,0.775673447046138,0.999927480937388,-0.000629915415220133,-1029.12876318987,9.55109545651065e-05
13420,0.652900488538907,0.758406611894847,1.00072955232678,0.00633450060166688,-1030.72464999385,0.65158593347923,0.758480223745092,0.999928236685215,-0.000623350599403251,-1030.6648136192,0.00131661448777565
13440,0.671790185258485,0.741056834850637,1.00023361545615,0.00202892108539422,-1032.19324773153,0.671684278878905,0.74074180542676,0.999929093886146,-0.000615904515552616,-1032.20087548255,0.00033235477902996
13460,0.692399027438695,0.722027432606558,1.00036994488762,0.00321270624058152,-1033.79998402918,0.691300149055995,0.722470939890909,0.999930075091101,-0.000607381277438223,-1033.73694867212,0.00118500312709983
13480,0.710776787537393,0.704239695095766,1.00057842763601,0.00502270611399075,-1035.26469313059,0.710419456095289,0.70368075648856,0.999931202959003,-0.000597584061769104,-1035.2730330714,0.000663398919309319
13500,0.729765676257007,0.683811824018682,1.00007827339194,0.000679847437348603,-1036.86196713159,0.729028469925617,0.684384756584216,0.999932500225352,-0.000586315381489738,-1036.80912855535,0.000933662090742928
13520,0.747797513023205,0.665172332125788,1.00082733371414,0.00718315830988993,-1038.34663134933,0.747113828097635,0.664596803756017,0.999933989670027,-0.000573377365743379,-1038.34523499046,0.000893676665166168
13540,0.765168481656939,0.643912152580497,1.00005283138544,0.000458875461953276,-1039.91838604466,0.764662545289527,0.644331113741408,0.999935694084325,-0.00055857204656247,-1039.88135223491,0.000656886643358231
13560,0.782633398322726,0.624178124476059,1.00105612592133,0.00916855247540632,-1041.42638698862,0.781662022534076,0.623602244136208,0.999937636237269,-0.000541701651944776,-1041.41748013869,0.0011292515612569
13580,0.798255455182012,0.602203555147066,0.99993044436081,-0.000604173617792927,-1042.9691143837,0.798100056160887,0.602425083854981,0.999939838841163,-0.00052256890548649,-1042.95361854377,0.000270599009970005
13600,0.815121835021789,0.581114520716858,1.00105828607393,0.00918729550720436,-1044.51426928725,0.813964846447723,0.580814842360869,0.999942324516442,-0.000500977332198286,-1044.4897672842,0.00119516930916395
13620,0.829385831580276,0.558894549316231,1.00012198000119,0.00105944021443596,-1046.02532684728,0.82924500597515,0.558787038673195,0.999945115755802,-0.000476731570613986,-1046.0259261863,0.000177173331585932
13640,0.845009766577435,0.536346448273767,1.00085414431231,0.00741583658509144,-1047.59579755958,0.84392956767904,0.536357490161166,0.999948234887645,-0.000449637690891212,-1047.56209506881,0.00108025533248892
13660,0.858265746712509,0.513878734726717,1.00034566325061,0.00300187405788783,-1049.08932135708,0.858007992595593,0.513542301132291,0.999951704038834,-0.00041950351889807,-1049.09827374303,0.000423821599551068
13680,0.872437024001923,0.490132662306162,1.00068795711183,0.00597346504075527,-1050.67284533116,0.871470177293926,0.490357851224102,0.999955545096794,-0.000386138966071133,-1050.63446201304,0.000992724838778305
13700,0.884786085804648,0.467359506309374,1.0006354609803,0.00551779095934786,-1052.15620126139,0.884306460991412,0.466820783608035,0.99995977967095,-0.000349356364992566,-1052.17065967581,0.000721291973065775
13720,0.897140423318683,0.442835496788082,1.00048199202583,0.00418552092994631,-1053.72869490456,0.896507632347346,0.442947993014235,0.999964429053545,-0.000308970810450538,-1053.70686652145,0.000642712855250939
13740,0.908684252131848,0.419221233709024,1.00072649253676,0.00630794293780462,-1055.23377466688,0.908064935930662,0.418756613586324,0.999969514179829,-0.000264800505884522,-1055.24308233333,0.000774225041876955
13760,0.919511813618008,0.394143873855993,1.00042559377561,0.00369587415087744,-1056.79786243278,0.918970078357732,0.394264006575179,0.999975055587653,-0.000216667115063631,-1056.77930688832,0.000554895451815952
13780,0.930079522828663,0.369935438777035,1.00094962293232,0.00824440606862678,-1058.31000706218,0.929215234096579,0.369487747880794,0.999981073376482,-0.000164396118836061,-1058.31553995696,0.000973356127522613
13800,0.939113523872134,0.344439105708783,1.00028621317151,0.00248566032331179,-1059.85845425158,0.938793050934025,0.344445615451484,0.999987587165844,-0.000107817176735194,-1059.85178130365,0.000320539047246918
13820,0.948564570351951,0.319407590881802,1.00089757380059,0.00779273022160306,-1061.39021553716,0.947696655102625,0.319155576549648,0.999994616053228,-4.6764493367381e-05,-1061.3880306869,0.000903763300661564
13840,0.956323144152236,0.293847769731505,1.00045013259902,0.00390892237688581,-1062.91946736841,0.955919656064482,0.29363577489339,1.00000217857147,1.89228107148381e-05,-1062.92428785949,0.000455789916899529
13860,0.964273947362033,0.268027332340421,1.00083110285536,0.00721586952984459,-1064.46632111376,0.963456150949258,0.267904517683413,1.0000102926456,8.94003236989637e-05,-1064.4605525687,0.000826966996150955
13880,0.970697028258322,0.242317373836152,1.0004850975064,0.00421248175466195,-1065.98358429359,0.970300728644071,0.241980262524447,1.00001897554927,0.000164817963046492,-1065.99682455654,0.000520285902879413
13900,0.977146415976967,0.216043911616986,1.00074476766226,0.00646656197610234,-1067.53265631989,0.97644847353309,0.215881604250781,1.00002824386064,0.000245319592085063,-1067.53310355994,0.000716566351491711
13920,0.982420638259054,0.189996465352307,1.0006242887936,0.00542081166350101,-1069.05433977201,0.981894968885018,0.189627261665171,1.00003811341785,0.000331042632669964,-1069.06938931102,0.000642370339752752
13940,0.987197675114487,0.163383107719331,1.00062644860081,0.00543955978610429,-1070.60262161391,0.986636299886854,0.163236064200697,1.00004859927413,0.000422117674388308,-1070.60568153726,0.000580313658784848
13960,0.991191446763521,0.13703952358739,1.00061996540256,0.00538328251397531,-1072.12833888596,0.990669056322595,0.136726938514926,1.0000597156524,0.000518668080291517,-1072.1419799618,0.000608770236048263
13980,0.994513042913355,0.110191292712629,1.00059897737029,0.00520109382070125,-1073.67745964996,0.993990334895804,0.110118895025845,1.00007147589959,0.000620809589431197,-1073.6782843036,0.000527697921791683
14000,0.997172055784003,0.0837803326988121,1.00068539161098,0.00595119667456807,-1075.19740649529,0.996597741195216,0.0834310143990349,1.00008389244056,0.000728649916473671,-1075.21459427773,0.000672205713641807
14020,0.998915371827423,0.0569507582514369,1.00053751001076,0.00466749833162441,-1076.73695127073,0.998489391302803,0.0566824339954155,1.0000969767317,0.00084228834848145,-1076.75090959559,0.000503445442649764
14040,1.00024381016436,0.0301007468437793,1.00069662472333,0.00604869887396208,-1078.27629484051,0.999663913043998,0.0298923342890334,1.00011073921426,0.000961815339277842,-1078.28722996516,0.000616211378653185
14060,1.00067270716126,0.00337547556818681,1.00067840023294,0.00589051171735155,-1079.80673024357,1.00012044687996,0.00307992526414915,1.00012518926732,0.00108731210135579,-1079.82355509123,0.000626371615355782
14080,1.0003221771187,-0.0234931468775751,1.00059801418237,0.00519273268091641,-1081.34537731277,0.999858646442072,-0.0237355671989455,1.00014033516064,0.00121885019585316,-1081.35988467567,0.000523094924837237
14100,0.999392522674296,-0.0503235884085248,1.00065872200646,0.00571970300991635,-1082.88264713395,0.998878678709087,-0.0505349149402536,1.00015618400709,0.00135649112048983,-1082.89621841764,0.000555602846999593
14120,0.99770473117604,-0.0770170659797793,1.00067295309866,0.00584323045695675,-1084.4141505719,0.997181223827519,-0.0772989011292182,1.00017274171512,0.00150028589614482,-1084.43255601389,0.000594551087304329
14140,0.995291483486158,-0.10376614461441,1.00068603960894,0.00595682125644529,-1085.95198546961,0.994767474576195,-0.104008333857554,1.0001900129408,0.00165027465181982,-1085.96889715897,0.000577270272243088
14160,0.992046741974483,-0.130238637504041,1.00055926409238,0.00485634832091305,-1087.47917570165,0.991639135476041,-0.130644059706734,1.00020800103995,0.00180648620858785,-1087.5052415455,0.000574900182647926
14180,0.988209741449907,-0.157054356557313,1.00061209467512,0.00531496033253718,-1089.03038795962,0.987798421546447,-0.157186977281009,1.00022670801993,0.0019689376626527,-1089.04158886443,0.000432171631803751
14200,0.983796441650523,-0.183205562650889,1.00070960662445,0.00616137900717481,-1090.54895928901,0.983248056709734,-0.183618050697112,1.00024613449154,0.00213763396774084,-1090.57793880528,0.000686201451150017
14220,0.978283201557929,-0.209680356290292,1.00050181122498,0.00435758366849522,-1092.09745841048,0.977991271845508,-0.209918323021688,1.0002662796207,0.00231256751711078,-1092.11429105641,0.000376631281554558
14240,0.972690429524414,-0.235636253661214,1.00082521737208,0.00716479117269411,-1093.61767639566,0.972031802496843,-0.236068929647729,1.00028714108014,0.00249371772541008,-1093.65064530524,0.000788034308106459
14260,0.96558881448116,-0.261836487667754,1.00045994668718,0.00399412769174767,-1095.17191456681,0.965373886230506,-0.2620511116013,1.00030871500116,0.00268105061068858,-1095.18700123858,0.00030373933854468
14280,0.958645894795209,-0.287598489745124,1.00085705418475,0.00744108980932169,-1096.69950311461,0.958022259653582,-0.287846228769919,1.00033099592526,0.00287451837675248,-1096.7233585428,0.000671040545927257
14300,0.950147965301763,-0.31304624037689,1.00038947644464,0.00338229079624365,-1098.23555490892,0.949982155089085,-0.313435773044142,1.00035397675597,0.00307405899616048,-1098.25971690414,0.000423354137200186
14320,0.941888339529513,-0.338737442614613,1.00094790032786,0.00822945789865917,-1099.78043760963,0.941259296913323,-0.338801381363903,1.00037764871065,0.00327959579408702,-1099.79607600894,0.000632283778571265
14340,0.932025625476202,-0.363458735470481,1.00038693460786,0.0033602212499686,-1101.30411569027,0.931859897557987,-0.363924848661343,1.00040200127247,0.00349103703337719,-1101.33243554393,0.000494699150566997
14360,0.9222571472516,-0.388746816491367,1.00084081301116,0.00730014042452017,-1102.85623701229,0.921790653180105,-0.388788140691886,1.00042702214247,0.00370827550100445,-1102.86879519643,0.00046832083904951
14380,0.911307303240439,-0.412797973893156,1.0004414866396,0.00383385799197323,-1104.3692621298,0.911058739003175,-0.413373406745538,1.00045269719186,0.00393118809617253,-1104.40515465464,0.000626823059281562
14400,0.899846770261848,-0.437724732492095,1.0006633556726,0.00575992393505474,-1105.94031004494,0.899671804332973,-0.437662992230419,1.00047901041443,0.00415963542036845,-1105.94151360788,0.000185539581165042
14420,0.888135836010029,-0.461086978075327,1.00069299215887,0.00601716872733366,-1107.43665492528,0.887637967251738,-0.461639451120637,1.00050594387928,0.00439346136969964,-1107.47787174684,0.000743706774392031
14440,0.875015745623752,-0.485270808195804,1.00056999374182,0.00494949227995928,-1109.01210318327,0.874965808994495,-0.485285558260852,1.00053347768375,0.00463249272950905,-1109.01422876383,5.2069485886366e-05
14460,0.862362369590349,-0.508153084079442,1.00094376132974,0.00819354098910646,-1110.50901728659,0.86166436801159,-0.508584321519824,1.00056158990668,0.00487653877196795,-1110.55058435302,0.000820470556411095
14480,0.847518753478982,-0.531388020291256,1.00033057816285,0.00287089093850473,-1112.08740934854,0.847743133721514,-0.531518993785535,1.00059025656198,0.00512539085643288,-1112.08693821069,0.000259808678535567
14500,0.833976566934952,-0.553936179156696,1.00118040570884,0.0102468271975977,-1113.59253888183,0.833212039958336,-0.554073084794483,1.00061945155249,0.00537882203316833,-1113.62329003548,0.000776688258976023
14520,0.817872010025793,-0.575725324380422,1.00018711945144,0.00162514686080549,-1115.14289564107,0.81808145811824,-0.576230372787875,1.00064914662439,0.00563658665064012,-1115.15963952859,0.000546756250352901
14540,0.802935893640869,-0.598010777691365,1.00116079604222,0.0100766989497265,-1116.67801220352,0.802362190009632,-0.597974915987704,1.00067931132184,0.00589841996641616,-1116.69598639407,0.000574823380077657
14560,0.785947644219005,-0.618664319519702,1.0002295934935,0.00199399485082919,-1118.20830589856,0.786065460411685,-0.6192910638856,1.0007099129422,0.00616403776230707,-1118.23233033901,0.000637721848019861
14580,0.769624065232276,-0.640438956371305,1.00124085944523,0.0107712867523747,-1119.76537151092,0.76920290934605,-0.640163468337705,1.00074091649167,0.00643313596358646,-1119.76867107379,0.000503255339921606
14600,0.752013410262237,-0.659783812472987,1.00041933628635,0.00364154524183437,-1121.26230424237,0.751786584066823,-0.660577094458776,1.00077228464145,0.00670539026296878,-1121.3050083123,0.000825073591810752
14620,0.733858325726866,-0.680787252215183,1.00100915331346,0.00876097446856327,-1122.85153026934,0.733828930773805,-0.680517231308961,1.00080397768446,0.00698045574922602,-1122.84134177217,0.000271616187040347
14640,0.715801198414267,-0.699306654296912,1.00070033096589,0.00608086841806518,-1124.33218873413,0.715342786054316,-0.699969502366769,1.00083595349265,0.00725796654092352,-1124.37767117497,0.000805921494606991
14660,0.696029647537118,-0.719131770413508,1.0008035638769,0.00697686434911027,-1125.93525484618,0.696341368058948,-0.718919875781878,1.00086816747484,0.00753753542546325,-1125.91399624646,0.000376920440733897
14680,0.677498369799697,-0.736855621153909,1.00097964390259,0.00850491360899058,-1127.40316458563,0.676838267416653,-0.737354674401629,1.00090057253531,0.0078187535036319,-1127.45031671675,0.00082751996964455
14700,0.656303026214806,-0.755156005553683,1.00049700396478,0.00431584917952165,-1129.0062269232,0.656847437894827,-0.755260585565074,1.00093311903298,0.00810118983999859,-1128.98663232057,0.000554365453582414
14720,0.637069140790513,-0.772591776944479,1.00137662442749,0.011948985103577,-1130.49145132781,0.636383186809994,-0.772624670658679,1.00096575474133,0.00838439111922454,-1130.52294279739,0.000686742207690425
14740,0.614974205411355,-0.78898215548082,1.0003429986702,0.0029787377730146,-1132.06527366005,0.615460165194954,-0.789434374427866,1.00099842480901,0.00866788130877402,-1132.05924789172,0.000663821427300194
14760,0.594614453324492,-0.805912999716494,1.00152988533265,0.0132782606380442,-1133.579548602,0.594093357728248,-0.805677534038682,1.00103107172129,0.00895116132799804,-1133.5955473532,0.000571825765292326
14780,0.57200506827969,-0.820629911992309,1.00031157675704,0.00270589979959301,-1135.12228042995,0.572298072431928,-0.821342387884105,1.00106363526225,0.00923370872398904,-1135.13184093687,0.00077037220200318
14800,0.550367342301735,-0.836949013061807,1.00169249869279,0.014688430286971,-1136.67157379906,0.550089930143778,-0.836417584129492,1.00109605247778,0.00951497735433736,-1136.66812840328,0.000599478286081791
14820,0.527558813724997,-0.850016472983112,1.00042306364936,0.00367390707475818,-1138.17438391246,0.527484853770093,-0.850892188991961,1.00112825763954,0.00979439707712525,-1138.20440951874,0.000878833660645565
14840,0.504314622297006,-0.8652377148634,1.00148367010382,0.0128774442020415,-1139.7636944681,0.504499057325373,-0.864755694748474,1.00116018220967,0.0100713734481497,-1139.74068405543,0.000516100446504418
14860,0.481507673375623,-0.877389362417189,1.00083052151823,0.00721082429130001,-1141.24220101387,0.481149034765237,-0.877998027467632,1.00119175480653,0.010345287425824,-1141.2769517916,0.00070646641568517
14880,0.456878102323593,-0.890962355032628,1.00127494648977,0.0110669910920175,-1142.85162533781,0.457451548619063,-0.890609554460288,1.00122290117133,0.0106154950838722,-1142.81321251172,0.000673282182767433
14900,0.434069642714197,-0.902124628745817,1.00112202079258,0.00974028539584051,-1144.30482805379,0.433423618428886,-0.902581091444138,1.00125354413579,0.0108813273318707,-1144.34946600665,0.000791015532193073
14920,0.408355846766596,-0.913852423147253,1.00093993270354,0.00816031725614479,-1145.92247361606,0.409082509001159,-0.91390390941773,1.00128360359076,0.0111420896440731,-1145.88571207376,0.000728483932003973
14940,0.385090435754298,-0.924610946352199,1.00159874491921,0.0138754332415947,-1147.38880151906,0.384445718478167,-0.924569741239303,1.00131299645591,0.0113970617965641,-1147.42195051708,0.000646032682973432
14960,0.358831302532833,-0.934085263962893,1.00063738888272,0.00553452585656395,-1148.98559014514,0.359530966235798,-0.934570787906085,1.00134163665047,0.0116454976128242,-1148.95818114747,0.000851623623826151
14980,0.334868819504502,-0.944393450709913,1.00200604589998,0.0174068396680279,-1150.47619942605,0.334356180614641,-0.943899724529804,1.00136943506513,0.0118866247181956,-1150.49440378269,0.000711733217100362
15000,0.308522498142478,-0.951788488052082,1.00054358118402,0.00472020338304822,-1152.03988400705,0.308939486491334,-0.952549706004223,1.00139629953493,0.012119644302991,-1152.0306182476,0.000867947033950548
15020,0.283388367277123,-0.961206253550915,1.00211098615542,0.0183164666643983,-1153.57312502262,0.283299192697196,-0.960514372360746,1.00142213481351,0.0123437308947693,-1153.56682437419,0.000697604248134596
15040,0.257424005871314,-0.966892243304758,1.00057369991507,0.00498166529382635,-1155.09148509901,0.257453779291345,-0.967787853808145,1.00144684254831,0.0125580321397446,-1155.10302200176,0.000896105256270768
15060,0.231029579674144,-0.974961554919799,1.00196042848809,0.0170113961210716,-1156.66892316159,0.231421884695392,-0.974364775452703,1.00147032125718,0.0127616685934508,-1156.63921097701,0.000714177122319392
15080,0.205615305638143,-0.979530286264585,1.00087823216526,0.00762487994646352,-1158.14504195322,0.205222292697141,-0.980240261695108,1.00149246630614,0.0129537335209898,-1158.1753911541,0.000811495091630893
15100,0.178146804673859,-0.985830570890613,1.00179748378503,0.0155987307463151,-1159.75677628479,0.178873919330511,-0.985409940300598,1.00151316988839,0.01313329270668,-1159.71156239479,0.000840015367225066
15120,0.153040319317868,-0.989548499457262,1.00131292417258,0.0113964347747861,-1161.20847539028,0.152395799639288,-0.989869946138995,1.00153232100463,0.0132993842736023,-1161.24772456848,0.000720231619184735
15140,0.1248869215335,-0.993624189664943,1.00144184726694,0.0125147062546475,-1162.83615775734,0.125807074332097,-0.993616924591353,1.00154980544473,0.0134510185127945,-1162.78387755233,0.000920181478872432
15160,0.0997188273326415,-0.996763389162746,1.00173903712484,0.0150919655988132,-1164.28698874226,0.0991269763362777,-0.996648034620141,1.00156550577072,0.0135871777224713,-1164.3200212313,0.000602987787933217
15180,0.0715727790097185,-0.99854292483558,1.00110470752782,0.00959007153166418,-1165.90020938245,0.0723748172583781,-0.998960951499936,1.00157930130112,0.0137068160572742,-1165.85615549822,0.000904439961758259
15200,0.045955492217382,-1.00109550107306,1.00214974406705,0.0186523979512297,-1167.37167078828,0.0455699737589149,-1.0005538692058,1.00159106809669,0.0138088593875003,-1167.39228025385,0.000664822954968466
15220,0.0181807723515894,-1.00070035642493,1.00086549737329,0.00751436330447851,-1168.95916202288,0.0187318738494217,-1.00142550245659,1.00160067894763,0.0138922051687314,-1168.92839540693,0.000910796150709596
15240,-0.0081955447598305,-1.00236687420093,1.00240037781779,0.0208244335477342,-1170.46845089802,-0.00812001688044786,-1.00157508841071,1.00160800336213,0.0139557223215349,-1170.46450087421,0.000795379908065835
15260,-0.0349898300485724,-1.00023252166341,1.00084433634806,0.00733071797612262,-1172.00348657528,-0.0349662090976149,-1.00100238801167,1.00161290755647,0.0139982511216474,-1172.00059658051,0.000770228630672117
15280,-0.0622680221851456,-1.00036868084839,1.00230474617713,0.0199957372298722,-1173.56178477214,-0.0617872036140707,-0.999707686981377,1.00161525444659,0.0140186031004243,-1173.53668245872,0.000817373470651335
15300,-0.0882308843074305,-0.99712255543461,1.00101852105849,0.0088422592584372,-1175.05667554649,-0.0885635053209559,-0.997691796458804,1.00161490364108,0.014015560955819,-1175.07275844984,0.000659296657252686
15320,-0.116109975115105,-0.995439519404508,1.0021882872562,0.0189864552629231,-1176.65302610728,-0.115275637159933,-0.994956053282166,1.00161171143585,0.0139878784738408,-1176.608824503,0.000964292131509614
15340,-0.141327740736163,-0.991269387353767,1.00129342782538,0.0112273120513746,-1178.11411826729,-0.141904154123601,-0.991502319912588,1.0016055308102,0.0139342804604244,-1178.14488057545,0.000621699260234676
15360,-0.169443794223081,-0.987416131292864,1.00184919810223,0.0160470980718087,-1179.73729959052,-0.168429657276412,-0.98733298399767,1.00159621142454,0.0138534626839532,-1179.68092663255,0.00101753978757418
15380,-0.19433436556536,-0.982721367202962,1.00175203079253,0.0152046305019112,-1181.18598997756,-0.194832807787697,-0.982450957573305,1.00158359961969,0.0137440918282383,-1181.21696264781,0.000567067911999165
15400,-0.221963397922579,-0.976462085087824,1.00137203557489,0.0119091815395725,-1182.80650882156,-0.221094340968138,-0.976859675902375,1.00156753841777,0.0136048054561595,-1182.75298860282,0.000955687420591936
15420,-0.24689981592511,-0.971146360973398,1.00204030534491,0.0177038125973954,-1184.26441247846,-0.247195080301039,-0.97056309594905,1.00154786752468,0.0134342119837015,-1184.2890044873,0.000653742411290058
15440,-0.273667956030752,-0.96294365566081,1.00107673738603,0.00934739066431717,-1185.8651150296,-0.273115951459669,-0.963565694487628,1.00152442333432,0.0132308906646619,-1185.82501029898,0.000831649775185876
15460,-0.298886628541946,-0.956644703418499,1.00224862449386,0.0195093777700076,-1187.35048657343,-0.298837996301779,-0.955872465844994,1.00149703893434,0.0129933915858567,-1187.36100604367,0.000773767384112068
15480,-0.324348683433657,-0.946806032268913,1.00082152813873,0.0071327732616278,-1188.9099942028,-0.324342386832483,-0.947488919275928,1.00146554411365,0.0127202356727287,-1188.89699173513,0.000682916035495386
15500,-0.35009974194641,-0.939123522116326,1.00225885833108,0.019598067866097,-1190.44516016238,-0.349610439126386,-0.938421075970751,1.00142976537161,0.0124099147055618,-1190.43296739509,0.00085606532292582
15520,-0.374336282328008,-0.928191093504975,1.00083283235969,0.00723087932589026,-1191.96405125707,-0.374623627199999,-0.92867546569485,1.00138952592886,0.0120608913459276,-1191.96893305316,0.000563190459599299
15540,-0.400148125146884,-0.918705508071611,1.00206703000332,0.0179354642953852,-1193.53584483197,-0.399363596825239,-0.918259123059949,1.00134464573993,0.0116715991736516,-1193.50488874678,0.000902631855243311
15560,-0.423361937707217,-0.907055232415536,1.00099177067127,0.00861014165936155,-1195.02049816352,-0.423812179274765,-0.907179583427093,1.00129494150754,0.0112404427339934,-1195.04083452116,0.00046709810877738
15580,-0.448771591483388,-0.895471623752707,1.00163135447571,0.0141582195365622,-1196.61804522974,-0.447951404989933,-0.895444878441503,1.00124022669865,0.0107657975949981,-1196.57677042922,0.00082062244407412
15600,-0.471311840141149,-0.883377313144013,1.00124438976444,0.0108019126589522,-1198.08143785824,-0.471763517161892,-0.883063531199778,1.0011803115623,0.0102460104151806,-1198.11269653148,0.000549973853556007
15620,-0.495981253658702,-0.869777265261301,1.00125416111309,0.010886679617666,-1199.69349144504,-0.495230985216513,-0.870044551049917,1.00111500314907,0.00967939902100677,-1199.64861289602,0.000796457423935227
15640,-0.518101358822162,-0.857018879889474,1.00145413200025,0.0126212558097493,-1201.15459941491,-0.518336518193496,-0.856397428025111,1.00104410533252,0.00906425249461122,-1201.18451959833,0.000664456431713672
15660,-0.541452484421189,-0.841684713577698,1.00080165365383,0.00696028566854461,-1202.75301821843,-0.541063078010208,-0.842132126912219,1.00096741883219,0.00839883127114531,-1202.72041672129,0.000593140830511895
15680,-0.563481470819116,-0.828002645310534,1.00154867510157,0.0134412156638339,-1204.23650131701,-0.563393892600574,-0.827259080956243,1.00088474123857,0.00768136724609543,-1204.25630435503,0.00074870414272654
15700,-0.585314295825528,-0.811335330594308,1.00042882983664,0.0037239702168502,-1205.8074692817,-0.585312468919289,-0.811789185202279,1.00079586703971,0.00691006389207898,-1205.7921825968,0.00045385828488968
15720,-0.607269402644652,-0.796375512216181,1.00149392601552,0.0129663934916948,-1207.32702517272,-0.606802605801705,-0.795733789476628,1.00070058764976,0.0060830963852252,-1207.32805155094,0.000793541030473205
15740,-0.62760033120228,-0.778837864578937,1.0002352698376,0.00204328749199799,-1208.86243717982,-0.627848406669502,-0.779104691009079,1.00059869143917,0.00519861174097009,-1208.86391132865,0.000364331965739829
15760,-0.649053959985815,-0.762309452385685,1.00119266086495,0.0103531479778489,-1210.41210518585,-0.648434292072383,-0.761914126698518,1.00048996376684,0.00425472895902171,-1210.39976204799,0.000735031102656503
15780,-0.668127978933486,-0.744274706105785,1.00016990275783,0.00147563125031488,-1211.91400587304,-0.668545012055885,-0.744174765024356,1.00037418701397,0.00324953917756017,-1211.93560383367,0.000428841281752266
15800,-0.688822619450129,-0.726013651402214,1.00078590272271,0.0068235833304416,-1213.49424374055,-0.68816565834538,-0.725899697606499,1.00025114061976,0.00218110583622092,-1213.47143681694,0.00066677084572625
15820,-0.706933934563216,-0.707421334347456,1.00010026103734,0.000870812651810871,-1214.98025535021,-0.707281676336375,-0.707102430416805,1.00012060111896,0.0010474648480481,-1215.00726113549,0.000471830539267063
15840,-0.726375812912941,-0.687741592472961,1.00030511325404,0.00264977583139767,-1216.56495300441,-0.725878876881111,-0.687796874645331,0.999982342181135,-0.000153375220051036,-1216.54307693326,0.000500001538309636
15860,-0.743785134636778,-0.668540271962974,1.00008120757415,0.000705331388139467,-1218.04968025956,-0.743943447861513,-0.667997337224857,0.999836134651862,-0.00142343295828722,-1218.07888436034,0.000565545053006546
15880,-0.761727479066888,-0.64749918025154,0.999741937097775,-0.00224179516292973,-1219.63411747158,-0.761461965538476,-0.647718511017546,0.999681746595638,-0.00276475391673533,-1219.6146835728,0.000344388470605885
15900,-0.778497835766134,-0.627648829993645,1.00000096704201,8.39961607641476e-06,-1221.12317495782,-0.77842140566754,-0.626975464667782,0.99951894334065,-0.00417941039999111,-1221.15047473254,0.000677689030490261
15920,-0.794716441941906,-0.605540859444344,0.999126596357738,-0.00758960252209441,-1222.69410771546,-0.79480915437096,-0.605783632125625,0.999347487525333,-0.00566950125379056,-1222.68625800715,0.000259873371620848
15940,-0.810852232590882,-0.584759879443728,0.999712688578404,-0.0024959138691902,-1224.20210082171,-0.810613018756179,-0.58415880184557,0.999167139146728,-0.00723715164404481,-1224.22203356974,0.000646929314314816
15960,-0.825587060182208,-0.562115472381597,0.998783158764247,-0.0105757845119026,-1225.75032000906,-0.825821237270819,-0.562117105665553,0.998977655610638,-0.00888451282824434,-1225.75780159878,0.000234182784266555
15980,-0.840815622130001,-0.540081386688359,0.99932918233437,-0.00582860339463075,-1227.28613607234,-0.840422489784232,-0.539675007371581,0.998778791783568,-0.0106137619195354,-1227.29356227793,0.000565417713194791
16000,-0.853983540687112,-0.517035380004434,0.998305299966311,-0.0147324645453021,-1228.80763065434,-0.854405907385774,-0.51684929095352,0.998570300046453,-0.0124271016436842,-1228.8293157959,0.000461543890663309
16020,-0.86814409528489,-0.493912170296661,0.998810994205199,-0.010333717755964,-1230.36320600256,-0.867761081889967,-0.493657048558039,0.998351930350155,-0.0143267600890985,-1230.36506234626,0.000460202523034684
16040,-0.880162259630932,-0.470469885471399,0.998011781701047,-0.0172866352235139,-1231.87432375902,-0.880478075038808,-0.470115668144907,0.998123430272718,-0.0163149904501817,-1231.90080212725,0.000474562204815539
16060,-0.892771310858856,-0.446299583399022,0.998110180107778,-0.016430297065354,-1233.43936809957,-0.892547427391548,-0.44624282085321,0.997884545078388,-0.0183940707641389,-1233.43653534164,0.000230967083241493
16080,-0.903790893722478,-0.422564956028209,0.997696908704642,-0.0200274682244726,-1234.9416890672,-0.90396016689231,-0.422056448084462,0.997635017778368,-0.0205663036415264,-1234.97226219654,0.000535941913717583
16100,-0.914820068533628,-0.397597840846815,0.997486742186542,-0.0218573581073078,-1236.50933661125,-0.91470781710608,-0.397574748309725,0.997374589193304,-0.022834015990788,-1236.5079829032,0.000114602130240844
16120,-0.924747831991433,-0.373401514740819,0.997289949805769,-0.0235711508475291,-1238.01176487727,-0.924782405113648,-0.372816163608411,0.997102998017495,-0.0251995587368753,-1238.04369767686,0.000586371255256191
16140,-0.934053948692448,-0.347867821419908,0.996729050568602,-0.0284576729916875,-1239.57326160573,-0.934176469056211,-0.347799365946549,0.996819980884789,-0.0276653065344385,-1239.57940673657,0.000140347395306401
16160,-0.942947884133013,-0.323055265314526,0.996752434979903,-0.0282538944090563,-1241.08846830142,-0.942883065320511,-0.322543243202865,0.996525272436191,-0.0302336574754651,-1241.11511030496,0.000516108633219913
16180,-0.950706947591519,-0.297253476429685,0.996094036448526,-0.0339931997408658,-1242.63732524331,-0.950895775355468,-0.297066884951138,0.996218605389123,-0.0329070327919176,-1242.6508086081,0.000265466201811401
16200,-0.958393372884062,-0.271831297650423,0.996197827527445,-0.0330881939291937,-1244.16495175184,-0.958208712111474,-0.271389568007796,0.995899710608346,-0.0356878765534531,-1244.18650187529,0.000478774141019006
16220,-0.964605272765512,-0.245817627852939,0.995434396839025,-0.0397471291980377,-1245.70318883646,-0.964816526093651,-0.245530741754008,0.995568317178532,-0.0385786553603973,-1245.7221903389,0.000356274616566123
16240,-0.970783740658343,-0.219866353771596,0.995370425845284,-0.0403053406163882,-1247.23874783332,-0.970714411020559,-0.219510013241779,0.995224152478424,-0.0415818580324971,-1247.25787423415,0.000363022274613306
16260,-0.975677224408278,-0.193740767473567,0.994726862616209,-0.0459230753976256,-1248.76884027818,-0.975898109080064,-0.193347132094094,0.994866942256629,-0.0446999952932776,-1248.79355379892,0.000451374401360177
16280,-0.980307032510685,-0.167378885731758,0.994493624604356,-0.0479599332046519,-1250.31068003484,-0.980363915774247,-0.167061975209194,0.994496410708964,-0.0479355994506182,-1250.32922927359,0.000321975131003588
16300,-0.983913641604233,-0.141109539039172,0.993980863066664,-0.0524395383022937,-1251.83848724498,-0.984108684345479,-0.140674531279771,0.994112280557368,-0.0512912240735658,-1251.86490090083,0.000476732022893387
16320,-0.987098419283729,-0.114455818052961,0.993711941982489,-0.0547898198617135,-1253.38598827694,-0.987129829776018,-0.114204885137835,0.993714273130349,-0.0547694436657192,-1253.4005689254,0.000252891176041583
16340,-0.989305703767497,-0.0881974946625726,0.993229366043743,-0.059008969578329,-1254.90549799238,-0.989425332353751,-0.0876732019365892,0.99330210844493,-0.058372853335409,-1254.93623359399,0.000537767478719433
16360,-0.990774500610051,-0.0614734965368609,0.992679757945917,-0.063816677389447,-1256.44958307732,-0.990993740796919,-0.0610997111808971,0.992875505290094,-0.0621040684629079,-1256.47189515501,0.000433337918800911
16380,-0.991637909759376,-0.0349021727685742,0.992251936624924,-0.0675608957387881,-1257.98422182984,-0.991834174931037,-0.0345046906181558,0.992434181311681,-0.0659657243648978,-1258.00755385839,0.00044329682776726
16400,-0.991761845347102,-0.00828580658594525,0.991796457181144,-0.0715489479082147,-1259.52132590673,-0.991946327911392,-0.00790845000189271,0.991977853098711,-0.0699604759565309,-1259.54320995542,0.000420037865025276
16420,-0.991159433823509,0.0183014334450072,0.991328384403211,-0.075649172444711,-1261.05782754347,-0.991330467984933,0.018668685259486,0.991506236271131,-0.074090997411143,-1261.07886369853,0.00040512538751831
16440,-0.989816173357181,0.0447777995947033,0.99082849594468,-0.0800302344254712,-1262.59020914832,-0.989987439785597,0.0452063905559357,0.991019045568921,-0.0783599818180791,-1262.61451534114,0.000461543499089938
16460,-0.987682775604802,0.0712336258011207,0.990248198519533,-0.0851187800131576,-1264.12514186987,-0.987918665157511,0.0716843586178542,0.990515994942561,-0.082770140838702,-1264.15016513742,0.000508727779030775
16480,-0.984994691940464,0.0977527831061217,0.989833394948808,-0.0887579614503122,-1265.66758625681,-0.985126143500837,0.0980823161336592,0.989996797644808,-0.0873242043608896,-1265.68581334216,0.000354783777761141
16500,-0.981306550874953,0.123918563494505,0.989099771089165,-0.0951979729494112,-1267.1971676768,-0.981612451635388,0.12438004042912,0.989461166323766,-0.0920249201522821,-1267.22146021055,0.000553657146993059
16520,-0.977253780759562,0.150244827876403,0.988735788930728,-0.0983949110144466,-1268.74032553583,-0.977380743177554,0.150557376194528,0.98890881311721,-0.0968750535124677,-1268.75710599801,0.000337351310572239
16540,-0.972273583951575,0.176034246944926,0.988080957284122,-0.104149410649132,-1270.26247034846,-0.972434747426438,0.176594252245429,0.988339449748133,-0.101877386924337,-1270.29275096002,0.000582734589861737
16560,-0.966554063138598,0.202133230987406,0.987463720872388,-0.109577025206929,-1271.81190276932,-0.966778767755533,0.20247069830251,0.987752787621484,-0.107034719704917,-1271.8283953519,0.000405433537876475
16580,-0.96013334892666,0.227553339990624,0.986730241890868,-0.11603122160164,-1273.33319524989,-0.960417679506676,0.228166861775904,0.987148537922056,-0.112349867655811,-1273.36403942867,0.0006762047469115
16600,-0.952975195212617,0.253334278584054,0.986073009161202,-0.121818571317894,-1274.88692713693,-0.953356927383491,0.253663024538936,0.986526411713509,-0.117825662713507,-1274.89968344486,0.000503779071748462
16620,-0.945469672704177,0.278337080812709,0.985588368721286,-0.126088608259589,-1276.40391625369,-0.945602522341895,0.278939619676238,0.985886120038455,-0.123464952599898,-1276.43532765435,0.000617010622521797
16640,-0.936741944152722,0.303656055240071,0.984729643008162,-0.133659769058425,-1277.96071920936,-0.937161037975835,0.303977248190793,0.985227374019618,-0.129270600472945,-1277.97097231017,0.000528019454343395
16660,-0.9279721436591,0.328248105895429,0.984316574294674,-0.137304040360337,-1279.48002378135,-0.928039606396749,0.328756695654415,0.984549884961977,-0.135245484578112,-1279.50661766433,0.000513044602268341
16680,-0.917729786373432,0.352766855229613,0.983195003519453,-0.147206742982176,-1281.02629893117,-0.918245913605852,0.353258948785962,0.983853364455908,-0.141392497900367,-1281.0422639677,0.000713122281411749
16700,-0.907716288107981,0.377131734570214,0.982943134121435,-0.149432130674394,-1282.56157210781,-0.907788194358794,0.377465211941307,0.983137524481237,-0.147714547817296,-1282.57791146979,0.000341141709465087
16720,-0.896117241665934,0.400727735534564,0.981635792357645,-0.160992295351565,-1284.09334649096,-0.8966752265227,0.401356923499218,0.982402077512203,-0.154214555753352,-1284.11356041861,0.000840966464994418
16740,-0.884728334869212,0.424750869021094,0.981405893223912,-0.163026769226765,-1285.64528314585,-0.884916324926253,0.424915772126814,0.981646736623268,-0.160895456835485,-1285.6492110605,0.00025006658277792
16760,-0.872165310202192,0.447403891026612,0.980225775026263,-0.173477638089835,-1287.15694399909,-0.872521334703832,0.448123712908505,0.980871215595738,-0.167760199550462,-1287.18486363999,0.000803054784818755
16780,-0.859100508563383,0.470847741591512,0.979668964281145,-0.178413001928016,-1288.72585260007,-0.859500624135439,0.470962983321953,0.980075229025162,-0.174811745403845,-1288.72051839963,0.00041638098832329
16800,-0.845699341507476,0.492650080734132,0.978729522530881,-0.186746227310922,-1290.22232830831,-0.845865076984534,0.493416119044718,0.979258492429452,-0.182053068581124,-1290.25617557985,0.000783762044016303
16820,-0.83105475480459,0.515305249456541,0.977850451552171,-0.194551187108137,-1291.80146757937,-0.831626084336559,0.51546596957509,0.978420722357691,-0.18948715561094,-1291.79183541878,0.00059350517319356
16840,-0.816766471323435,0.536492982420546,0.977206318473549,-0.200274672094713,-1293.29890676098,-0.816795535941487,0.537095713650577,0.977561636499594,-0.197117005030676,-1293.32749815215,0.000603431593204363
16860,-0.800692028750798,0.558013373247127,0.975954225170272,-0.211411028267805,-1294.87317508073,-0.801385811064196,0.558288874447585,0.976680953795542,-0.20494562705475,-1294.86316401311,0.000746481620562072
16880,-0.785456315428566,0.578523331056206,0.975515693376066,-0.215314792087245,-1296.37328953075,-0.785409768847224,0.579029334545723,0.975778394547201,-0.212976043245463,-1296.39883323211,0.000508139858344468
16900,-0.76809914233068,0.598786553998484,0.973920751241344,-0.229527611890242,-1297.93888692015,-0.768880738190859,0.599301350640292,0.974853680528622,-0.221211286186927,-1297.93450603673,0.000935899391530969
16920,-0.751813866417447,0.618917700658073,0.97379834150887,-0.230619388863885,-1299.4623256217,-0.751812507156229,0.619089567986489,0.973906535097816,-0.229654399162024,-1299.4701826516,0.000171872703382554
16940,-0.733592647671871,0.637603762136537,0.971955107095431,-0.247075878243729,-1300.99561346149,-0.734219311897595,0.638379034558973,0.972936683308747,-0.238308435832621,-1301.00586329823,0.000996872800708731
16960,-0.715937354476881,0.65719915339271,0.971842077065739,-0.248086031332537,-1302.55057090049,-0.716115825130637,0.65715521491053,0.971943852023684,-0.247176459923247,-1302.5415481949,0.000183799794528001
16980,-0.697053711125033,0.674558081440428,0.97000643370535,-0.264507704088184,-1304.06038348667,-0.697517144144165,0.675404003713631,0.970927770025883,-0.256261544908368,-1304.07723755651,0.000964548938894498
17000,-0.678004190264979,0.693141703496561,0.969605643105992,-0.268097311520685,-1305.6325223232,-0.678438778363196,0.693111738968939,0.969888168132539,-0.265566773703324,-1305.61293159449,0.000435619889385152
17020,-0.658769161252091,0.709351531483837,0.968068387581811,-0.281879231924674,-1307.11738400999,-0.658896636472048,0.710265214864804,0.968824779307964,-0.27509523835931,-1307.14863051666,0.000922533063016372
17040,-0.638150212316133,0.726867173641488,0.967249492942069,-0.289229785507706,-1308.71861073892,-0.638907013106565,0.726851694272167,0.967737338776939,-0.28485003976227,-1308.68433452715,0.000756959078994791
17060,-0.61859682686021,0.742164590511091,0.96616267450674,-0.298994890061317,-1310.18867342711,-0.618486575125324,0.742858920859315,0.966625584138202,-0.294834287336037,-1310.22004382624,0.000703029215260545
17080,-0.596688724614824,0.757971164085044,0.964654196936344,-0.312566837310738,-1311.78953362385,-0.597652347470138,0.758275130811308,0.965489255478006,-0.305051098749778,-1311.7557586103,0.00101042801720823
17100,-0.57654542130192,0.772755956657332,0.964135048306821,-0.317242586951915,-1313.27375196094,-0.576421698626806,0.773089064139064,0.964328095483703,-0.315503599629977,-1313.29147907164,0.00035534194056374
17120,-0.553880879520838,0.786714573474456,0.962135047078045,-0.335279305928285,-1314.85280767505,-0.554812325697719,0.787289975563385,0.963141849557326,-0.326194923276836,-1314.82720539845,0.00109484224633979
17140,-0.532860782289492,0.800780585363915,0.961868057062892,-0.337689952580546,-1316.35914552964,-0.532842239098336,0.800867644959538,0.961930265929066,-0.337128210385609,-1316.3629377747,8.90124886085863e-05
17160,-0.509808307683618,0.813037354430191,0.959653192711866,-0.357713749703421,-1317.9105738228,-0.510529746890295,0.81381238734831,0.960693095770665,-0.34830660877255,-1317.89867638001,0.00105884397013869
17180,-0.487698073019584,0.826285373130929,0.9594774245792,-0.359304785345019,-1319.44963850031,-0.487893438764353,0.826115062419784,0.9594300933086,-0.359733273106011,-1319.43442138961,0.000259178534142006
17200,-0.464417161857785,0.836832116667254,0.95706389113467,-0.381181377356944,-1320.97101629209,-0.464952169687009,0.837767083576493,0.958141015937069,-0.371411364642449,-1320.9701729742,0.00107721701560216
17220,-0.441218221295014,0.848968581654395,0.956776447995565,-0.383790476299221,-1322.53860872593,-0.441725043225104,0.848760426482994,0.956825624330689,-0.383344050967683,-1322.50593129994,0.000547902403901092
17240,-0.418133687431457,0.858208754012442,0.954650745575897,-0.403109678510502,-1324.02388018717,-0.418231394563298,0.859087637109314,0.955483682556864,-0.395534505743441,-1324.04169652828,0.000884297563934111
17260,-0.393592821404445,0.868876526563561,0.953866724167622,-0.410246027972525,-1325.62992474849,-0.394490773229868,0.868741839256165,0.954114958187787,-0.407985908459139,-1325.57746881597,0.000907996779484701
17280,-0.370654271094825,0.877064064608819,0.952169082731097,-0.425718486578424,-1327.09069279226,-0.370522925546645,0.8777167415503,0.952719222411997,-0.420701444189357,-1327.11324831494,0.000665761851540908
17300,-0.34529811606328,0.885818374857985,0.950739176742439,-0.438772198323179,-1328.70382010391,-0.346347776819612,0.886006643898867,0.951296250145464,-0.43368430335663,-1328.64903517223,0.00106641124109667
17320,-0.322111356567965,0.893365492055545,0.949661849515763,-0.44862016858641,-1330.17275296893,-0.321985413286955,0.89360644339212,0.949845820142136,-0.446937681500059,-1330.18482952995,0.000271880960401975
17340,-0.296379695090785,0.89995697552446,0.947503816064738,-0.468380644769918,-1331.77191530153,-0.297456063841966,0.90051163964439,0.948367715103895,-0.460464779049546,-1331.7206315252,0.00121087653146628
17360,-0.272778795131398,0.906763148134086,0.946904260148499,-0.473878590813927,-1333.25729692393,-0.272780081548637,0.906718339563744,0.94686172178989,-0.474268801105851,-1333.25644129001,4.4827032529157e-05
17380,-0.247124468764136,0.911451168639014,0.944358902046982,-0.497258428532635,-1334.82993809003,-0.247977924968058,0.912223261541406,0.945327631125158,-0.488352957226564,-1334.79225895132,0.00115087572827664
17400,-0.222816200462361,0.91730393154824,0.943977521989979,-0.500766940139106,-1336.34708071916,-0.223070139314435,0.917023739052477,0.943765238308525,-0.502720461217951,-1336.32808463086,0.000378143855264383
17420,-0.197498039537528,0.920253761013028,0.941207979290332,-0.526287993135979,-1337.88733796752,-0.198077337459601,0.921117723660268,0.942174342919695,-0.517374530932884,-1337.86391844517,0.00104020072021952
17440,-0.172430186820348,0.924877612109884,0.940813885265827,-0.529925631272246,-1339.43926603445,-0.173020180805557,0.924503787417039,0.940554749025508,-0.532318388074761,-1339.39976050552,0.00069845386645364
17460,-0.147817151439955,0.92637987815826,0.938098922777515,-0.555027254781762,-1340.93406570561,-0.147919360044722,0.92718112465469,0.938906265285293,-0.547555258007624,-1340.93561091786,0.000807739157730115
17480,-0.121778343308796,0.929346651138364,0.937291396995154,-0.562507383248908,-1342.53469485745,-0.12279557582801,0.929149553159578,0.937228705055269,-0.563088369572446,-1342.47146978283,0.00103615134579207
17500,-0.0977234890733121,0.929914201243144,0.93503492019835,-0.583443389688559,-1344.00087949423,-0.0976695193611569,0.930409514726303,0.935521886491959,-0.578920954909602,-1344.00733719566,0.000498245096744006
17520,-0.0715241432732767,0.930849642070454,0.933593465708532,-0.596843932241269,-1345.60617001621,-0.0725618529498996,0.930962075086044,0.933785632654539,-0.595056249287712,-1345.54321324618,0.00104378281071859
17540,-0.0476281251473621,0.930646566222261,0.931864512429966,-0.612944537929554,-1347.07030364553,-0.0474931905150236,0.930808923205714,0.932019771606095,-0.611497490938685,-1347.07909801878,0.000211109320211611
17560,-0.0214022703706886,0.929484752097138,0.92973112325989,-0.632852611028944,-1348.68094327347,-0.0224840780983668,0.929952369954911,0.930224136513716,-0.628247920899304,-1348.61499159238,0.00117854758943914
17580,0.00239955699866958,0.928595388728169,0.928598489036575,-0.643440546578283,-1350.14805606875,0.00244502561881212,0.928395346138466,0.928398565747405,-0.645310782858997,-1350.15089404041,0.000205144907596724
17600,0.0281268230256834,0.925437644110114,0.925864974664015,-0.669046897767854,-1351.74085452594,0.0272737687635679,0.926141399893013,0.926542902977708,-0.662689323014238,-1351.68680543081,0.00110588144756867
17620,0.052213524410687,0.923620272063629,0.9250949459911,-0.676273833783369,-1353.235565422,0.0519819256634351,0.923194693446897,0.924656997272064,-0.680386789929315,-1353.22272582595,0.000484515364820977
17640,0.0769877498686241,0.918758891138984,0.921978857499872,-0.705580758459263,-1354.78993139928,0.0765494161611588,0.919559999243435,0.922740703189797,-0.698406434403572,-1354.75865528271,0.000913187075092737
17660,0.101612462685505,0.9157009638708,0.921321522491972,-0.711775668022412,-1356.3320275545,0.100956324830169,0.915242695428323,0.920793880875691,-0.716751509345304,-1356.29459385237,0.000800329213871667
17680,0.125362705306406,0.909637030635062,0.91823490207262,-0.740924074800769,-1357.846855666,0.125182920068735,0.910248760702854,0.918816396152145,-0.735425269651977,-1357.83054158067,0.000637602076160897
17700,0.150230459001645,0.904876794537472,0.917262887129015,-0.750123557759129,-1359.42644192049,0.149209673050877,0.904584768545288,0.916808120609805,-0.754430972097214,-1359.36649850779,0.00106173590755714
17720,0.172934466591046,0.897926427693483,0.914427798836797,-0.777011594995803,-1360.90129767346,0.173017276511997,0.898257880803615,0.914768931696649,-0.773771875224291,-1360.90246466832,0.000341641108802321
17740,0.197654072562553,0.89127174863043,0.912925222735854,-0.791295877203934,-1362.50391429673,0.196586663347226,0.891275840663733,0.912698712805513,-0.793451239246095,-1362.43844009127,0.00106741705893284
17760,0.219807636414462,0.883653116015629,0.910581257478015,-0.813625860649816,-1363.9687511543,0.219899025000647,0.883646964997821,0.910597353359923,-0.813472325951957,-1363.97442480012,9.15953530751474e-05
17780,0.243967250257644,0.875094014584363,0.908465493873958,-0.833831275863696,-1365.57792578377,0.242935829623455,0.875380136098607,0.9084647488983,-0.833838398620744,-1365.51041881273,0.00107037098500681
17800,0.265746925766468,0.86689010682796,0.906708269439802,-0.850648467232252,-1367.04302741201,0.265678839979481,0.866484792805885,0.906300801156382,-0.854552721940942,-1367.04642214142,0.00041099285988971
17820,0.288845870991444,0.856445922484643,0.903842660715557,-0.878143282753661,-1368.63724823528,0.288110131076396,0.856970921032646,0.904105418147906,-0.875618561937044,-1368.58243479298,0.000903845505603608
17840,0.310548163938096,0.847347015580919,0.902461703862947,-0.891424368033509,-1370.12761609882,0.310212107501327,0.846849043698791,0.901878514243449,-0.897039185902761,-1370.11845676863,0.000600757791530468
17860,0.332484536753012,0.835556635172065,0.899277964680514,-0.922120962485948,-1371.69858915355,0.331967520439687,0.836130210081347,0.899620010247411,-0.918817862340783,-1371.65448806406,0.00077220078011043
17880,0.35396008740866,0.825354228383885,0.898051972766334,-0.933970575507406,-1373.21247956222,0.353359484356316,0.824825984590868,0.897329833473097,-0.940957860909118,-1373.19052866947,0.000799853443666481
17900,0.374528888882985,0.812501015575217,0.894667418049122,-0.966767569645282,-1374.74771960703,0.374371493318357,0.812948434984416,0.895007917815831,-0.963462452374195,-1374.72657856955,0.000474296839007876
17920,0.395905192157922,0.800790633842779,0.893312129341095,-0.979935382909577,-1376.30746398403,0.394987436939487,0.800510120026478,0.892654203824096,-0.986334908570399,-1376.26263774351,0.000959667985347403
17940,0.415248450100914,0.787375896674491,0.890164073626413,-1.01059875017473,-1377.80639018627,0.415191615925619,0.787524076609746,0.890268638768636,-1.00957850236636,-1377.79870616513,0.000158705440024817
17960,0.435957414695761,0.774113674700347,0.888431679301389,-1.02751927936254,-1379.38689622507,0.434968757202447,0.774003806348622,0.887851176709474,-1.03319650763779,-1379.33478380273,0.000994743531667924
17980,0.454267762540264,0.76007761842015,0.885481330185219,-1.05641182404651,-1380.86505970681,0.454304028605636,0.759963261658997,0.885401778560836,-1.05719219924685,-1380.87087061924,0.000119969564136173
18000,0.474196103117385,0.745252396369912,0.88332501295209,-1.07758943103852,-1382.4681594382,0.473183053114968,0.745416831338565,0.882920412153909,-1.08156885302823,-1382.40696657223,0.00102630851419709
18020,0.491784230771144,0.730815612179911,0.880876375345067,-1.10170074828018,-1383.93760327039,0.491591922614134,0.730379325662744,0.880407052297416,-1.10632974578166,-1383.94307161389,0.000476789631089194
18040,0.510218334177792,0.71446569021528,0.877943034043757,-1.1306732537019,-1385.5316077579,0.509517211158417,0.714865961011919,0.877861680835965,-1.13147815527108,-1385.47918569112,0.000807335245693865
18060,0.527316827633898,0.699355323297728,0.875877220237373,-1.15113537231376,-1387.01644563879,0.526945987732989,0.698892344046472,0.875284286706135,-1.15701736023028,-1387.01530874553,0.000593188013365166
18080,0.544347697509875,0.682128077805229,0.872704491975697,-1.18265577262759,-1388.59035421831,0.543865828485179,0.682474455446688,0.872674865990263,-1.1829506403751,-1388.55144071348,0.000593443533509607
18100,0.56083734037598,0.666162033284968,0.870810184225223,-1.20153000954691,-1390.0938005217,0.560264828414585,0.665628633235348,0.870033421967905,-1.20928127642215,-1390.08758152611,0.000782486778722193
18120,0.576300697427258,0.648186568204005,0.867334030841192,-1.23627226470837,-1391.64019781146,0.576131612505523,0.648371555701423,0.867359965164924,-1.23601255011397,-1391.6237311094,0.000250619402599588
18140,0.592270250607789,0.631088812133108,0.865480871281735,-1.25485052777852,-1393.18255016743,0.591455346286997,0.630720223943899,0.864654513400187,-1.26314774425074,-1393.15988938417,0.000894385993444003
18160,0.606392880763593,0.612683779798341,0.862028850949173,-1.28956397356739,-1394.70433461957,0.606225745805982,0.612691944055396,0.861917091829834,-1.29069014272838,-1394.69605626617,0.000167334243802523
18180,0.621340154987537,0.59449013438871,0.85993145545761,-1.3107232938009,-1396.2650966675,0.62043308700054,0.59430430896574,0.859147732989074,-1.31864303058317,-1396.23223166608,0.000925906810028049
18200,0.634229616004512,0.575775273515617,0.856600473621871,-1.34443379628354,-1397.76576183425,0.634068214459991,0.575575179966331,0.856346476831519,-1.34700969404268,-1397.76841548957,0.000257075644586858
18220,0.647929487361783,0.55650093657966,0.854111183047583,-1.36971183584267,-1399.3410085371,0.647122549560085,0.556522667936483,0.853513370765969,-1.37579342058319,-1399.30460763735,0.000807230368406528
18240,0.659814237821928,0.537580252951224,0.85108598672263,-1.40053120318136,-1400.82875125293,0.659588097961944,0.537165114293582,0.850648469690678,-1.40499749899352,-1400.84080800519,0.000472736016548437
18260,0.672061355340056,0.517403316970028,0.848158391901596,-1.43046073068266,-1402.40822097186,0.671457456464228,0.517521071689271,0.847751836025038,-1.43462521944508,-1402.37701648401,0.000615272318677313
18280,0.68311384232305,0.498087323416573,0.845420311633005,-1.45854644492201,-1403.90262066903,0.682723819198891,0.497609284474315,0.84482353973866,-1.46467987356848,-1403.91323295988,0.000616959696977169
18300,0.693883388290805,0.477267889156438,0.842175037961688,-1.49195270396115,-1405.47897181051,0.69338098316162,0.47744866895529,0.841863658377859,-1.49516475453621,-1405.4494573141,0.000533940305188371
18320,0.703985226957783,0.457520745942357,0.839595398238015,-1.5185990083986,-1406.98011771117,0.703423353068972,0.457058293466447,0.83887227708946,-1.52608315715192,-1406.98568942325,0.000727711865646242
18340,0.71310892327111,0.436416207551254,0.836052296607277,-1.55533111587027,-1408.53374496547,0.712845945535022,0.436457358280662,0.835849488641977,-1.55743837794571,-1408.52192915922,0.000266177895792792
18360,0.722318646680553,0.415939494441171,0.83351658074594,-1.58171513076043,-1410.0649697788,0.72164439256124,0.41566517538349,0.832795393444073,-1.58923371527588,-1410.05817638927,0.000727921398791439
18380,0.730057217047018,0.39480416862367,0.829972211417385,-1.61872896284288,-1411.59613157302,0.729814944334208,0.394701148134734,0.829710099560334,-1.62147246943693,-1411.59443097609,0.000263266573102995
18400,0.738101557337438,0.373780651645792,0.827348707915051,-1.64622814016495,-1413.14197393069,0.737354471326663,0.373584750842205,0.826593722724323,-1.65415794277359,-1413.13069277786,0.000772343597333356
18420,0.744516364370144,0.352599853573101,0.823790794774201,-1.68366130515709,-1414.65795953804,0.744260465698284,0.352335508272406,0.823446386348863,-1.68729343980142,-1414.66696164828,0.000367916523492974
18440,0.751128141443916,0.331069138249854,0.820853372515757,-1.71468826307862,-1416.21391256504,0.75053104199357,0.33097297512328,0.820268221533609,-1.72088226733323,-1416.20323743663,0.000604793436237279
18460,0.756468564490462,0.309922253899935,0.817494032103401,-1.75030818213694,-1417.72127669183,0.756164937135072,0.309516715484009,0.817059367069796,-1.75492773461203,-1417.73951998785,0.000506607321042295
18480,0.761602787523995,0.288013170775156,0.81424221979966,-1.78492764977744,-1419.2850276579,0.76116150971119,0.287986282307282,0.813819969442252,-1.78943315344991,-1419.27580914258,0.000442096253974532
18500,0.765860866137987,0.266785431862035,0.810997739167897,-1.81960712954446,-1420.79436487308,0.765520738558689,0.266401196919203,0.810550182828568,-1.82440183837324,-1420.81210473721,0.000513150330304943
18520,0.769696586836825,0.244831885665554,0.807697646416535,-1.85502365250841,-1422.35471401398,0.769243220641054,0.24478092859224,0.807250169095492,-1.85983710677392,-1422.34840660393,0.000456220923225571
18540,0.772813908311875,0.223493233719146,0.804481548824158,-1.88967824412056,-1423.87044203399,0.772330168224716,0.223144874206559,0.803920097792485,-1.89574227906684,-1423.88471457083,0.00059611980501828
18560,0.775145941844467,0.201588684683921,0.800930227267356,-1.92810631333662,-1425.42227084803,0.774783405356197,0.201512338024951,0.800560146142454,-1.93212067885342,-1425.42102846191,0.000370488215282068
18580,0.777145249430018,0.180176034055022,0.797758197676114,-1.96257448697714,-1426.94696086029,0.776605363644116,0.17990251160664,0.797170499029654,-1.96897563309128,-1426.95734809717,0.000605219953064805
18600,0.778108663557309,0.158508040114956,0.794089347041016,-2.00261260274654,-1428.48585607283,0.777799077350988,0.158334453884962,0.793751348984741,-2.00631047227006,-1428.49367329264,0.000354930695190256
18620,0.778813430357883,0.137049214520393,0.790779897636801,-2.0388875877838,-1430.01973696513,0.778368177800683,0.136827071433863,0.790302896166985,-2.04412853059332,-1430.03000386048,0.000497591590148021
18640,0.778612230009236,0.115606494524514,0.787147931647033,-2.07887282777065,-1431.55455966722,0.778316887108377,0.115399098947941,0.786825348343627,-2.08243314616653,-1431.56633960901,0.000360888285026992
18660,0.778069311264795,0.0943094674939113,0.783764077252242,-2.11629291383215,-1433.08891542537,0.777650011240714,0.0940690799604729,0.783318920866394,-2.12122766119115,-1433.10268034278,0.000483320469695812
18680,0.776744104331475,0.0731547518117432,0.78018140283292,-2.15608812337875,-1434.61968086514,0.776372932414906,0.0728553478236529,0.779783836645147,-2.16051542216489,-1434.63902586261,0.000476876650438957
18700,0.774845034340539,0.0519827300515606,0.776586782958482,-2.19620010317631,-1436.1618974532,0.774491600846342,0.0517760069749202,0.776220326118685,-2.20029978008799,-1436.17537596571,0.000409450442954183
18720,0.772319710294856,0.0310813530206052,0.772944878639817,-2.23702952023958,-1437.69542347172,0.772012525855253,0.0308489145129501,0.772628627222701,-2.24058409067556,-1437.71173044568,0.000385214147942335
18740,0.769286238622223,0.0102852250780028,0.769354991397621,-2.2774644853412,-1439.23401089272,0.768942766343809,0.0100916621064254,0.769008985354879,-2.28137171457622,-1439.24808909257,0.000394258582664567
18760,0.765604869833514,-0.0102904124239681,0.765674022871775,-2.31912174049866,-1440.77006001836,0.765289920655988,-0.0104784417416465,0.765361653337153,-2.32266601759661,-1440.78445169301,0.000366807863508056
18780,0.761418034215918,-0.0306092328000671,0.762033036004241,-2.36052401039053,-1442.30206791751,0.761062115833355,-0.0308443890517621,0.761686891375137,-2.36447037093213,-1442.32081803021,0.000426586870118114
18800,0.75662384066685,-0.0507773576470014,0.758325771891649,-2.40288368311359,-1443.83938782864,0.756267996280769,-0.0509894893261629,0.757984967014698,-2.40678815140391,-1443.85718788402,0.0004142765699492
18820,0.751327461575878,-0.0706511773711541,0.754641996831599,-2.44518058792975,-1445.37201916502,0.750916711856886,-0.0708973860861375,0.754256155095737,-2.44962274170165,-1445.39356103103,0.000478888361714545
18840,0.745287056982897,-0.090352968490308,0.750743935187783,-2.49016335041495,-1446.91237444556,0.74501790540509,-0.0905520729677409,0.750500737703131,-2.49297753063296,-1446.92993724462,0.00033479122564564
18860,0.738926789137504,-0.109771020409219,0.747035793403999,-2.53317177880764,-1448.44975906087,0.738581699741337,-0.109937909355778,0.746719004114882,-2.53685591337861,-1448.46631629501,0.000383325725500586
18880,0.731866148919396,-0.128762983392361,0.743106967956976,-2.57897332775687,-1449.9783773325,0.731618684116115,-0.129039635536512,0.742911250747484,-2.581261291754,-1450.00269794933,0.000371180869289571
18900,0.72453651540371,-0.147678498973466,0.739433635434855,-2.62201596161174,-1451.52049203433,0.724139900168477,-0.147842387350356,0.739077781098488,-2.62619707447706,-1451.53908197167,0.000429142219897789
18920,0.716369756631242,-0.16601505320686,0.735354762075545,-2.67006181583933,-1453.04768185407,0.71615682739087,-0.166331710326244,0.735218905686334,-2.67166667744204,-1453.07546812318,0.000381589560473321
18940,0.70800426447756,-0.184442623320923,0.731634553459523,-2.71411583913284,-1454.60161615923,0.707681368124083,-0.184493573280356,0.73133494198741,-2.71767352399988,-1454.61185616209,0.000326891348088708
18960,0.699074591277761,-0.201986047155353,0.727670012722534,-2.76131043966283,-1456.11577573852,0.698725832102411,-0.202314381362394,0.727426214370402,-2.76422104524471,-1456.14824584379,0.000478995108434575
18980,0.689547595855142,-0.219698766081632,0.723701205448352,-2.8088140796295,-1457.67255045796,0.689302920569668,-0.21978098853352,0.723493054027919,-2.81131268030666,-1457.68463692091,0.000258121147751339
19000,0.679760345294104,-0.236634592647508,0.719770836775019,-2.85611507598127,-1459.19376012171,0.67942570998736,-0.236880709460792,0.719535798905431,-2.85895187665119,-1459.22102914334,0.000415396526587295
19020,0.669227921352226,-0.253473549796881,0.715622002990443,-2.90632629584318,-1460.74444243432,0.669107635356874,-0.253601330813728,0.715554793627547,-2.90714209038452,-1460.75742225836,0.000175489911232118
19040,0.658781059796253,-0.269669091008256,0.711838396963449,-2.95237179223507,-1462.26152043296,0.658362473178045,-0.269931121949571,0.711550389421625,-2.9558867865659,-1462.29381601061,0.000493836988437189
19060,0.64728566843145,-0.285700796690696,0.707533519903084,-3.00505960613417,-1463.81584116041,0.647204324067077,-0.285858844974551,0.707522944038783,-3.00518943952597,-1463.83021014226,0.000177753103051728
19080,0.636010151575124,-0.3012565290616,0.703750246329516,-3.05162880254109,-1465.34533439828,0.635647595057119,-0.301373764169467,0.70347282167229,-3.05505353319191,-1465.36660439298,0.000381039760739501
19100,0.623788254418578,-0.31616030649428,0.699334773733677,-3.10629752713922,-1466.87767621672,0.623706981605387,-0.316465654768665,0.699400392873397,-3.10548256141908,-1466.90299850005,0.000315979174683626
19120,0.611729751596807,-0.331087588242268,0.695580534572937,-3.15305159968457,-1468.42366072456,0.611397449331005,-0.331124811082562,0.695306034464624,-3.15648002832925,-1468.43939219842,0.000334380525294821
19140,0.598868451541062,-0.345001911188384,0.691136557400075,-3.20872269170665,-1469.94579891867,0.598734215508175,-0.345342053954675,0.691190129450518,-3.20804944865565,-1469.97578522077,0.000365672550220897
19160,0.585956458211614,-0.359183387633907,0.687282821604082,-3.25729021990669,-1471.50773418688,0.585732730339613,-0.359108737545112,0.687053066925941,-3.26019434809458,-1471.51217729757,0.000235853336773796
19180,0.572690285421265,-0.372092311494301,0.682954501624421,-3.31216456038485,-1473.01286814675,0.572408658035408,-0.372416755433488,0.682895241981889,-3.31291826366408,-1473.04856815713,0.000429625248489534
19200,0.558822738619099,-0.385316817709983,0.678787082381433,-3.36532862183808,-1474.58685661002,0.558777857722841,-0.385258546035112,0.678717055608901,-3.36622474406922,-1474.58495752568,7.3551906441619e-05
19220,0.545239068478698,-0.397334819040731,0.674655912460307,-3.41835338547587,-1476.08213508942,0.544856364212756,-0.397627097325375,0.674518914598061,-3.42011735007459,-1476.12134512745,0.000481548700386995
19240,0.530565532736166,-0.409511228362792,0.670223269278839,-3.47560996200638,-1477.66236416949,0.530660368648421,-0.409515950868167,0.670301231439669,-3.47459965488359,-1477.65773068467,9.49534217931511e-05
19260,0.516679218211702,-0.420779484034105,0.666342846225472,-3.52604520901724,-1479.15909983124,0.516206199062783,-0.420919205145239,0.666064424219569,-3.52967524452504,-1479.19411391771,0.000493223178835046
19280,0.50138488027282,-0.431610220369715,0.66156948274069,-3.5884907276047,-1480.72305861323,0.501510300870247,-0.431831518184368,0.661808916513205,-3.58534771824691,-1480.7304945451,0.000254367940253934
19300,0.486957399085737,-0.442204061147459,0.657778032636886,-3.63841268893977,-1482.24246282989,0.486589217319107,-0.442248109485212,0.657535137277443,-3.64162068891721,-1482.26687228359,0.000370807321041469
19320,0.471412897175763,-0.451890836406222,0.653020250567745,-3.70146701543386,-1483.7887354818,0.471459569930744,-0.452164761242763,0.653243520740165,-3.6984977834325,-1483.80324684823,0.000277872564553193
19340,0.456433261860279,-0.461677516607181,0.649212948017049,-3.75225654228025,-1485.32727030653,0.456138038951755,-0.461577818869301,0.648934506287726,-3.75598264313359,-1485.33961795241,0.00031160263903804
19360,0.44071535299264,-0.470075017964873,0.644360570548899,-3.81742085223669,-1486.84631134009,0.440641343845014,-0.470484190816772,0.644608538350255,-3.81407892422915,-1486.87598530797,0.000415812189171352
19380,0.425069364626492,-0.479097330200643,0.640482799573379,-3.86985057836006,-1488.41961050938,0.424986223845664,-0.47888134770249,0.640266066284908,-3.87279029822663,-1488.41234862519,0.000231432126000686
19400,0.409464011706101,-0.48641049595249,0.635811251438036,-3.93343581989341,-1489.90907531312,0.409189418607793,-0.486767320742118,0.63590754425706,-3.93212045237127,-1489.94870761293,0.000450250263888192
19420,0.393250739879996,-0.494286034135673,0.631636626516968,-3.99065389268547,-1491.49447160595,0.393267648967409,-0.494140699494814,0.631533431119507,-3.99207309009294,-1491.48506197865,0.000146314985803516
19440,0.377641744779421,-0.500717873372765,0.627161602870416,-4.0524107721599,-1492.97637784732,0.377237597847125,-0.501000628926453,0.627144190289738,-4.0526519314608,-1493.02141142846,0.000493239744977864
19460,0.360926065485593,-0.507401196157749,0.622674552723351,-4.11477765064835,-1494.57488816397,0.361115891327606,-0.507346805797807,0.622740289625273,-4.11386071364654,-1494.55775566723,0.000197464329818275
19480,0.345329162972234,-0.513062479247163,0.618453990536361,-4.17385207750937,-1496.05651688226,0.344919079910657,-0.513179474385498,0.61832220129718,-4.17570319139546,-1496.09409439862,0.000426445752454566
19500,0.328454661844014,-0.518367442944391,0.613667068361805,-4.24134363868803,-1497.64030828778,0.328663619998337,-0.518499421544542,0.613890401661759,-4.23818313750632,-1497.63042732513,0.000247147448208857
19520,0.31272814854215,-0.523424414083915,0.609731098230761,-4.29723308018842,-1499.14312983307,0.312365855612238,-0.523307971122179,0.609445371130487,-4.30130434331954,-1499.16675414823,0.000380545832195877
19540,0.29585223073284,-0.527245802520359,0.604579753800055,-4.37092801184221,-1500.70200948592,0.296042000376554,-0.527606977733649,0.604987594038247,-4.36507061921421,-1500.70307456834,0.000407995162190107
19560,0.27995143619815,-0.53163008884232,0.600835549873591,-4.42488758342071,-1502.22912839362,0.27970811978813,-0.53139881991145,0.600517558509902,-4.429485795114,-1502.23938828496,0.000335690622107092
19580,0.263343455204848,-0.534291418705564,0.595665254569739,-4.49995463521368,-1503.76207015002,0.263380113796259,-0.534686392640486,0.596035756325261,-4.49455372100207,-1503.77569499668,0.00039667147816825
19600,0.247083203260923,-0.537729506523638,0.591779630876084,-4.55679974769696,-1505.32152729206,0.247073699714311,-0.537473099292428,0.591542682782507,-4.56027826744515,-1505.31199440131,0.000256583291768854
19620,0.230999442556352,-0.539417927485962,0.58679846877322,-4.63022056202189,-1506.81753417732,0.230804395484919,-0.539762842973363,0.587038836560109,-4.626663326127,-1506.84828619588,0.000396244941322191
19640,0.214464221865481,-0.541728417988503,0.582635890858684,-4.69205531961245,-1508.40194130784,0.214587503319667,-0.541560017299688,0.582524719577295,-4.69371281039157,-1508.38457007675,0.000208703399444615
19660,0.198774230623456,-0.542602458146558,0.577865574633612,-4.76346354247659,-1509.88045319204,0.198438093733705,-0.542869496617988,0.578000836853143,-4.76143065579567,-1509.92084573966,0.000429298909706422
19680,0.182080647989609,-0.543778856590415,0.573453404599794,-4.83003729012098,-1511.48722880769,0.182370989995059,-0.543696625685346,0.573467696364329,-4.82982082067179,-1511.45711287979,0.000301762161109241
19700,0.166769893912674,-0.5439985787282,0.568987391050053,-4.89794715217096,-1512.95639272506,0.166400753007639,-0.544047208827345,0.568925808901594,-4.89888728670095,-1512.99337119186,0.000372330356421624
19720,0.150258040413057,-0.543789452276529,0.564167038310446,-4.97184582543729,-1514.5536416767,0.150541666646327,-0.543927498591653,0.564375687925008,-4.96863405949589,-1514.52962037013,0.000315437197106016
19740,0.135095338614165,-0.543449733066111,0.559989609622271,-5.0364006215037,-1516.03989905752,0.134807723561715,-0.543344183915823,0.559817849418044,-5.03906516919498,-1516.06586010856,0.000306370758268857
19760,0.119011196271553,-0.542006986241326,0.554919127416231,-5.11540610605384,-1517.61580884745,0.11921261147132,-0.542304377828537,0.55525281174057,-5.11018467106668,-1517.60209010079,0.000359179396459618
19780,0.103927497933856,-0.54109638073541,0.550986586108728,-5.17717948030993,-1519.12769686562,0.103769699953323,-0.540815604704145,0.550681095480781,-5.1819966461253,-1519.13831004027,0.000322079776441728
19800,0.0884604518104615,-0.538479646366919,0.545697334688336,-5.26096334812213,-1520.67088115801,0.0884920277580142,-0.538885787090952,0.546103223306144,-5.25450520175789,-1520.6745196203,0.000407366331674117
19820,0.0733630322008183,-0.53676430639124,0.541754607833996,-5.32394772297349,-1522.21723981586,0.0733922906513685,-0.536523232134229,0.541519719813429,-5.32771447236255,-1522.21071853413,0.00024284327110715
19840,0.0586132368758044,-0.533426043834452,0.536636614272576,-5.40639398199357,-1523.72945422701,0.0584828298041988,-0.533736617615414,0.536931111377846,-5.40162861999889,-1523.746906475,0.000336841324284126
19860,0.0436251126304427,-0.530769440688738,0.532559245174708,-5.47264143210455,-1525.30129513269,0.0437756207395907,-0.530534977629513,0.532337926001411,-5.47625183505003,-1525.28308313622,0.000278613741693999
19880,0.0295930331900708,-0.526704251670033,0.527534943241372,-5.55497535930535,-1526.78420080833,0.0292822628503031,-0.526927687923044,0.527740693160532,-5.55158833689744,-1526.81924821125,0.000382755748799274
19900,0.0147421853666949,-0.52291547980052,0.523123246515001,-5.62791960790603,-1528.3851284573,0.0150139694969822,-0.522924450915362,0.523139943652928,-5.62764237460817,-1528.3554013938,0.000271932150319721
19920,0.0012959922611216,-0.518458832892622,0.518460452686914,-5.70568730564838,-1529.85677795907,0.000981558697111353,-0.518535280426522,0.518536209443938,-5.70441822763483,-1529.89154237785,0.000323593404777766
19940,-0.0130774205879784,-0.513649771033603,0.513816218323349,-5.78384383178767,-1531.45842404063,-0.0128045555863987,-0.513770486135128,0.513930023512239,-5.78192020652933,-1531.42767085777,0.000298374671886068
19960,-0.026043096318829,-0.508766040838763,0.509432161505947,-5.85827281196112,-1532.9303415209,-0.0263343715488937,-0.508640657789988,0.509321919695105,-5.86015265366951,-1532.96378652838,0.00031711538683784
19980,-0.0397576895191006,-0.502878002579726,0.504447181927377,-5.94368599580938,-1534.52041925209,-0.0395983070329736,-0.503156649199526,0.504712432533193,-5.93911994400035,-1534.49988908505,0.000321008902695965
20000,-0.0524977426954484,-0.497589097946205,0.500350800322169,-6.01450802429972,-1536.02266529996,-0.052587206396625,-0.497329562023229,0.500102097114997,-6.01882648578884,-1536.03597822375,0.000274522584031394
20020,-0.0653124098426348,-0.490869075316981,0.495195072655212,-6.10447370662866,-1537.57895396004,-0.0652923467554515,-0.491170729389449,0.495491448920965,-6.09927672139386,-1537.57205364116,0.000302320536688452
20040,-0.0777730288162335,-0.48489966708964,0.491097068974041,-6.1766531574086,-1539.11205986959,-0.0777054435948402,-0.48469169936411,0.490881023667385,-6.18047512805087,-1539.10811503474,0.000218674042841722
20060,-0.0897064800874295,-0.477596858149874,0.485948568764543,-6.26819385276714,-1540.63785732881,-0.0898186557489004,-0.477904218294903,0.486271357150102,-6.26242621867181,-1540.6441621028,0.000327190522140702
20080,-0.101802780104945,-0.471011654443504,0.481887730346709,-6.34108262818029,-1542.19610171345,-0.101624589744038,-0.470820214055562,0.48166298508809,-6.34513454266113,-1542.18019454464,0.000261536282101719
20100,-0.112875609722638,-0.463263319090401,0.476816323215672,-6.43297770960351,-1543.69348398916,-0.113116303505934,-0.463451779214932,0.477056442967007,-6.42860468674761,-1543.71621206057,0.00030569709821284
20120,-0.124518762305802,-0.455807188744054,0.472509381363932,-6.51179128873914,-1545.27941792458,-0.12428730942976,-0.455811154155358,0.472452265882733,-6.51284127583305,-1545.25221435206,0.000231486842639194
20140,-0.134790423375075,-0.447857446484401,0.467701561473938,-6.60062360296812,-1546.75007404225,-0.135131576814342,-0.447910710164986,0.467850988385012,-6.59784897385771,-1546.7882011218,0.000345286386630927
20160,-0.145879755240784,-0.439594090366988,0.463167213082587,-6.6852438250461,-1548.35847852922,-0.145643533662051,-0.43976293252833,0.463253144321208,-6.6836324846836,-1548.3241720738,0.000290358932539813
20180,-0.155572154409495,-0.43151124754834,0.458698868527421,-6.76944662281941,-1549.82568457575,-0.155818067847079,-0.431380403639408,0.458659266680284,-6.77019655299544,-1549.86012691349,0.000278556183361298
20200,-0.1657627523662,-0.422571281197527,0.453920453124705,-6.86040496029736,-1551.41867165119,-0.165650527655751,-0.422775786161492,0.454069887437051,-6.85754596522017,-1551.39606534782,0.000233273800332694
20220,-0.174994860073287,-0.414124323062054,0.449579977316243,-6.9438607786155,-1552.90726663014,-0.175136721703468,-0.413961806257285,0.449485537396735,-6.94568555046553,-1552.93198708537,0.000215723049185682
20240,-0.18421250136845,-0.404711245037301,0.444663285554433,-7.03937454793864,-1554.47361410144,-0.184272918233763,-0.404951236913136,0.44490674603996,-7.03462018147797,-1554.46789183645,0.000247479894296189
20260,-0.193037301672211,-0.395936307000303,0.440487183738558,-7.12133446297717,-1555.99137930341,-0.19305584380594,-0.395756881380487,0.440334041368178,-7.1243547756207,-1556.00377931319,0.00018038116245775
20280,-0.201316699390681,-0.38619934645043,0.435520778668822,-7.21982239999485,-1557.53197894122,-0.201482681378578,-0.386391556757512,0.435767949749629,-7.21489429587235,-1557.53964922967,0.000253958308497401
20300,-0.209638882120311,-0.376956101360996,0.431328602401852,-7.30383483645852,-1559.08001397283,-0.209551067797136,-0.376868077733461,0.431208995765897,-7.30624375184667,-1559.07550130203,0.000124336295421616
20320,-0.217031652703186,-0.367084176174137,0.426442880902614,-7.40278262732952,-1560.59290806709,-0.217259090694723,-0.367199240517802,0.426657702059096,-7.39840820083438,-1560.61133524859,0.00025488790316063
20340,-0.224704330205085,-0.357408430462339,0.422176292771714,-7.49012316133006,-1562.15776473965,-0.224605284815944,-0.357397806975892,0.422114589179796,-7.49139274886697,-1562.14715078997,9.96134909257305e-05
20360,-0.231332678631102,-0.347498390122713,0.417456511915335,-7.58777519972313,-1563.6520491042,-0.231588627774571,-0.347476488992286,0.417580175435706,-7.585202551804,-1563.68294764917,0.000256884455653068
20380,-0.238339944005702,-0.33729527361917,0.413006090166322,-7.68087088425084,-1565.24583227744,-0.238208535256569,-0.337447933082425,0.413054976741209,-7.67984281644385,-1565.21872555179,0.000201427830922338
20400,-0.244242763377843,-0.327458431520426,0.408513833102702,-7.77586465590159,-1566.7183039715,-0.244464855680798,-0.327324705272777,0.408539506467788,-7.77531880165916,-1566.75448422607,0.000259244479868681
20420,-0.250364351926963,-0.316949408051638,0.403904983851514,-7.87441575928618,-1568.30587705957,-0.250357864330457,-0.317119276269021,0.404034275295419,-7.87163581955734,-1568.29022340306,0.00016999205918317
20440,-0.2557574835701,-0.307019810605401,0.399591109143192,-7.96768366682937,-1569.79539758974,-0.255888256969062,-0.306844006931202,0.399539791064996,-7.96879923666692,-1569.82594281677,0.000219108680197479
20460,-0.260929634354435,-0.296297566736861,0.394812008604758,-8.0721929259514,-1571.36823439854,-0.26105714295545,-0.296511134074169,0.395056558631814,-8.06681447515092,-1571.36164220431,0.000248735704910817
20480,-0.265792083516973,-0.286277387253597,0.390640722548276,-8.16444970861551,-1572.87493556499,-0.265866037872963,-0.286132756610979,0.390585079720239,-8.16568701404728,-1572.89732130601,0.00016244158812867
20500,-0.270115207749557,-0.275600234352981,0.385898580760547,-8.27053637306528,-1574.42413523903,-0.270316855688611,-0.275720822056196,0.386125852779533,-8.26542239053829,-1574.43297986561,0.000234953794375603
20520,-0.274438062774383,-0.265381994896827,0.381764133353011,-8.36409751772402,-1575.961108785,-0.274411900458628,-0.265287113405404,0.381679372840985,-8.36602620124854,-1575.9686176304,9.8422376420435e-05
20540,-0.27790783282907,-0.254742479756215,0.376996677094236,-8.47324955429248,-1577.49026623235,-0.278153857597393,-0.254843236406421,0.377246131376333,-8.46750410357367,-1577.50423435136,0.000265857272214352
20560,-0.281586525057128,-0.244458199795921,0.372895136119005,-8.56826562697891,-1579.03725071278,-0.281545784727255,-0.244400607237026,0.372826616157582,-8.56986181703983,-1579.0398297834,7.05455690900481e-05
20580,-0.28433061563577,-0.234025419919793,0.368255069423968,-8.67702531834468,-1580.54305795843,-0.284591102127303,-0.23397044060322,0.36842131111826,-8.67310512469516,-1580.57540368544,0.000266225351012852
20600,-0.287253558505993,-0.22354660342825,0.363988586055474,-8.7782446946477,-1582.10921525767,-0.287293582799583,-0.223563738271201,0.36403069621615,-8.77723987453486,-1582.11095582068,4.35378791435541e-05
20620,-0.289424716025733,-0.213268542460146,0.359513751405494,-8.88568986388037,-1583.61459285108,-0.28965734217175,-0.213191278045551,0.3596552472976,-8.88227198095953,-1583.64648595671,0.000245121834143208
20640,-0.291565362047008,-0.202766615757744,0.355140339600349,-8.99199988706773,-1585.18365082894,-0.291686827455505,-0.202863603205129,0.355295435963404,-8.98820742626972,-1585.18199386576,0.000155436194020581
20660,-0.293167307314072,-0.192728976779523,0.350844023133166,-9.0977183514874,-1586.67897300724,-0.293386806680566,-0.192591012407545,0.350951729436375,-9.09505226219598,-1586.71747932487,0.000259256899284183
20680,-0.29462857468837,-0.182250339612823,0.346440735641595,-9.20742095756137,-1588.26003492847,-0.294762357424251,-0.182383550072052,0.346624590430608,-9.20281261146703,-1588.25294211613,0.000188793132471046
20700,-0.295682178803777,-0.172342439393003,0.342242410110261,-9.31332348820565,-1589.76363895082,-0.295818855257061,-0.172250997249948,0.342314477022517,-9.31149466941646,-1589.78838202685,0.000164444879545495
20720,-0.296354097746069,-0.162181684466847,0.337829320852099,-9.42605319762962,-1591.31003334477,-0.296561961924884,-0.162202862990693,0.338021842523695,-9.42110470562939,-1591.32379884982,0.000208940294598623
20740,-0.296916895851583,-0.152329962511859,0.333712541749638,-9.53254942337358,-1592.84040511019,-0.296997613288713,-0.152248376211044,0.333747135355634,-9.53164906563082,-1592.85919238352,0.000114767718185862
20760,-0.296869591361699,-0.142387041241784,0.329250093073414,-9.64948187196961,-1594.37630810107,-0.297132007042917,-0.142396478073673,0.32949079892637,-9.64313417261634,-1594.39456243239,0.000262585307175957
20780,-0.296898233713226,-0.132652850634512,0.325185085702736,-9.75738762229347,-1595.92511416266,-0.296971590233281,-0.132655814880809,0.325253271509104,-9.75556652922723,-1595.92990880704,7.34163863902963e-05
20800,-0.296259517101679,-0.123127559560305,0.320827208005488,-9.8745761627707,-1597.43188249201,-0.296523046596136,-0.1230347314876,0.321034986122822,-9.86895271937142,-1597.46523132455,0.000279400868880645
20820,-0.295696547191634,-0.113546494853368,0.316747935296412,-9.98572414718861,-1598.9933759338,-0.295793283739983,-0.113541265238988,0.316836370415002,-9.98329941009121,-1599.00052980872,9.6877802685268e-05
20840,-0.294542409699229,-0.104263557677618,0.312451789194785,-10.1043396817207,-1600.50680709519,-0.294789420191036,-0.104183140432984,0.312657846546422,-10.0986133534803,-1600.53580409034,0.000259771276891104
20860,-0.293343344297979,-0.0949852030144578,0.308338298684448,-10.2194505645492,-1602.05793575702,-0.293518772324148,-0.0949677633123915,0.308499831078128,-10.2149013886509,-1602.07105400751,0.000176292755307149
20880,-0.291779839832134,-0.086036873436679,0.304200293430537,-10.3368074272777,-1603.57083795214,-0.291988841200502,-0.0859022175861147,0.304362734860601,-10.3321704437539,-1603.60627940592,0.000248623752025244
20900,-0.290027939483437,-0.0769548857745409,0.300063760100384,-10.455729057768,-1605.13978029187,-0.290207299333433,-0.0769932604803283,0.300246962925183,-10.4504275380518,-1605.14148013917,0.00018341912069002
20920,-0.288043342872292,-0.0683411833070934,0.296039667458364,-10.5730018461153,-1606.65279529352,-0.288181977403573,-0.0682473193189141,0.296152914377778,-10.5696797840495,-1606.67665606912,0.000167421568325056
20940,-0.285681394405579,-0.0596956466391227,0.291851724917258,-10.6967547111276,-1608.1973684528,-0.28592085094445,-0.0596704886317145,0.292080982294887,-10.6899343896813,-1608.21180706619,0.000240774498950124
20960,-0.283237718489935,-0.0513225742909947,0.287849981426504,-10.8166758846332,-1609.72946269674,-0.283432027019418,-0.051268527788321,0.288031553622026,-10.8111986605588,-1609.74693300976,0.000201684974852179
20980,-0.280532415224321,-0.0430880167488931,0.283822150613625,-10.9390742696166,-1611.26796735043,-0.280723730910624,-0.0430468591542388,0.284005009074533,-10.9334800022815,-1611.28203378852,0.000195692716838052
21000,-0.277609548583665,-0.0350174616633851,0.279809370976336,-11.0627548965863,-1612.81072240343,-0.277804292840483,-0.0350105667655096,0.280001723040847,-11.0567859228106,-1612.81710930084,0.00019486627512325
21020,-0.274422635632443,-0.0272152242582288,0.275768836852321,-11.1890962532504,-1614.33634413566,-0.274682134745798,-0.0271643955169879,0.276022063488251,-11.1811240349113,-1614.35215945521,0.000264430237999707
21040,-0.271201911228129,-0.0195876918742892,0.271908356485696,-11.31154890306,-1615.86895730942,-0.271365757124428,-0.0195127508587605,0.272066391871157,-11.3065020586622,-1615.88718417062,0.00018017112294269
21060,-0.267618283363419,-0.012126264384472,0.26789287388489,-11.4407767747661,-1617.40560007245,-0.267863725973983,-0.0120596989943424,0.268135063041929,-11.4329278240387,-1617.42218337704,0.000254308918922232
21080,-0.263972971084866,-0.00484613341140492,0.264017451075516,-11.567347322049,-1618.94825669925,-0.264184659841718,-0.00480896757357792,0.264228425164303,-11.5604092735698,-1618.95715701582,0.000214926567177924
21100,-0.260095726938336,0.00216720935387723,0.26010475575807,-11.6970341417338,-1620.47739759974,-0.260337217004363,0.00223605312756642,0.260346819629443,-11.6889544650717,-1620.49210504023,0.000251111364070389
21120,-0.25610040109109,0.00904906032714783,0.256260221126537,-11.8263760687471,-1622.02364914097,-0.256330082796169,0.00907230854889204,0.256490580974619,-11.8185715744629,-1622.02702741589,0.000230855291172977
21140,-0.251984686121988,0.0156196675509158,0.252468326834077,-11.9558619623115,-1623.54703079731,-0.252171957103071,0.0156970777187359,0.252660036804598,-11.9492688986616,-1623.56192412133,0.000202639469100696
21160,-0.247597734308188,0.0220659149193116,0.248579047057017,-12.0907096241867,-1625.09274658843,-0.247871542040261,0.0221079706675535,0.248855507715731,-12.0810548585696,-1625.09679514854,0.000277018699915446
21180,-0.243146420954121,0.0282381413274263,0.244780666410618,-12.2244577438274,-1626.62444714045,-0.243437529830087,0.0283029253928679,0.24507730722278,-12.2139380021463,-1626.63164050347,0.000298230368676923
21200,-0.238649920118539,0.0341891417477898,0.241086461225087,-12.3565435552324,-1628.15275772532,-0.238878590896533,0.0342802043867433,0.241325741688511,-12.3479270075757,-1628.16646020671,0.000246135590521543
21220,-0.233931303085612,0.0399558500165275,0.237319035296109,-12.4933485148349,-1629.69267982695,-0.23420336219206,0.0400383907375882,0.237601110256079,-12.4830306865305,-1629.701254294,0.000284304639488173
21240,-0.229201300767577,0.0455330741111551,0.233680331032719,-12.627556816207,-1631.23607653868,-0.229420435771978,0.0455763838185955,0.233903704784222,-12.6192579875363,-1631.23602281698,0.000223373859062398
21260,-0.224294661807221,0.0508444076414299,0.229985323670062,-12.7659975450806,-1632.77228349803,-0.224538347630878,0.0508933945757441,0.230233809785286,-12.7566179994413,-1632.77076584378,0.000248560858513624
21280,-0.219391938965014,0.055922700220512,0.226407091944536,-12.9021994698044,-1634.30009716006,-0.219565566815119,0.0559889404287261,0.226591702366119,-12.8951199549942,-1634.30548345974,0.000185834322761179
21300,-0.214238927619257,0.0607285872601678,0.222679768766866,-13.0463847668211,-1635.82601604923,-0.214510484824618,0.0608628397987077,0.222977652171817,-13.0347732345357,-1635.84017576819,0.000302930783989114
21320,-0.209165045415615,0.0654394951149093,0.21916282473223,-13.1846622138691,-1637.37284378687,-0.20938140531663,0.0655152062772464,0.219391921332389,-13.1755873698078,-1637.37484289113,0.000229224315616969
21340,-0.203973804842962,0.069808939794514,0.215588963394115,-13.3274695134648,-1638.89323567171,-0.20418653412345,0.0699464424511323,0.215834764412307,-13.3175720478858,-1638.90948497011,0.000253299678945352
21360,-0.198694332660037,0.0741519106899854,0.212080040763371,-13.4700040360061,-1640.46536821008,-0.198933969595343,0.0741572333983104,0.212306428362997,-13.4607371152377,-1640.44410216705,0.000239696040823788
21380,-0.193428883279382,0.0780433118658669,0.20857970038741,-13.6145592143277,-1641.97274028966,-0.193631693279291,0.078148539870389,0.20880715247826,-13.6050925819167,-1641.97869466508,0.000228483760908633
21400,-0.188028120109077,0.0818615826271823,0.205075334114029,-13.7617314442527,-1643.52680771256,-0.188287560943395,0.0819215911775941,0.205337168352643,-13.7506486258933,-1643.51326266949,0.000266290391554522
21420,-0.182698759175693,0.0853993551494095,0.201672721170397,-13.9070568345911,-1645.05291942064,-0.182909293956133,0.085477877792305,0.201896699842784,-13.8974155975296,-1645.04780640872,0.00022470135563088
21440,-0.177214688760941,0.0887570383183359,0.198199035728431,-14.0579692552228,-1646.60375646789,-0.177504471028844,0.0888191436875811,0.198485963031709,-14.0454040242065,-1646.58232613531,0.000296362682671471
21460,-0.171943467833943,0.0918813269484997,0.194953159432155,-14.2013944439049,-1648.11868312936,-0.172080520329172,0.0919473784273261,0.195105166196122,-14.1946246151067,-1648.11682212697,0.000152138700874467
21480,-0.166388144165178,0.0948181625635242,0.191508481458798,-14.3562397478301,-1649.67714128015,-0.16664471197239,0.0948648090249284,0.191754509776686,-14.3450882661614,-1649.65129468773,0.000260773718114644
21500,-0.161034085843474,0.0975783385056622,0.188291021955294,-14.5034077481777,-1651.2136985214,-0.161204150896803,0.0975738915873904,0.188434186351275,-14.4968060651682,-1651.18574414906,0.000170123183152315
21520,-0.15555796352323,0.0999443692916105,0.184897693248435,-14.6613701397938,-1652.72032190708,-0.155765770128711,0.100077302762092,0.185144380611257,-14.6497892970878,-1652.72017087107,0.000246687844969678
21540,-0.150089670315273,0.102358583286518,0.181670549918721,-14.814309383879,-1654.29331772477,-0.150336324441595,0.10237793100343,0.181885269340735,-14.8040494495261,-1654.25457524385,0.000247411786666563
21560,-0.144669500716531,0.104330403423288,0.178365068093605,-14.9738039206832,-1655.79777731601,-0.144922384413525,0.104478867676665,0.178657021398823,-14.9595982184117,-1655.78895768873,0.000293243582599922
21580,-0.139235871137488,0.106379586115797,0.175223412116028,-15.1281573385301,-1657.3807059301,-0.139530330885975,0.106383398016316,0.175459797704909,-15.1164475138763,-1657.32331865974,0.000294484420750373
21600,-0.133999845228838,0.107982123392117,0.172093281372699,-15.2847216892907,-1658.86317583707,-0.134166349826524,0.108094991956461,0.172293751226911,-15.274609466348,-1658.85765864505,0.000201154403053142
21620,-0.128589272537386,0.109613895680507,0.168968657265042,-15.4438769419555,-1660.44540906103,-0.128836427597157,0.10961729485031,0.169159026972543,-15.4340964328663,-1660.39197816855,0.000247178433375932
21640,-0.123375111197114,0.110847111306081,0.165856866447558,-15.6053308810141,-1661.93830005647,-0.123546346629184,0.11095411809627,0.166055761983556,-15.5949210036308,-1661.92627779144,0.000201920841773792
21660,-0.117978049386757,0.112030756295374,0.162695145880931,-15.7725080867545,-1663.5188441672,-0.118301681505036,0.112109429687751,0.162984085332991,-15.7570960087918,-1663.46055811394,0.000333057428456172
21680,-0.112894880491332,0.113075973829426,0.159785574751368,-15.9292486166686,-1665.04591690278,-0.113107795446481,0.113087344703737,0.159944118125377,-15.9206345254969,-1664.9948197771,0.000213218373759174
21700,-0.10773823236758,0.113761044519893,0.156681530385517,-16.0996439027158,-1666.55755230231,-0.107969837208136,0.113892115757065,0.156935973499934,-16.0855498852039,-1666.5290634647,0.000266121159216023
21720,-0.10271772483586,0.114513806306819,0.153832190487982,-16.2590555158575,-1668.10821612861,-0.102892738374396,0.114528123417154,0.153959756636716,-16.2518556812729,-1668.06328990519,0.000175598172881375
21740,-0.0976538514852055,0.114916327244847,0.150804631816597,-16.431706386633,-1669.64270831122,-0.0978812110572569,0.114999866623706,0.151015564765707,-16.4195657768525,-1669.59749987377,0.00024222139216775
21760,-0.0927668236641866,0.115310235250121,0.147993695562279,-16.5951356976185,-1671.18340106519,-0.092939745991847,0.115311953107696,0.148103487178866,-16.5886943130722,-1671.13169419466,0.000172930860282704
21780,-0.087858474895021,0.115359315455581,0.145006493900305,-16.7722509619327,-1672.70684364725,-0.0880726110257814,0.115469089835682,0.145223605245082,-16.7592557175578,-1672.66587374333,0.000240633948194485
21800,-0.083036925071446,0.115478230858202,0.142233444475838,-16.9399654499714,-1674.28122322435,-0.0832838499978589,0.115476073493192,0.142375992428046,-16.9312647132845,-1674.20003944893,0.00024693435060324
21820,-0.0784579262136564,0.115249379972719,0.139420463956493,-17.1134695274701,-1675.75427453222,-0.0785772820009793,0.115337781022622,0.139560714307013,-17.104736327786,-1675.73419229693,0.000148527942123246
21840,-0.0737291160290081,0.115042933566157,0.13664135213736,-17.2883569812734,-1677.34486051932,-0.0739565010235449,0.11505916023075,0.136777828600438,-17.2796859027358,-1677.26833333173,0.000227963243493938
21860,-0.0692864182774427,0.114608224417817,0.133924056322684,-17.4628281028049,-1678.84493417455,-0.069424875963052,0.114645220480602,0.134027385192471,-17.4561291039205,-1678.80246365955,0.000143315174932318
21880,-0.064715681781022,0.11407341934787,0.131152066205979,-17.6444972604834,-1680.43306218735,-0.0649855510049726,0.114101023482032,0.131309426162279,-17.6340819316264,-1680.33658445141,0.000271277323524333
21900,-0.0604924296588226,0.113400082288309,0.128525922323175,-17.8201854176211,-1681.92264117595,-0.0606414463595228,0.11343167419495,0.128623985816192,-17.8135607314579,-1681.8706969463,0.000152328676396597
21920,-0.0561987950913748,0.112563074154955,0.125812361208811,-18.0055337372678,-1683.4686519563,-0.0563952593483478,0.11264231185874,0.12597109072263,-17.9945822056131,-1683.40480245452,0.000211841492557676
21940,-0.0521162947755045,0.111797754957467,0.123348474634496,-18.1773243352266,-1685.00667448584,-0.0522494658326954,0.111738101160933,0.1233507597498,-18.1771634246394,-1684.9389023612,0.000145921574533183
21960,-0.0480370495447544,0.110651476236877,0.120628799721979,-18.370979869266,-1686.53292196083,-0.0482063219741237,0.110724223557748,0.120763004106138,-18.3613218396944,-1686.47299813,0.000184242579331011
21980,-0.0441323834621278,0.109623727169886,0.11817372308879,-18.5495816342752,-1688.07124177278,-0.0442678663183716,0.109605868758635,0.118207827383454,-18.5470752953406,-1688.00709130707,0.000136654773748924
22000,-0.0402274423514203,0.108329329278994,0.115557304832596,-18.7440519170312,-1689.62782494642,-0.0404359221925708,0.108388226386455,0.115685225602775,-18.7344420429009,-1689.5411835252,0.00021663959341125
22020,-0.0365199696599249,0.107134176484573,0.113187631634333,-18.924020545363,-1691.17674894209,-0.0367121004055675,0.107076477824406,0.113195187262838,-18.9234407544081,-1691.07527650817,0.000200607474452627
22040,-0.0329371465703496,0.105597794687477,0.110615323834699,-19.1236940979033,-1692.6767090756,-0.0330978022407628,0.105675788260311,0.110737693391215,-19.1140905371789,-1692.60937207546,0.000178586790774862
22060,-0.0293804134860478,0.104182241564248,0.108245776610279,-19.3117807873686,-1694.25102776989,-0.0295942227304752,0.104191298938286,0.108312717598019,-19.3064109490492,-1694.14347214711,0.000214001002397389
22080,-0.0260926255093011,0.102673983127801,0.105937585007855,-19.4989986324859,-1695.74121662624,-0.026202354200581,0.102628119627338,0.105920226132198,-19.5004220143072,-1695.67757874894,0.000118927904062435
22100,-0.0226832765172932,0.101018728497033,0.103534122591141,-19.6983298523112,-1697.34441821861,-0.0229229900737907,0.100991321315796,0.103560177940334,-19.6961442403635,-1697.21169401811,0.000241275242725093
22120,-0.019648039051046,0.0993742415742259,0.101298002581512,-19.8879823615762,-1698.81586334837,-0.0197567289197116,0.0992859291399698,0.101232524727945,-19.8935986352036,-1698.74582020887,0.000140044898496119
22140,-0.016497100062175,0.0975066471011557,0.0988923684586972,-20.0967444338111,-1700.3970950415,-0.0167039787395749,0.0975169155548352,0.0989372110232598,-20.0928067256628,-1700.27995969883,0.000207133358741925
22160,-0.0135941880906246,0.095761441105366,0.0967215361355462,-20.289536292182,-1701.92034063089,-0.0137649614732605,0.0956891937539395,0.0966741742433796,-20.2937905765798,-1701.81411499551,0.000185427150129179
22180,-0.010756811975251,0.0938129403587543,0.0944276272212009,-20.4980184626966,-1703.45889787673,-0.0109397177161063,0.0938076113451824,0.0944433447628623,-20.4965728108727,-1703.34828874329,0.000182983355591359
22200,-0.00804031467058794,0.0919879991826514,0.0923387169806336,-20.6923232827459,-1705.00469314849,-0.00822811163276377,0.0918769442884716,0.0922446459846214,-20.7011766306004,-1704.88248373086,0.000218176278554197
22220,-0.00549284727453059,0.0898508285624008,0.0900185689984642,-20.9133579041584,-1706.50169296546,-0.00562983605526705,0.0899018911007188,0.0900779944131456,-20.9076258390643,-1706.41670289904,0.000146196131505383
22240,-0.00296414124415513,0.0879178611289261,0.0879678147892764,-21.1135239243098,-1708.06901037467,-0.00314441775233762,0.0878870673330009,0.0879432997299774,-21.1159448640156,-1707.95094934916,0.000182887608300714
22260,-0.000599724343457332,0.0858690021612302,0.0858710964262917,-21.3230598374376,-1709.59984261845,-0.000771222856875484,0.0858370003241302,0.0858404648714096,-21.3261587820394,-1709.48522635197,0.000174458756393628
22280,0.00172825031542469,0.0838216137246768,0.0838394285319365,-21.5310338119475,-1711.18116815613,0.00149053756147732,0.0837561242342921,0.0837693861083651,-21.5382933441845,-1711.01953735709,0.000246568908705228
22300,0.00378437471423479,0.0817215980970156,0.0818091748369819,-21.7439597560035,-1712.6513664821,0.00364180179185415,0.081648775361792,0.0817299531284065,-21.7523750029235,-1712.55388600309,0.000160094312708476
22320,0.00589597253471526,0.0795500959654175,0.0797682910700565,-21.9633942406589,-1714.23881081076,0.00568365165891284,0.0795191877453928,0.0797220491198445,-21.9684309405238,-1714.08827612821,0.000214558785340054
22340,0.00777059954209923,0.0774620916934986,0.0778508694028247,-22.1747306613415,-1715.72845459618,0.0076173065939593,0.0773714890541002,0.0777455508578795,-22.1864890989252,-1715.62271178186,0.000178066184929629
22360,0.00967896648076893,0.0752478820978412,0.0758678202688495,-22.3988478663157,-1717.32958167622,0.00944411761354174,0.0752096967657124,0.0758003287927488,-22.4065782112199,-1717.15719723679,0.000237932994827708
22380,0.0113516380778354,0.0730777155621932,0.0739541222572412,-22.6207522619621,-1718.82956088022,0.0111655612185321,0.0730377146348538,0.0738862471398238,-22.6287278348437,-1718.69173700211,0.00019032780079693
22400,0.0129723233760558,0.070872291532806,0.0720497250576572,-22.8473534423628,-1720.37248654286,0.0127832332266424,0.070859329450648,0.0720031639716076,-22.8529683865915,-1720.22633583728,0.000189533902453032
22420,0.0145061765159853,0.0687664973742405,0.070279871358977,-23.063380842265,-1721.91180850146,0.0142988425511761,0.0686782080836424,0.0701509313115899,-23.0793311795835,-1721.76099876694,0.000225349443748697
22440,0.0159148933456516,0.0665447977736036,0.0684214435753387,-23.2961553436826,-1723.45024955434,0.0157142049387046,0.0664978948210328,0.0683293952299064,-23.3078484623139,-1723.29573109685,0.000206096394055831
22460,0.017204713026268,0.064441643963423,0.0666987828001741,-23.5176418308118,-1724.94824548932,0.0170312366781596,0.0643218089887107,0.0665383959407474,-23.5385534599297,-1724.83053843092,0.000210842274028037
22480,0.0184093880313983,0.062222467388184,0.0648886817215777,-23.7566209775616,-1726.4815888889,0.0182519482936917,0.0621532428581399,0.0647777679014839,-23.7714804178938,-1726.3654266895,0.000171986355763899
22500,0.0195955462320997,0.0600497837434251,0.0631661456776213,-23.9903124485016,-1728.07262709998,0.0193784382333866,0.0599953598355244,0.0630473399134272,-24.0066646482069,-1727.90040212891,0.000223825478568494
22520,0.0205628515974115,0.057939710435989,0.0614804107925721,-24.225264786897,-1729.53981632019,0.0204128865657493,0.0578511929302881,0.0613469352242112,-24.244142578368,-1729.43547136245,0.000174140344368963
22540,0.0215903778532924,0.0558121220160712,0.0598426050551341,-24.4597901824025,-1731.14847866196,0.0213575486955801,0.0557236434993308,0.0596763716316985,-24.4839518032798,-1730.97064138296,0.000249074014312204
22560,0.0223773674015607,0.0536999318600475,0.0581758476826782,-24.7051455974461,-1732.62204299448,0.0222147491106291,0.053615480263142,0.0580354615894073,-24.7261311403104,-1732.50591958699,0.00018323968119754
22580,0.0232001992990131,0.0515400262382595,0.0565210009833018,-24.9558031085591,-1734.23438959309,0.0229868751701072,0.0515293385893072,0.0564240123133543,-24.9707206877561,-1734.04131380092,0.000213591689476865
22600,0.0238755146167529,0.049574679804503,0.0550244407144115,-25.1888872611368,-1735.71579341894,0.0236763709458398,0.0494677200385985,0.0548418258903017,-25.2177618869569,-1735.57683230893,0.00022604997940078
22620,0.0244461489018919,0.0475082270945472,0.0534288857997296,-25.4444776490668,-1737.22883934331,0.0242857311265355,0.0474329921683576,0.0532886993873359,-25.4672975883498,-1737.11248388325,0.00017718396306963
22640,0.0249503860476694,0.0455259007047978,0.0519146356908227,-25.6942037857229,-1738.72486327013,0.0248174949952812,0.0454273885874913,0.0517644249627072,-25.7193721217692,-1738.64827781673,0.000165422698143407
22660,0.0254225456892008,0.043493423548114,0.0503784053067893,-25.9551116781726,-1740.30691392344,0.0252742404900612,0.043453009257066,0.0502687899779189,-25.9740313713237,-1740.18422395795,0.000153713197262757
22680,0.0258895146145037,0.0416054363434351,0.049002849920206,-26.1955732285615,-1741.89246711588,0.0256585783566937,0.0415118210300323,0.0488015771109503,-26.2313228552263,-1741.72033274926,0.000249189450167469
22700,0.0261215919519846,0.0396853788309892,0.047510702573895,-26.4641709463582,-1743.3535930495,0.0259731464032419,0.0396056584233794,0.0473625644706201,-26.4912958109701,-1743.2566152678,0.000168497549925857
22720,0.0264301231122127,0.0378425740439923,0.0461585508654871,-26.7149566837889,-1744.93133302614,0.0262206038645263,0.037736224615591,0.0459515257119798,-26.7540012863002,-1744.79308326999,0.00023496492519607
22740,0.0265867310013553,0.0359651791570341,0.0447252543551849,-26.9889436178997,-1746.47312080845,0.0264036258850065,0.0359050926620467,0.0445682301527169,-27.0194922364592,-1746.3297492397,0.000192711884721737
22760,0.0267332178061597,0.0341725646569142,0.0433869693514373,-27.2528136993819,-1748.03609336787,0.0265248981278561,0.0341137069207031,0.0432124428905006,-27.2878236282418,-1747.86662644048,0.000216474759453337
22780,0.0267716809911741,0.0324444856680596,0.0420638509097553,-27.5218194107876,-1749.52786408168,0.0265871115176511,0.0323633846800993,0.0418839249211926,-27.5590525514465,-1749.40372897241,0.000201601738099471
22800,0.0267459232423711,0.0307065565877435,0.0407214565992316,-27.8035339151477,-1751.05640845019,0.0265929571236784,0.0306553179815647,0.0405824332579091,-27.8332383383641,-1750.94107183371,0.000161319646140979
22820,0.0267512570372135,0.0290907127077954,0.0395208719402615,-28.0634696447111,-1752.60104094078,0.0265451211904079,0.028990575627197,0.0393077210508275,-28.1104426920239,-1752.47867098798,0.000229171163650765
22840,0.0266626637813333,0.0274682205139734,0.0382805535242202,-28.3404358218869,-1754.14740734837,0.0264462803212579,0.0273701053650603,0.038059537707716,-28.3907298239791,-1754.01654343742,0.000237588687105295
22860,0.026520532288937,0.0259059821894503,0.0370736907535339,-28.618683540209,-1755.67159746776,0.0262990968213475,0.0257947362428318,0.0368376290151235,-28.6741666025034,-1755.5547073027,0.000247809053397291
22880,0.0262657131394212,0.0243497564410336,0.0358161740762469,-28.9184161566279,-1757.16779271303,0.0261062142044258,0.0242651811209764,0.0356417372601442,-28.9608227121722,-1757.09318191031,0.000180535024378767
22900,0.0260781247950329,0.0228873494429477,0.0346972528789947,-29.194098173763,-1758.72833825144,0.0258702528688129,0.0227820393364204,0.0344716013527444,-29.25077082589,-1758.63198788803,0.000233025655770352
22920,0.0257772565343184,0.0214553133061876,0.0335379996944172,-29.4892568713206,-1760.22820239084,0.0255938059466395,0.0213457995075485,0.0333269569485529,-29.5440867905673,-1760.17114726964,0.000213652498726517
22940,0.0255069408731973,0.0200127187641483,0.0324208720586241,-29.7835061530106,-1761.88230683146,0.0252794353302869,0.0199568424712952,0.0322075365720859,-29.8408498277683,-1761.71068360974,0.000234266796960131
22960,0.0250836567488061,0.0187283498781337,0.0313040081307445,-30.0880010461183,-1763.25367370804,0.0249296678794524,0.0186154443430012,0.0311130697403386,-30.1411427508123,-1763.25062210994,0.000190945625109364
22980,0.0247599592864102,0.0173888745956584,0.0302560497019724,-30.3837555015549,-1764.91970162873,0.0245469918117999,0.0173217796896817,0.0300432830866808,-30.4450521999885,-1764.79098975773,0.000223286523663905
23000,0.0243753870628532,0.0161875601336608,0.0292608372666402,-30.6742650234901,-1766.4120825618,0.024133853279749,0.0160759248073091,0.0289979004850128,-30.7526688977321,-1766.33181547956,0.000266084600212595
23020,0.0239130250213185,0.0149893144953131,0.0282225497556406,-30.9880750527517,-1767.91942974268,0.0236926531354685,0.0148778610927286,0.0279766431741221,-31.0640879258426,-1767.87313030987,0.000246952685793725
23040,0.0234604745854402,0.0138148390126354,0.0272257900660223,-31.3003901716933,-1769.50804479962,0.0232257438857165,0.013727478500805,0.0269792298821698,-31.3794090270833,-1769.41496757794,0.000250460297093295
23060,0.022941847796031,0.0127307554464498,0.0262373877231245,-31.6215881373814,-1770.9734869638,0.0227354268377585,0.0126245790774831,0.0260053769512901,-31.6987369337809,-1770.95736311504,0.000232127192162159
23080,0.0224436788420018,0.0116607893317268,0.0252921475521916,-31.940285864303,-1772.54551359394,0.0222239494370969,0.0115688805594339,0.0250547984621926,-32.0221817264083,-1772.50035548418,0.000238176896033695
23100,0.0219227497987706,0.0105839199944412,0.0243439175398748,-32.2721906346524,-1774.22956271411,0.0216935027974126,0.0105600200310973,0.0241272063587669,-32.3498592254877,-1774.04398623572,0.000230489470213853
23120,0.0213300216337458,0.009724493644739,0.0234421756571918,-32.6000416823752,-1775.49145345977,0.0211462194226317,0.00959755762997304,0.0232223105726097,-32.6818914206214,-1775.58830019209,0.000223374136047815
23140,0.0207632446602706,0.0087639304576932,0.0225370540641305,-32.9420570695314,-1777.11594258039,0.0205841711206549,0.00868098029114521,0.022339819147425,-33.0184069409644,-1777.13334576567,0.000197352635454479
23160,0.020244750369371,0.00786964997930307,0.0217205273489133,-33.2625926958969,-1778.75762843712,0.0200093671078767,0.00780970552214219,0.021479438363243,-33.3595415720505,-1778.67917531442,0.000242896310667744
23180,0.0196343129334448,0.00702245849858393,0.020852365998437,-33.6168932197818,-1780.31977225781,0.019423752303263,0.00698308519939154,0.020640872860431,-33.7054388245658,-1780.2258455406,0.000214210260426143
23200,0.0190629033038303,0.00623472556934043,0.0200565721222789,-33.9548658087543,-1781.88911594291,0.0188292058103253,0.00620040937766659,0.0198238257634152,-34.0562505614908,-1781.77341793887,0.000236203555183937
23220,0.0184406814598991,0.00557716221624719,0.0192656033150224,-34.3043477244212,-1783.17269031821,0.0182275395850157,0.00546091010411006,0.0190279988040909,-34.4121376909506,-1783.32195930103,0.000242783880035634
23240,0.0178623255794977,0.00479225451858944,0.0184940092591877,-34.6593785854769,-1784.98186897758,0.017620497287183,0.00476376522862122,0.018253092444872,-34.7732709332256,-1784.87154228594,0.000243500641902121
23260,0.017246292764503,0.00413006537279361,0.0177339238213797,-35.0239032288337,-1786.5326825536,0.0170097533128926,0.00410810220257258,0.0174988060013317,-35.1398316716726,-1786.42224606474,0.000237556925839447
23280,0.0166462093370173,0.00353824419372145,0.0170180920571669,-35.3817826282616,-1788.00005541704,0.016396912004585,0.00349300185805003,0.0167648377643938,-35.5120128988272,-1787.97415705331,0.000253369352714331
23300,0.0159824552021533,0.00298198100929602,0.0162582620543722,-35.7785176133828,-1789.43136337072,0.0157835070357498,0.00291750216006547,0.0160508851220594,-35.8900202707559,-1789.52736974597,0.000209136067940031
23320,0.0154130747158683,0.00247404755137478,0.0156103742262447,-36.1317337101227,-1790.88088986244,0.0151710009664476,0.00238060192438015,0.0153566446806038,-36.2740732848933,-1791.0819876673,0.000259483689974978
23340,0.0147488992198805,0.00191197820201092,0.0148723128276391,-36.5524297618068,-1792.61363646267,0.0145607849657727,0.00188126449389714,0.0146818123852429,-36.6644065991264,-1792.63812446203,0.00019060510083584
23360,0.0142130416748508,0.0014866319248556,0.0142905782993917,-36.8990039236167,-1794.02878467303,0.0139541786970474,0.00141842136678823,0.0140260836402359,-37.0612715129589,-1794.1959051472,0.000267698938191926
23380,0.0135757963957733,0.00100198013765479,0.013612722430717,-37.3211002168721,-1795.77886059272,0.0133524303612882,0.000990975769829336,0.0133891534284077,-37.4649376352551,-1795.75546755528,0.000223636941207926
23400,0.0129961634082801,0.000687249218064836,0.0130143219117421,-37.7115691022443,-1796.97296533922,0.0127567168942517,0.000597806170693682,0.0127707164300914,-37.8756947674838,-1797.31696400355,0.000255606517529177
23420,0.0123842517464119,0.000281367206703781,0.0123874476315146,-38.1403633700403,-1798.69847764881,0.0121681443121194,0.000237769723240576,0.0121704671414804,-38.2938550367568,-1798.88056323197,0.000220461252198265
23440,0.0118082178558013,-3.3996305615e-05,0.0118082667940244,-38.5562768606516,-1800.16495625951,0.0115877482006986,-9.02943598674527e-05,0.0115880999924154,-38.7197553194744,-1800.44645266183,0.000227544148977021
23460,0.0112254364587957,-0.000358563425358364,0.0112311616238244,-38.9915064585164,-1801.82952246678,0.0110164943428092,-0.000387561512559786,0.0110233094636395,-39.153760004382,-1802.01484103859,0.000210944772142575
23480,0.0106818238057422,-0.000598394013560894,0.01069857164356,-39.4134840140115,-1803.20634887331,0.0104552794783294,-0.000655218603826987,0.0104757902035492,-39.5962641536823,-1803.58596153799,0.000233562339305434
23500,0.0101282096401066,-0.000840677742114112,0.0101630393869174,-39.8595278261461,-1804.74487847117,0.00990493219126023,-0.00089446081398082,0.00994523714454364,-40.0476971329653,-1805.16007543275,0.000229663749823014
23520,0.00958495112229413,-0.00108318822902959,0.00964596209593817,-40.3130889796475,-1806.4475988459,0.00936621391796326,-0.00110648860311635,0.00943134561904478,-40.5085267958694,-1806.73747644217,0.000219974707616732
23540,0.00906222860059757,-0.00124330439663217,0.009147119384384,-40.7743130529535,-1807.81199897124,0.00883982007066119,-0.00129250477586374,0.00893381147536118,-40.979264328249,-1808.31849591768,0.000227785494500842
23560,0.00854762074618543,-0.00140958077182463,0.00866306749211371,-41.2465660418401,-1809.36431700768,0.00832638127011605,-0.00145371164618548,0.00845233119355806,-41.4604698804857,-1809.90350905845,0.000225597960636416
23580,0.00802787704600727,-0.00156863194139209,0.00817969535088966,-41.7452574226405,-1811.05618138605,0.00782646468136357,-0.00159130830564957,0.00798660200161875,-41.9527591467268,-1811.49294240412,0.000202684873947966
23600,0.00754155895674227,-0.00165605659369282,0.00772124568573834,-42.2462525663421,-1812.38505085929,0.00734057544625136,-0.00170648799829183,0.00753632199222024,-42.4568110884409,-1813.08728292201,0.000207214135760759
23620,0.0070551377473541,-0.00173642640754797,0.00726568271416875,-42.774471426175,-1813.82694429584,0.00686915820651399,-0.00180043560482375,0.00710119024060302,-42.9733770492715,-1814.68708909958,0.000196686468642319
23640,0.00664492967069779,-0.00185371336181314,0.00689864795132237,-43.2247203441444,-1815.58732621959,0.00641259871102725,-0.00187432523865621,0.00668090692413328,-43.5032915726101,-1816.29300457832,0.000233243487129709
23660,0.00616074504999512,-0.00193540727385224,0.00645759869353303,-43.7985789528668,-1817.4401893255,0.00597122550089342,-0.00192931795584736,0.00627517344439776,-44.0474853175636,-1817.90577503595,0.000189617349642583
23680,0.00570137323205188,-0.00194113692827472,0.00602276259746884,-44.4040851063087,-1818.8020817609,0.00554531166594977,-0.00196655958077466,0.00588369255291736,-44.6070005804128,-1819.52626925717,0.000158118701216457
23700,0.00532671680489819,-0.00197627108744889,0.00568151030366673,-44.9107240274687,-1820.35541308295,0.00513507666636177,-0.00198717864901362,0.00550616848203075,-45.1830100771728,-1821.15550565791,0.000191950299811029
23720,0.00494660385584154,-0.00201109076949485,0.00533979173655432,-45.4495136213354,-1822.12468735998,0.00474068821288001,-0.00199228446857954,0.00514230708296215,-45.7768398434244,-1822.79468598409,0.000206772650440956
23740,0.00452298738351397,-0.00193761802208619,0.00492054656221641,-46.1597330837953,-1823.18997331781,0.00436226419947848,-0.00198296530038,0.0047918159739876,-46.3899973808906,-1824.44523855497,0.000166997956679608
23760,0.00417451220600437,-0.00189226598447656,0.00458336368992103,-46.7763136023918,-1824.38432684486,0.00399987468205175,-0.0019602866584337,0.00445440470269055,-47.0242065580702,-1826.10887436035,0.000187416853185314
23780,0.00379808000730289,-0.00192976822475519,0.00426021327437357,-47.4113731749171,-1826.93468926613,0.00365354389695353,-0.00192528973006558,0.0041297849280153,-47.6814513010526,-1827.78766069815,0.00014460547745369
23800,0.00356085043182365,-0.00183599861738263,0.00400631335779537,-47.9451016987567,-1827.27593860365,0.00332325231321182,-0.00187898991605717,0.00381767063035986,-48.3640308618936,-1829.4841190979,0.000241456243923424
23820,0.00321373259163802,-0.00179391159502419,0.0036805157221942,-48.6818264547338,-1829.17033723007,0.00300893871236521,-0.00182237549037442,0.00351777836179135,-49.074630536248,-1831.20135740764,0.000206762487715046
23840,0.00286774236109494,-0.00174884423644581,0.00335892875973399,-49.4759841421754,-1831.37622150021,0.0027105022899252,-0.0017564063788743,0.00322982755444313,-49.8164132942637,-1832.94325079028,0.000157421809097639
23860,0.00262936965039176,-0.00165781661633694,0.0031083662415816,-50.1493563268486,-1832.23141650349,0.00242780477262037,-0.00168201305607432,0.00295354091469252,-50.5931401717488,-1834.71469411349,0.000203011988924202
23880,0.0023147740133309,-0.00153463313394595,0.00277727881002193,-51.1276103878832,-1833.54331146873,0.00216067254567588,-0.00160009555882064,0.00268864494624988,-51.4093309102788,-1836.52196083601,0.000167429362430567
23900,0.00207627124456432,-0.00144252313504857,0.00252819605176399,-51.9437850247402,-1834.79026777097,0.00190889878452921,-0.00151152261546218,0.00243487067143837,-52.2704820292111,-1838.37322466038,0.000181037202462792
23920,0.00184044531585995,-0.00135090315259431,0.00228301955496663,-52.829807371792,-1836.27899863871,0.00167224558551316,-0.0014171308888186,0.00219195466520456,-53.1833686465919,-1840.27933687379,0.000180768532477661
23940,0.00160242299054318,-0.00125839510632904,0.00203747826595874,-53.8181403047613,-1838.14281997493,0.00145044609020836,-0.0013177243310865,0.00195964059800211,-54.1564714363078,-1842.25501809734,0.000163146974062354
23960,0.00144507942293641,-0.00119759881556095,0.00187683176167371,-54.5314931117863,-1839.64998812985,0.00124320659832401,-0.00121407364853186,0.0017376816365997,-55.2005957675624,-1844.32074623168,0.000202543964211257
23980,0.00120765007288252,-0.00110493186464205,0.00163685464352658,-55.7197977045793,-1842.45675863495,0.00105020866413682,-0.00110691587363284,0.00152584435298244,-56.3297953051903,-1846.50586374142,0.00015745390906391
24000,0.0010013087347035,-0.000934569194832555,0.00136968564354143,-57.2675819260811,-1843.02550561498,0.000871111171700124,-0.000996954042122107,0.00132391541858397,-57.5627951984645,-1848.85392756095,0.000144372000690435
24020,0.000843466987810328,-0.000872645710519034,0.00121365031850739,-58.3181285159316,-1845.97409487589,0.000705552384230171,-0.000884856972196989,0.00113171375715704,-58.9252680955893,-1851.43243084738,0.00013845415411767
24040,0.000715763748506801,-0.000732723442149195,0.00102430531891203,-59.7914114423075,-1845.6708201999,0.000553151963271897,-0.000771259142964926,0.000949114197596131,-60.4536306007257,-1854.35166850372,0.000167115507762272
24060,0.000588682701188231,-0.000592045863181396,0.00083490456148501,-61.5672633236053,-1845.16319963175,0.000413512953432874,-0.000656760669041573,0.000776097635002655,-62.2016727996913,-1857.80445494599,0.000186741657447383
24080,0.00043028321454103,-0.000530839233726066,0.000683325644754124,-63.3074456038043,-1850.97275694869,0.000286223728712686,-0.000541927368044369,0.000612869721159147,-64.2526366889092,-1862.15882982935,0.000144485577757047
24100,0.000303225978790485,-0.000390465808068408,0.000494377933856237,-66.1188184371202,-1852.16798072248,0.00017085989664308,-0.000427290917592749,0.000460185432774808,-66.7413426618764,-1868.20511853536,0.000137393116255995
24120,0.000254651199710006,-0.000280692297632858,0.000378992611358267,-68.4273851345495,-1847.78488456289,6.69861566793534e-05,-0.00031334909828436,0.000320429091348293,-69.8853612351208,-1877.93323114283,0.000190485261908864
24140,0.000127414394213248,-0.000140398110059839,0.000189594454457676,-74.4434873941418,-1847.7755616563,-2.5841890487235e-05,-0.000200566118978053,0.000202224062331545,-73.8833433926982,-1897.34181135633,0.000164644095239938
24160,7.90043157903053e-05,-3.06680389476912e-05,8.4747923434096e-05,-81.4374186889666,-1821.21530691078,-0.000108075985808079,-8.93730206620509e-05,0.000140242488321648,-77.0624078232291,-1940.41108394765,0.000196074766668804
24180,-7.90409845334681e-05,3.06918285404198e-05,8.47907163265794e-05,-81.4330339145007,-1641.22132623,-0.000180173509828817,1.98318449924496e-05,0.000181261677471658,-74.8338801036205,-1986.28130732794,0.000101713946513133
24200,-0.000127370578218177,0.000140328875257744,0.000189513739414155,-74.447185979306,-1667.77130430489,-0.000242595838369868,0.000126682266301342,0.000273680721625808,-71.2551158739684,-2007.57332591287,0.000116030558531077
24220,-0.000175707921609613,0.000250138501616466,0.000305683731505785,-70.2945534763956,-1674.91416365461,-0.000295806758357937,0.000230843555498365,0.00037522044907675,-68.5142700221074,-2017.96799106603,0.000121638914554517
24240,-0.000224160992628963,0.000359693680748719,0.000423825075457981,-67.4562670397687,-1678.0688519529,-0.000340270945986056,0.000332011869984291,0.000475411609547675,-66.4586043402119,-2024.29614980154,0.000119364165124144
24260,-0.000272332436555996,0.000469546365635746,0.000542806360944916,-65.3071014329545,-1679.88667367357,-0.000376452509182586,0.00042991347502193,0.000571438612341953,-64.8606083501022,-2028.79308109065,0.000111408058694931
24280,-0.000241888958739176,0.000548454109654603,0.000599426541585328,-64.4452806229076,-1686.20071065717,-0.000404813596095695,0.000524303952031859,0.000662396166731175,-63.5776437893281,-2032.32837128532,0.000164704789156104
24300,-0.000289901322348289,0.00065816134288706,0.000719179483835701,-62.8632542059202,-1686.22787565174,-0.000425813071101222,0.000614967356679075,0.000747998409959208,-62.5219865065256,-2035.30066217646,0.000142610391955201
24320,-0.000338650985273808,0.000767977910438165,0.000839329828343954,-61.5213468506178,-1686.20422419041,-0.000439905259599295,0.000701715330918845,0.000828203503415475,-61.6372587340795,-2037.91640562733,0.000121008915017594
24340,-0.000307609571492441,0.000846709134531292,0.000900855153158649,-60.9069006563551,-1690.0339082201,-0.000447538762642342,0.000784386173233498,0.000903079516336922,-60.8854801656909,-2040.2926819977,0.000153180710406995
24360,-0.000277230371249297,0.000926142973544406,0.000966745822948668,-60.2937539144336,-1693.33552682812,-0.00044915534221551,0.000862843871198702,0.000972748717555512,-60.2399866617089,-2042.50066597129,0.000183207456178796
24380,-0.000325445918189562,0.00103539351134102,0.00108533624697295,-59.2887138523121,-1692.55097190402,-0.000445188877761914,0.000936977100577805,0.00103736166494145,-59.6813961025959,-2044.58605786288,0.000154997310540087
24400,-0.000325409590863547,0.00103594447365804,0.00108585098164003,-59.2845954340237,-1692.56151797591,-0.000436064394340445,0.00100669819504824,0.00109708404961738,-59.1952019811084,-2046.57952496902,0.000114454490279033
24420,-0.000294880271656475,0.00111441354540271,0.00115276707308512,-58.7651687386361,-1695.17887974271,-0.000422197162594026,0.00107194209065945,0.00115208953203724,-58.770275387721,-2048.50240872106,0.000134214064784632
24440,-0.000263836794474659,0.00119389240101876,0.00122269739483202,-58.2536202626404,-1697.53855659658,-0.000403991870475017,0.00113266524904369,0.00120255561110541,-58.3978966186208,-2050.37002096207,0.00015294511913639
24460,-0.00023376029662769,0.0012725903650708,0.00129388180045571,-57.7621079162289,-1699.59145206081,-0.000381841866505805,0.00118884456336681,0.00124866112571163,-58.0711081773067,-2052.19363733535,0.000170122046309735
24480,-0.000233159856028586,0.00127281063523991,0.00129399012038079,-57.7613807898917,-1699.61936317324,-0.000356128474139564,0.00124047625089692,0.00129058468111637,-57.7842698830764,-2053.98175058131,0.000127148706053046
24500,-0.000203083243433426,0.00135173241648363,0.00136690282373551,-57.2852471865596,-1701.45582936023,-0.000327220376583256,0.00128757473603004,0.00132850362277042,-57.5327451390062,-2055.74088523126,0.000139736308051428
24520,-0.000171716751150101,0.00143058501190337,0.00144085395474632,-56.8276007426674,-1703.15538871589,-0.000295473071301118,0.00133017152747388,0.00136259334666154,-57.3126747197221,-2057.47614271055,0.000159369051677521
24540,-0.000172366234873601,0.00143100348835675,0.00144134697509437,-56.8246291799773,-1703.13173725455,-0.000261228393188012,0.00136831409325568,0.00139302682357868,-57.120810417823,-2059.19157539585,0.000108749452589117
24560,-6.22228550478733e-05,0.00147870489217359,0.00148001346001596,-56.5946866977214,-1707.59045565515,-0.000224814105283934,0.0014020647370491,0.00141997426343268,-56.9543905398101,-2060.89044908312,0.000179748791458609
24580,-6.2495814980295e-05,0.00147946063142528,0.00148078002648176,-56.5901890440341,-1707.58113274856,-0.000186543555704241,0.00143149947924556,0.00144360287380397,-56.8110452410901,-2062.57543083957,0.000132996669496349
24600,-3.17975961117896e-05,0.00155779490343648,0.00155811939474841,-56.1479853300125,-1708.83064510615,-0.000146715399311882,0.00145670694606517,0.00146407668347998,-56.688723515552,-2064.2487258542,0.000153051875577658
24620,4.7515177986328e-05,0.00152784770831148,0.00152858637699402,-56.314200304712,-1711.78129140182,-0.0001056133825354,0.00147778726987598,0.00148155641187842,-56.5856361526481,-2065.91217873176,0.000161103704314366
24640,7.76252456148327e-05,0.00160625209790559,0.00160812669923202,-55.8735947509347,-1712.76677699702,-6.35061895658156e-05,0.00149485100375242,0.00149619937158548,-56.5002106399888,-2067.56734955307,0.000179800683465534
24660,7.84006689040421e-05,0.00160665309168812,0.00160856483298485,-55.8712286045951,-1712.79367529964,-2.0647348053497e-05,0.0015080180531779,0.00150815939532004,-56.4310551209206,-2069.21557173393,0.000139783334075035
24680,0.000156585053925348,0.00157578035821024,0.0015835411634795,-56.0074128568973,-1715.6748433103,2.27248076839167e-05,0.00151741662765232,0.00151758678129457,-56.3769292991595,-2070.85799655789,0.000146030443978145
24700,0.00018799292547644,0.00165473149179687,0.00166537612867888,-55.5697532952638,-1716.48154415786,6.63871180703137e-05,0.00152318221481276,0.00152462825271198,-56.3367207325998,-2072.49562781807,0.000179145707930546
24720,0.000266336559381799,0.00162427789031435,0.00164596896320294,-55.6715671642098,-1719.31205261754,0.000110131526504713,0.00152545657953081,0.00152942692835065,-56.3094253506659,-2074.12934902263,0.000184839562218452
24740,0.000266937370869128,0.00162392348508983,0.00164571657504955,-55.672899135703,-1719.33469080742,0.000153764956723965,0.00152438679030023,0.00153212230202362,-56.2941313132071,-2075.75994494126,0.000150716783846667
24760,0.000345523206499063,0.00159385212814433,0.00163087427247461,-55.7515903668728,-1722.23159757551,0.000197109141701438,0.00152012427507054,0.00153285022927911,-56.2900055366398,-2077.38811879613,0.000165718227569036
24780,0.000345679792635218,0.00159308611685887,0.00163015885568395,-55.7554014482966,-1722.24268029588,0.000240000406534196,0.00151282390851699,0.00153174292011329,-56.2962823669786,-2079.01450606222,0.000132703258191369
24800,0.000424870704034882,0.00156313340929324,0.00161984603292899,-55.8105252675067,-1725.20603334944,0.000282289407864078,0.00150264313257431,0.00152892893676096,-56.3122539946941,-2080.6396855998,0.000154882212004085
24820,0.000424573685060763,0.00156249953986142,0.00161915645510655,-55.8142236882243,-1725.20177420061,0.000323840832424061,0.00148974111193575,0.00152453319587888,-56.3372622934032,-2082.26418866462,0.000124261403639838
24840,0.000534703865925124,0.00161140056356213,0.00169779857476782,-55.4022767065268,-1728.35716263063,0.000364533057344193,0.00147427792600304,0.00151867697453952,-56.3706918314174,-2083.88850621054,0.000218542265532897
24860,0.000503371630202496,0.00153201029581145,0.00161258753082275,-55.8495340532759,-1728.18893831576,0.000404257774897722,0.00145641379864099,0.0015114779195996,-56.4119638564728,-2085.51309480316,0.000124653065336631
24880,0.00061384563327719,0.00158061656624888,0.00169562825849119,-55.4133870861843,-1731.22409612863,0.000442919584399553,0.00143630836693887,0.00150305006010554,-56.4605310939764,-2087.13838138975,0.000223697497914073
24900,0.000582381726282069,0.00150155100969913,0.00161053528674033,-55.8605951074325,-1731.19895430705,0.000480435553976678,0.0014141199899782,0.00149350382241922,-56.5158732308194,-2088.76476711564,0.000134302662881873
24920,0.000662085159415687,0.00147060419060977,0.00161277197512776,-55.8485406366497,-1734.23789449852,0.000516734754965047,0.00139000509849439,0.0014829460478484,-56.5774929814277,-2090.3926303357,0.000166201545491575
24940,0.000661508093578689,0.00147099531485664,0.00161289186686532,-55.8478949609361,-1734.21349816135,0.000551757771657354,0.00136411758611427,0.00147148001254876,-56.6449126529216,-2092.02232893675,0.000153192630576554
24960,0.000740997796331678,0.0014398252784022,0.00161931299213413,-55.8133839931961,-1737.23235480454,0.000585456189164511,0.00133660824273256,0.00145920544954152,-56.7176711419718,-2093.65420206292,0.000186673372532273
24980,0.000740747812110481,0.00144052108344277,0.00161981737025802,-55.810678962978,-1737.2132301479,0.000617792062095345,0.00130762423040838,0.0014462185726712,-56.7953213091361,-2095.28857131606,0.000181051622495433
25000,0.000819705687377049,0.00140907788317273,0.00163015885568395,-55.7554014482966,-1740.18793352568,0.000648737366774395,0.00127730860201906,0.00143261210236451,-56.8774276869191,-2096.92574148997,0.000215854835724027
25020,0.000820073352918467,0.0014097250504542,0.00163090313079749,-55.7514366714015,-1740.18766592183,0.000678273439658833,0.00124579986275734,0.00141847529304984,-56.9635644865493,-2098.56600088517,0.000216745663305847
25040,0.000867965915821298,0.00129951395503263,0.00156272241628257,-56.1223631623665,-1743.73958786726,0.000706390404608317,0.00121323157442934,0.00140389396213353,-57.0533138754548,-2100.20962124411,0.00018317012591115
25060,0.000868508307976143,0.00129989431862209,0.00156333998880908,-56.118931262306,-1743.7483755659,0.000733086591585213,0.00117973200232674,0.00138895052038432,-57.1462645036322,-2101.85685734029,0.000181047020212231
25080,0.000946832604433522,0.00126907866153474,0.00158336749681847,-56.0083654890158,-1746.7258368167,0.000758367949346203,0.00114542380435698,0.00137372400364236,-57.2420102616184,-2103.50794625185,0.000225409516038772
25100,0.000916988828393428,0.00118995368021207,0.00150228435139576,-56.4649571315358,-1747.6181644566,0.000782247454593584,0.00111042376195212,0.00135829010573074,-57.3401492570402,-2105.16310634754,0.000156461642941339
25120,0.000995252389736312,0.00115958298985225,0.00152812304139114,-56.3168335167004,-1750.63898913523,0.000804744520018066,0.00107484255215089,0.00134272121246867,-57.4402829998651,-2106.82253601367,0.000208504652721235
25140,0.00099578625396936,0.00115913402830743,0.00152813021669443,-56.3167927321926,-1750.66514182251,0.000825884403578007,0.00103878456012936,0.00132708643668623,-57.5420157890816,-2108.48641215086,0.00020820814887307
25160,0.000995480827251582,0.00115970526424886,0.00152836460877371,-56.3154605501651,-1750.64250211311,0.000845697621288592,0.00100234773134963,0.00131145165415845,-57.6449542954369,-2110.1548884715,0.000217247328979404
25180,0.00104399904753999,0.00104937989343123,0.00148024733473908,-56.593314244293,-1754.8527265777,0.000864219365728977,0.000965623462361697,0.00129587954037572,-57.7487073363075,-2111.82809363281,0.000198332734911751
25200,0.00104397379090097,0.00105005527537436,0.00148070839716322,-56.5906092140749,-1754.83360192106,0.000881488932343499,0.000928696529190182,0.00128042960805113,-57.8528858398153,-2113.50612924272,0.000202803536793213
25220,0.00109205511053781,0.00093972042527305,0.00144071469837963,-56.8284402614011,-1759.28779384663,0.000897549155582358,0.000891645052155775,0.00126515824532763,-57.9571029953072,-2115.18906778193,0.000200359197476677
25240,0.00109254931473083,0.000940154572508306,0.00144137247973141,-56.824475484506,-1759.28752624278,0.000912445856779488,0.000854540495868244,0.00125011875461206,-58.060974587471,-2116.87695048882,0.000199416713655
25260,0.00109201434941404,0.000939835522031952,0.00144075887913253,-56.8281739052236,-1759.28326709396,0.000926227305609424,0.000817447703052305,0.0012353613920153,-58.1641195104557,-2118.56978526003,0.00020606824628765
25280,0.00109259009345015,0.000940039371629042,0.0014413282528689,-56.8247420051631,-1759.2920547926,0.000938943696808815,0.000780424960755437,0.00122093340733519,-58.2661604576388,-2120.26754462359,0.000221549036015493
25300,0.00114029948532365,0.000830394736011273,0.00141061629574615,-57.0118220679631,-1763.93695209205,0.000950646643808575,0.000743524097475393,0.00120687908462741,-58.3667247804821,-2121.97016384564,0.000208601793219454
25320,0.00114088434037251,0.000830054836510458,0.00141088912027899,-57.0101423095074,-1763.96209169159,0.000961388690750585,0.000706790609604411,0.0011932397833328,-58.4654455085817,-2123.67753923565,0.000217744708013636
25340,0.00110973271205048,0.00075151197839737,0.00134025256793995,-57.4562670397687,-1765.89410783829,0.000971222844294299,0.000670263815566847,0.00118005398000996,-58.561962520246,-2125.3895267173,0.000160580968452581
25360,0.00118909620913746,0.000720321004889871,0.00139025614354716,-57.1381035419572,-1768.79369902316,0.000980202126483045,0.000633977035978553,0.00116735731072797,-58.6559238503658,-2127.10594073175,0.000226035436901801
25380,0.00118899383621105,0.000720901363528569,0.00139046938782744,-57.1367713599298,-1768.77105931376,0.000988379149845091,0.000597957798077591,0.0011551826141915,-58.7469871194762,-2128.82655354043,0.000235289975714031
25400,0.00115829712247951,0.000641290506445718,0.00132397346559579,-57.5624143743736,-1771.02891993931,0.000995805715753191,0.000562228062663933,0.00114355997567839,-58.8348210649903,-2130.55109498905,0.000180705083704489
25420,0.00115844371850657,0.000641876964064292,0.00132438585236468,-57.5597093441555,-1771.00979528267,0.00100253243699745,0.000526804471733274,0.00113251677191564,-58.9191071523692,-2132.27925279056,0.000193778239730597
25440,0.00123706394106565,0.00061070336105906,0.00137959624147564,-57.2049599495985,-1773.72575398878,0.00100860838535827,0.000491698614973622,0.00112207771699735,-58.9995412413795,-2134.01067337454,0.000257592838651291
25460,0.00120694421698975,0.00053194743809802,0.00131897021187897,-57.5953002522671,-1776.21503930693,0.00101408076490539,0.000456917313278196,0.00111226490950873,-59.0758352796097,-2135.74496334062,0.00020694402813412
25480,0.00120639088442288,0.00053181066494534,0.00131840871863327,-57.5989986729847,-1776.21078015811,0.00101899461156199,0.000422462917393114,0.00110309788095376,-59.1477189937698,-2137.48169153939,0.000216966110203641
25500,0.00117626224508513,0.000452800043267991,0.00126040499380009,-57.9897976958775,-1778.94587885065,0.00102339251943151,0.000388333619839796,0.0010945936456632,-59.2149415470645,-2139.22039178894,0.000165906819543498
25520,0.00117572866461037,0.000453015071646141,0.00125998434431744,-57.9926970217565,-1778.92803681385,0.00102731439421524,0.000354523778232529,0.00108676675229512,-59.277273130435,-2140.96056621769,0.000178121673401092
25540,0.00125517542837617,0.000421893938287139,0.00132418271064183,-57.5610417367646,-1781.42129432722,0.00103079723395677,0.000321024248123854,0.00107962933704879,-59.3345064551652,-2142.70168920569,0.000246008675709917
25560,0.00122421303436464,0.00034344096694249,0.00127147522637394,-57.9138419453755,-1784.32905666121,0.00103387493722129,0.000287822723528446,0.00107319117867864,-59.3864581152113,-2144.44321187734,0.000198297706049809
25580,0.00122437541965914,0.000342883748534673,0.00127148119658715,-57.9138011608677,-1784.35520934849,0.00103657813875008,0.000254904083282068,0.0010674597554046,-59.4329697890129,-2146.18456708142,0.000207384281503678
25600,0.00122442761775057,0.000343420185748483,0.00127167622258571,-57.9124689788403,-1784.33256963909,0.00103893407247019,0.000222250741443018,0.00106244030374015,-59.4739092534982,-2147.92517477477,0.000221562383030107
25620,0.00119358512650861,0.000263884153908141,0.00122240758378962,-58.2556792881333,-1787.53328132107,0.00104096646165097,0.000189842999933465,0.00105813587922623,-59.5091711864884,-2149.6644477135,0.000169630626199488
25640,0.00127302143801232,0.000233678085078623,0.0012942909368009,-57.7593617987695,-1789.5984791274,0.00104269543592331,0.000157659401697872,0.00105454741905664,-59.5386777377101,-2151.40179734169,0.000242546711915972
25660,0.00124173237790781,0.000154345704212151,0.00125128809422663,-58.0528537529205,-1792.91455114477,0.00104413747475099,0.00012567708266827,0.00105167380650436,-59.5623788538852,-2153.13663975974,0.000199663806471726
25680,0.00124229858947196,0.00015442197545554,0.00125185938983083,-58.0488889760254,-1792.91428354092,0.00104530537684973,9.38721208848243e-05,0.00104951193702139,-59.5802523488153,-2154.86840165008,0.000206088841783736
25700,0.00124178412362089,0.000154551396398731,0.00125136483241527,-58.0523210866202,-1792.90549736181,0.00104620825496668,6.22198811694395e-05,0.00104805678585331,-59.5923037150875,-2156.59652603761,0.000216275354824317
25720,0.00121158569466712,7.52833714839528e-05,0.00121392235400128,-58.316181822171,-1796.44442728791,0.00104685155535412,3.06953538031257e-05,0.0010473014769838,-59.5985656798157,-2158.32047776699,0.00017066173553524
25740,0.0012111578438971,7.56354072810081e-05,0.00121351721770564,-58.31908114805,-1796.42658525111,0.00104723710116185,-7.26514271699586e-07,0.00104723735316921,-59.5990975127603,-2160.03974858683,0.000180834601119637
25760,0.00121142516782749,7.51185074762462e-05,0.00121375192169212,-58.3174013895944,-1796.45172485065,0.00104736315891123,-3.20704971545144e-05,0.00104785404681771,-59.5939841004041,-2161.75386174397,0.000195974042881627
25780,0.00125976287120901,-3.40196770847077e-05,0.00126022213522288,-57.9910579294167,-1801.54688659912,0.00104722452714922,-6.33607779318029e-05,0.00104913955146254,-59.5833348043051,-2163.46237600541,0.000214554067532165
25800,0.00125965463018083,-3.45535078205244e-05,0.00126012845862582,-57.9917036051302,-1801.57128293628,0.00104681264629637,-9.46206481678433e-05,0.00105108029355788,-59.5672821263018,-2165.16488904511,0.000221155536791136
25820,0.0012598613992901,-3.40609920316037e-05,0.00126032174328596,-57.9903714231028,-1801.54864322688,0.00104611572861771,-0.00012587222012054,0.00105366120430594,-59.5459802066293,-2166.86104015009,0.000232629562468717
25840,0.0012287795263538,-0.00011347553023521,0.00123400803090921,-58.1736402782078,-1805.27619507664,0.00104511890724437,-0.000157136152827504,0.00105686579129287,-59.5196031829258,-2168.55051222231,0.000188778899712876
25860,0.00122938743707877,-0.000113193888729243,0.00123458751285308,-58.1695623997422,-1805.26058547272,0.00104380440305641,-0.000188431393100604,0.00106067620966333,-59.4883434401214,-2170.23303307133,0.000200254199908456
25880,0.00119806453790735,-0.000192339597896761,0.00121340560321363,-58.319880078409,-1809.12054983377,0.00104215170824514,-0.000219774932395611,0.00106507333264324,-59.452409781296,-2171.90837601196,0.00015830826899546
25900,0.00119861243217746,-0.000192421815419135,0.00121395960296031,-58.3159153015139,-1809.12028222992,0.00104013778525403,-0.000251181580430493,0.00107003682117053,-59.4120255499213,-2173.57635979776,0.000169017524836017
25920,0.00119816839212186,-0.000192162063416009,0.00121348001816931,-58.3193474121087,-1809.1114960508,0.00103773727985867,-0.000282663756351108,0.0010755451925247,-59.3674267319971,-2175.23684793603,0.000184197443538514
25940,0.0011678734649341,-0.000271546323038079,0.0011990270370816,-58.4234204760888,-1813.08946550259,0.00103492274701793,-0.000314231298142358,0.00108157588778013,-59.3188600656369,-2176.88974744152,0.000139634882798237
25960,0.00116756817238212,-0.000271092126504956,0.00119862687197172,-58.4263198019678,-1813.07162346579,0.00103166488816519,-0.000345891290903744,0.00108810533800544,-59.2665811828296,-2178.53500709516,0.000155127746247106
25980,0.0011676749072788,-0.000271656923334646,0.00119885869604562,-58.4246400435121,-1813.09676306533,0.00102793279855,-0.000377647914511197,0.00109510902912427,-59.210852805704,-2180.17261528013,0.000175390841159281
26000,0.00113713681084283,-0.00035015690444222,0.00118982771202488,-58.4903184046518,-1817.1150938772,0.00102369422324811,-0.000409502311107273,0.00110256156540746,-59.1519430164273,-2181.80259747073,0.000128027723452491
26020,0.0012159184683793,-0.000381302880644539,0.00127430357785486,-57.8945419505073,-1817.41103216004,0.00101891582043311,-0.000441452472757584,0.00111043673157576,-59.0901236168762,-2183.42501344948,0.000205980622217665
26040,0.00118559420564955,-0.000459920422051556,0.00127167622258571,-57.9124689788403,-1821.20246728493,0.00101356343048487,-0.000473493149535244,0.00111870755350675,-59.0256685911074,-2185.03995432722,0.000172565368875413
26060,0.00118507155056691,-0.000460172796842556,0.00127128029282175,-57.9151737063817,-1821.22159097756,0.00100760234954056,-0.00050561577819519,0.00112734635758474,-58.9588526803502,-2186.64753943583,0.000183194928606522
26080,0.00118575343614522,-0.000460065862537109,0.00127187727757131,-57.9110958279161,-1821.20598137365,0.00100099760608697,-0.000537808431524876,0.00113632482874005,-58.8899500773559,-2188.2479131588,0.000200446062005044
26100,0.00115439669790689,-0.000539024900005674,0.00127404065043642,-57.8963342974926,-1825.02938174507,0.000993714239161063,-0.000570055788348464,0.00114561406718888,-58.8192332445618,-2189.84124175826,0.000163651362902808
26120,0.00115492627488295,-0.000539265606293809,0.00127462233408427,-57.8923695205974,-1825.02911414122,0.000985717576828254,-0.000602339124106794,0.00115518464398463,-58.7469718573492,-2191.42771024958,0.000180581981788522
26140,0.00112389522616337,-0.00061788952956957,0.00128254744557249,-57.8385311992673,-1828.80089649641,0.000976973513530297,-0.000634636321820152,0.00116500665539436,-58.6734318722822,-2193.0075193674,0.000147873069535056
26160,0.00112416123520108,-0.000618376017560111,0.00128301495775471,-57.8353656093297,-1828.81421122534,0.000967448784994694,-0.000666921903180456,0.00117504977619229,-58.5988747177553,-2194.58088265913,0.000164059425393219
26180,0.00112397850086715,-0.000617819660290921,0.00128258676238824,-57.8382649352087,-1828.79636918854,0.000957111239367414,-0.000699167079424396,0.00118528331190238,-58.5235566033763,-2196.14802373476,0.000185639665912483
26200,0.00109323191302391,-0.000697453028421708,0.00129676395018852,-57.7427814260505,-1832.5367978935,0.000945930103325005,-0.000731339821576748,0.00119567625007791,-58.4477279427093,-2197.70917369411,0.000151149389317007
26220,0.00109354505731604,-0.000696950646891274,0.00129675787893597,-57.7428220921663,-1832.51064313119,0.000933876241910726,-0.000763404949568131,0.00120619731065461,-58.3716328833959,-2199.264568747,0.000172945959644058
26240,0.00106247905072339,-0.000776379742260578,0.00131591308125524,-57.6154559162326,-1836.15652417247,0.000920922410883842,-0.000795324239651734,0.00121681499540633,-58.2955089379753,-2200.81444803538,0.000142818683175787
26260,0.00106294875976913,-0.000776078876891435,0.00131611492243337,-57.6141237342052,-1836.13388446307,0.000907043500460145,-0.000827056549496096,0.00122749763657263,-58.2195867079199,-2202.35905166133,0.000164027964031717
26280,0.00106235880474223,-0.000776191876993732,0.00131570515691183,-57.6168284617466,-1836.1530081557,0.000892216769316188,-0.000858557960243663,0.00123821344466403,-58.1440896935613,-2203.89861892079,0.00018903037821697
26300,0.000953253489855311,-0.000824696011024339,0.00126048233883731,-57.9892647006509,-1840.86433453727,0.000876422067831509,-0.000889781934787435,0.00124893055549783,-58.0692341821178,-2205.43338673885,0.000100693817497873
26320,0.00103172454211612,-0.000855042163166895,0.00133998232510651,-57.4580186022462,-1839.6502557337,0.000859642049545051,-0.00092067949141284,0.001259617076438,-57.9952292066209,-2206.96358829935,0.000184175576851924
26340,0.000922477386267201,-0.000903786583409588,0.00129143126666716,-57.7785740631624,-1844.41362982058,0.000841862369923127,-0.00095119939196721,0.00127024113190031,-57.9222765680732,-2208.48945185999,9.35240892790577e-05
26360,0.000922251481986703,-0.000903288120465386,0.00129092107605406,-57.7820061737572,-1844.40484364146,0.000823071871546085,-0.000981288343602079,0.00128077090809391,-57.8505709140577,-2210.0111997413,0.000126176978631312
26380,0.000891690669576042,-0.000982867436873136,0.00132707974465536,-57.5420595890833,-1847.78461903382,0.000803262754903921,-0.00101089121311764,0.00129117469700048,-57.7802998671356,-2211.52904747752,9.27622128253842e-05
26400,0.000891739349754561,-0.00098236674292233,0.00132674168001933,-57.5442725429073,-1847.76853337352,0.000782430734077016,-0.00103995125290432,0.00130142093960623,-57.7116441966678,-2213.04320311609,0.000123548975111927
26420,0.000891440303922884,-0.000982842991820175,0.00132689342527128,-57.5432791565066,-1847.79191659656,0.000760575176611631,-0.00106841033741893,0.00131147826836035,-57.6447780284169,-2214.55386665257,0.000156356810465704
26440,0.00086122817501895,-0.00106146566599662,0.00136690282373551,-57.2852471865596,-1850.94559195411,0.000737699226989129,-0.00109620920909872,0.00132131554884259,-57.579869086678,-2216.06122958731,0.000128321918582296
26460,0.000860676717162445,-0.00106164304955454,0.00136669322678243,-57.2865791580527,-1850.96823014399,0.000713809913164658,-0.00112328773261003,0.00133090192064041,-57.5170789640471,-2217.56547459077,0.000159279393097591
26480,0.000751562724998673,-0.00110995422250108,0.00134046443655003,-57.4548940732335,-1855.89762081617,0.000688918235705355,-0.0011495851562683,0.00134020683739481,-57.4565634146867,-2219.06677526451,7.41278824065718e-05
26500,0.000750958332385788,-0.00110985935427036,0.00134004708993418,-57.4575988007749,-1855.91674450879,0.000663039239159784,-0.00117504037949056,0.00134920010602538,-57.3984726670858,-2220.56529598563,0.000109445570958532
26520,0.0007515026494329,-0.00111020116463212,0.00134063524422387,-57.4537873507816,-1855.90566401045,0.000636192065325818,-0.00119959222506612,0.00135785192507232,-57.3429517532502,-2222.06119182298,0.000145901653495192
26540,0.000720491724864157,-0.00118870719758592,0.00139001191620442,-57.139629532765,-1858.77937218693,0.000608399988202831,-0.00122317971508339,0.00136613292216998,-57.2901408512087,-2223.55460851428,0.000117272809680529
26560,0.00072071016941926,-0.00118926703074865,0.0013906039043272,-57.1359311120474,-1858.78363133576,0.000579690430454896,-0.00124574234929982,0.00137401419061086,-57.2401756385109,-2225.04568249412,0.000151907960235906
26580,0.000641593731471216,-0.00115802927690174,0.00132388606852128,-57.5629877592789,-1861.01182422008,0.000550094961308214,-0.00126722038475441,0.00138146732498232,-57.1931876546554,-2226.53454096313,0.000142459548558305
26600,0.000610871401898004,-0.00123763619960915,0.00138018376756134,-57.2012616933605,-1863.73001493474,0.000519649275856089,-0.0012875551154118,0.00138846445583632,-57.1493046709102,-2228.02130199045,0.000103987376322896
26620,0.000611063137491038,-0.00123714941428078,0.00137983217503277,-57.2034746471845,-1863.71392927445,0.000488393155858029,-0.00130668915067041,0.00139497828340398,-57.1086510660332,-2229.50607464097,0.000141009571770791
26640,0.000531607346269522,-0.00120684748780621,0.00131874456565018,-57.5967863403476,-1866.22686541948,0.000456370412156328,-0.00132456669153386,0.00140098211031144,-57.0713482070986,-2230.98895912052,0.00013970829317197
26660,0.000501499194134646,-0.00128563334807951,0.00137998353157268,-57.2025219268997,-1868.69026357917,0.000423628808912836,-0.00134113380326898,0.0014064498732666,-57.0375148348764,-2232.47004693276,9.56247740955883e-05
26680,0.000500914366639416,-0.00128563422985242,0.00137977192886143,-57.2038538983928,-1868.71290176905,0.000390219969956144,-0.00135633868342074,0.00141135617371948,-57.0072674533177,-2233.94942104162,0.000131348274489877
26700,0.000422454703939103,-0.00125520114287052,0.00132438585236468,-57.5597093441555,-1871.39865309814,0.000356199267589252,-0.00137013192405775,0.00141567630747757,-56.9807207231308,-2235.42715603405,0.000132660722560287
26720,0.000421909462903895,-0.00125483910501523,0.00132386886599968,-57.563100624108,-1871.41601988529,0.000321625694257778,-0.00138246676712146,0.00141938629322748,-56.9579878598996,-2236.90331827831,0.000162313444879249
26740,0.000391661049615954,-0.00133435358787733,0.00139064656734462,-57.1356646374779,-1873.64191845039,0.000286561717578743,-0.0013932993518572,0.00142246289999682,-56.9391810369605,-2238.3779660733,0.000120500924004083
26760,0.000312466867777544,-0.00130308373259476,0.00134002341681472,-57.4577522460687,-1876.51562662687,0.000251073119260551,-0.00140258895325294,0.00142488367349843,-56.9244117940902,-2239.85114978484,0.000116920833452385
26780,0.000312503035008974,-0.00130366193300758,0.00134059411548122,-57.4540538253511,-1876.5198857757,0.000215228818524671,-0.00141029821051739,0.0014266269613715,-56.9137914528759,-2241.32291196505,0.000144338383231158
26800,0.00031257940907637,-0.00130309899253981,0.00134006450267769,-57.4574859359458,-1876.51109959658,0.000179100680688596,-0.00141639334462285,0.00142767193728637,-56.9074315401976,-2242.79328745112,0.000175077643192762
26820,0.000233246964869377,-0.00127293902137265,0.00129413210251269,-57.7604277892037,-1879.61659388238,0.000142763311633209,-0.00142084436402927,0.00142799862392868,-56.9054442212314,-2244.26230343995,0.000173387663601929
26840,0.000203108626823371,-0.00135161936558128,0.00136679479941373,-57.2859336467809,-1881.45407301011,0.000106293838918063,-0.00142362525771789,0.00142758791484246,-56.9079427438799,-2245.7299795352,0.000120656337005307
26860,0.000202467122322373,-0.00135183130951608,0.00136690922339762,-57.2852065204437,-1881.48198412254,6.97716803684779e-05,-0.00142471417470572,0.00142642159510744,-56.9150418968643,-2247.19632776303,0.00015139350168878
26880,0.000124048936594048,-0.00132107590139209,0.00132688721295709,-57.5433198226224,-1884.63565948009,3.3278300997265e-05,-0.00142409358932065,0.00142448236088112,-56.9268584836944,-2248.661352553,0.00013730241189721
26900,0.000123508014101839,-0.00132092223388152,0.00132668375188284,-57.5446517941156,-1884.65829766997,-3.10304083153625e-06,-0.00142175045150325,0.00142175383776942,-56.9435118154834,-2250.12505068018,0.000161853911599678
26920,4.4942601569345e-05,-0.00129062614935384,0.00129140841519317,-57.7787277586338,-1888.00563367676,-3.92875570449083e-05,-0.00141767632152347,0.00141822059805478,-56.9651242255621,-2251.58741116395,0.000152435120193852
26940,4.45340098403784e-05,-0.00129013589926614,0.00129090430187823,-57.7821190385863,-1888.02300046391,-7.51892023378618e-05,-0.00141186748848892,0.00141386817674075,-56.9918216096916,-2253.04841511944,0.00017074023353908
26960,-3.42422140516675e-05,-0.00126001714166817,0.00126048233883731,-57.9892647006509,-1891.55668642117,-0.00011072095445996,-0.00140432507216687,0.00140868308645806,-57.0237339956296,-2254.50803555559,0.000163321084184669
26980,-3.42325148111112e-05,-0.00125944194493376,0.0012599070909114,-57.9932295959379,-1891.55695610005,-0.000145795101279211,-0.00139505510763037,0.00140265283120329,-57.060996146789,-2255.96623711468,0.000175605069961063
27000,-3.43407558657005e-05,-0.00125997577571307,0.00126044366906942,-57.9895311752203,-1891.56121524888,-0.00018032353355158,-0.00138406861234811,0.00139576591892758,-57.1037482050623,-2257.422975746,0.000191598547711133
27020,-0.00011314805707719,-0.00122882582658132,0.00123402406576761,-58.1735274133787,-1895.26085722689,-0.000214218042315452,-0.00137138163538569,0.00138801187297754,-57.1521363786813,-2258.87819830624,0.000174749250470298
27040,-0.000113568630044258,-0.00122920072302965,0.00123443600531852,-58.1706283901764,-1895.27870022771,-0.000247390619804868,-0.00135701528846685,0.00137938124240553,-57.2063136817039,-2260.33184207715,0.000185053743764859
27060,-0.000192036375729031,-0.00119836101655968,0.00121365031850739,-58.3181285159316,-1899.10419723004,-0.000279753762773342,-0.00134099575868218,0.00136986561114199,-57.2664407328171,-2261.78383419039,0.000167448528360901
27080,-0.000192636249058476,-0.00119836764098502,0.00121375192169212,-58.3174013895944,-1899.13210834247,-0.000311220777101966,-0.00132335430273755,0.00135945760605984,-57.3326866220129,-2263.23409094665,0.000172290324473951
27100,-0.000271122597602842,-0.00116779332593438,0.00119885308317066,-58.424680709628,-1903.07060830302,-0.000341706082568387,-0.00130412722266403,0.00134815090392642,-57.4052298552052,-2264.68251701471,0.000153521854298898
27120,-0.000271542340450286,-0.00116750706164183,0.00119866925448213,-58.4260126811211,-1903.09324649289,-0.000371125516652646,-0.00128335582302747,0.00133594023728953,-57.4842593880464,-2266.12900449301,0.000152766961405726
27140,-0.00027123708291979,-0.0011679613135926,0.00119904261191993,-58.4233076509029,-1903.07412183625,-0.000399396636251279,-0.00126108634966862,0.00132282139927103,-57.569975762464,-2267.57343181308,0.000158420779742711
27160,-0.000350410777098555,-0.00113680752630141,0.00118958777085272,-58.4920701815593,-1907.13144741884,-0.000426439016195167,-0.00123736991017132,0.00130879124734653,-57.6625923608911,-2269.01566246038,0.00012606778410733
27180,-0.00031974736765945,-0.00105826630124576,0.00110551614347215,-59.1286982237192,-1906.81180512422,-0.000452174543461833,-0.00121226237622158,0.00129384770609115,-57.7623367963241,-2270.45554348309,0.000203105263346264
27200,-0.000319606422901808,-0.00105778183460293,0.00110501161766563,-59.1326631190063,-1906.81207480311,-0.000476527706000516,-0.00118582426816336,0.00127798976895407,-57.8694524588353,-2271.89290375363,0.000202531858929459
27220,-0.000398930704406085,-0.00102746383109508,0.00110219219337034,-59.1548533865919,-1911.21956785674,-0.000499425875093654,-0.00115812062206073,0.00126121749906802,-57.9842002431646,-2273.32755194015,0.000164834694033038
27240,-0.000398477697529186,-0.00102724506042209,0.00110182434606871,-59.1577527124709,-1911.20172581994,-0.00052079958022378,-0.00112922083969789,0.00124353202916904,-58.106860485931,-2274.75927413668,0.000159253579378476
27260,-0.000478030489942617,-0.00099670848639791,0.00110541438210853,-59.1294977856812,-1915.62280148363,-0.000540582775421164,-0.00109919852196736,0.0012249355606632,-58.237735146552,-2276.18783108885,0.000120070794990355
27280,-0.000446849038162313,-0.000917696336321445,0.00102070594619821,-59.8219871041394,-1915.96259599778,-0.000558713096098485,-0.00106813128614775,0.00120543136187823,-58.3771502724032,-2277.61295493877,0.000187467974830875
27300,-0.000447333478750729,-0.000917555357607824,0.00102079139665558,-59.8212599778022,-1915.99050711021,-0.000575132105430337,-0.00103610056768345,0.00118502376560586,-58.5254587961495,-2279.03434539458,0.000174314244435354
27320,-0.000446975951351215,-0.000917814003049533,0.00102086730052448,-59.8206141376041,-1915.96610897566,-0.000589785529348484,-0.00100319140707123,0.00116371816598798,-58.683043723217,-2280.45166520853,0.000166384724915607
27340,-0.000495533520748172,-0.0008077447111188,0.000947631251344885,-60.4672125076803,-1921.52819531581,-0.000602623479291777,-0.000969492222569131,0.00114152101488136,-58.8503217787355,-2281.86453481904,0.000193985867220388
27360,-0.000495418140587991,-0.000808161714464499,0.000947926416316088,-60.4645074774622,-1921.50907065917,-0.000613600661846291,-0.00093509456942487,0.00111843981777568,-59.0277475985552,-2283.27252597616,0.000173433151385077
27380,-0.000464748087507888,-0.000728750401522076,0.000864330916119993,-61.2663990501875,-1922.52699667283,-0.000622676574517742,-0.000900092886450073,0.00109448312946851,-59.2158185665295,-2284.67515412399,0.000233022861862356
27400,-0.000464854411207394,-0.0007291010666101,0.000864683750830879,-61.2628540445142,-1922.52044295324,-0.000629815686876894,-0.000864584230741079,0.00106966054965225,-59.4150804239048,-2286.0718692532,0.000213466414766938
27420,-0.000543654856494547,-0.000698103401602253,0.000884821429622239,-61.0628873533828,-1927.9100243921,-0.000634987606382037,-0.000828668001421083,0.00104398271864912,-59.6261338055534,-2287.46204485811,0.000159338588947757
27440,-0.000513289833303078,-0.000619260182049037,0.000804331788532386,-61.8912953383353,-1929.65451667967,-0.000638167228252102,-0.000792445653327219,0.0010174613136096,-59.8496418947386,-2288.84496452949,0.000213512461535857
27460,-0.000512925727617611,-0.000619213265477787,0.000804063349616011,-61.8941946642143,-1929.63667464287,-0.000639334868808704,-0.000756020401578721,0.00099010904554897,-60.0863394358829,-2290.21980557687,0.000186267183005513
27480,-0.000513323019912067,-0.000619200609820416,0.000804307104266535,-61.8915619050707,-1929.65904495155,-0.000638476381736186,-0.000719496917991452,0.000961939657688636,-60.3370434065367,-2291.58561888831,0.00016038302094866
27500,-0.000482300359965996,-0.000540276994670885,0.000724232606414495,-62.8024385252846,-1931.75499952664,-0.000635583256815173,-0.000682981020365245,0.000932967925773942,-60.6026657295465,-2292.94130398599,0.000209427995778625
27520,-0.000482603892478216,-0.000540087193090719,0.000724293237008144,-62.8017113989473,-1931.78291063907,-0.000630652700713952,-0.000646579355667191,0.000903209661204309,-60.8842285123332,-2294.28557789226,0.000182370585101424
27540,-0.000451698526158933,-0.000461270602601018,0.000645602143241531,-63.8007007306384,-1934.39930117082,-0.000623687699483649,-0.000610399078163956,0.000872681718102662,-61.1828824403378,-2295.61693594466,0.00022763913979069
27560,-0.000451811453866844,-0.000461021393029161,0.000645503148463134,-63.8020327021315,-1934.42193936069,-0.000614697062470145,-0.000574547523567212,0.000841402005848953,-61.4999291397464,-2296.93360203135,0.000198544463042943
27580,-0.000421132017008719,-0.000382270899912769,0.000568755849789653,-64.9014824697893,-1937.76927536748,-0.000603695447433482,-0.000539131880299009,0.000809389509202249,-61.8368485791979,-2298.23346476899,0.000240696433908336
27600,-0.000421066163489596,-0.000382039047358798,0.000568551270988524,-64.9046073054218,-1937.78211537589,-0.000590703366697169,-0.000504258858951306,0.000776664318903761,-62.1953329302338,-2299.51399477686,0.000209080039835933
27620,-0.000421194330179517,-0.000382243182639745,0.000568783363373028,-64.9010622997485,-1937.7755616563,-0.000575747174246627,-0.000470034361057707,0.000743247676907169,-62.5773287910101,-2300.77213619735,0.000177746652900264
27640,-0.000390341170249652,-0.000303057594927658,0.000494176218605473,-66.1223631623665,-1942.17453669018,-0.000558859033735848,-0.000436563148280038,0.000709162042148579,-62.9850903606493,-2302.00416262834,0.000214993030328607
27660,-0.000390541924255052,-0.000303117464789012,0.000494371512185883,-66.118931262306,-1942.18332438882,-0.000540076867445362,-0.000403948513126456,0.000674431185523527,-63.4212471250907,-2303.2054831075,0.000180354094890461
27680,-0.00035966507472177,-0.000224119011469292,0.000423778594641811,-67.4572196718872,-1948.07162346579,-0.000519444286279498,-0.000372291952287703,0.00063908032694381,-63.8888910260043,-2304.3703767854,0.000217909652922458
27700,-0.000359861611592769,-0.000224046468258197,0.000423907064622797,-67.4545869127436,-1948.09399377447,-0.000497010500971188,-0.000341692843704307,0.000603136334102305,-64.3916901599848,-2305.49162384508,0.000180694459000106
27720,-0.000359693680748719,-0.000224160992628963,0.000423825075457981,-67.4562670397687,-1948.0688519529,-0.000472830214710425,-0.000312248128435533,0.000566628013474978,-64.9340391647247,-2306.55998226836,0.00014338486256043
27740,-0.000329109767563173,-0.000144982466376074,0.000359629190503184,-68.8829012909483,-1956.22510699433,-0.000446963497503588,-0.000284051998419272,0.000529586542414573,-65.5212611899981,-2307.56343014298,0.000182290527465314
27760,-0.000250063311830251,-0.000175796118189702,0.000305672921754742,-70.2948606368855,-1944.89253481091,-0.000419475642573516,-0.000257195591146598,0.000492046122652859,-66.1598837221004,-2308.48604187546,0.000187953217598226
27780,-0.000219386210716727,-9.66540729249736e-05,0.000239733850896427,-72.4054127678415,-1956.22334884705,-0.000390437005258276,-0.000231766692310979,0.000454044991977472,-66.8580222027961,-2309.30627554531,0.00021797659101528
27800,-0.00021942226012519,-9.6757424363945e-05,0.000239808522383987,-72.4027077376233,-1956.20422419041,-0.000359922824829466,-0.000207849447411683,0.000415627035480808,-67.625924208907,-2309.99428055391,0.000179114059378541
27820,-0.000219365005043678,-9.66734638115732e-05,0.000239722264387646,-72.4058325732558,-1956.21706419881,-0.000328013029787345,-0.000185524083305185,0.000376844441642043,-68.4767577215226,-2310.50751101196,0.000140352505731459
27840,-0.000109721744878553,-4.83690145159812e-05,0.000119910061564664,-78.4228874808622,-1956.21051047922,-0.000294792027182087,-0.000164866640632054,0.000337762266222003,-69.4277774024001,-2310.78327541098,0.000218684032985013
27860,-0.000109671898583898,-4.834642408594e-05,0.00011985533805757,-78.4268523761492,-1956.21078015811,-0.000260348476623837,-0.000145948718046065,0.000298466677502937,-70.5020829780908,-2310.72545165806,0.000179526151176102
27880,-0.000109722656577013,-4.83487020529998e-05,0.00011990270370816,-78.4234204760888,-1956.21956785674,-0.000224775049651964,-0.000128837229108212,0.00025908078769049,-71.7312958243721,-2310.17939990689,0.000140411737898905
27900,-0,0,0,-240,-1800,-0.000188168175177508,-0.000113594172670124,0.000219797402655817,-73.1595488787338,-2308.88127903453,0.000219797402655817
27920,-0,0,0,-240,-1800,-0.000150627771811825,-0.00010027641754798,0.000180953268987471,-74.8486713359019,-2306.3473685825,0.000180953268987471
27940,-0,0,0,-240,-1800,-0.000112256967874327,-8.8935502220214e-05,0.000143217144195447,-76.8800998104219,-2301.61199994944,0.000143217144195447
27960,0.000109703255854391,4.83274887920247e-05,0.000119876396834395,-78.4253263853415,-1776.22510699433,-7.31618099743679e-05,-7.9617450247307e-05,0.000108127650592288,-79.3212646659655,-2292.5804239335,0.000223180509288635
27980,0.000109700975180074,4.8378252239866e-05,0.000119894784061873,-78.4239942033141,-1776.20246728493,-3.34509610230419e-05,-7.23626020489229e-05,7.97202168126496e-05,-81.9686305766489,-2274.80961989455,0.000187272076757555
28000,0.000188703176268789,1.76440020145485e-05,0.000189526250268977,-74.4466125944007,-1794.65829766997,6.76461133497356e-06,-6.72054636417428e-05,6.75450539256196e-05,-83.408128945113,-2244.25221380257,0.000200751272056578
28020,0.000188756051184879,1.77125032416613e-05,0.000189585283263218,-74.4439075641826,-1794.63917301333,4.73719549368083e-05,-6.41745728626576e-05,7.9765142240452e-05,-81.9637371203408,-2213.56624743106,0.000163385910973983
28040,0.000188692119735652,1.76638465977603e-05,0.000189517090329508,-74.4470323998151,-1794.65201302173,8.82564609581528e-05,-6.32923835623415e-05,0.000108605380703999,-79.2829731538445,-2195.6458829218,0.000129000902151131
28060,0.000267812504273088,-1.29837158465907e-05,0.000268127048844773,-71.433187437502,-1802.7755616563,0.000129302198371148,-6.45751681959609e-05,0.000144530311184707,-76.8008212450312,-2186.5381279097,0.000147806572237388
28080,0.000298356887935383,6.60557092992532e-05,0.00030558172280016,-70.2974524995979,-1787.51618560184,0.000170392253975243,-6.8032939166455e-05,0.000183472071516049,-74.7286007110264,-2181.76546653289,0.000185350244650264
28100,0.000377516671784038,3.53234495819864e-05,0.000379165641330103,-68.4234204760888,-1794.65451667967,0.000211409076917727,-7.36693892317653e-05,0.00022387714647321,-72.9998047445108,-2179.21183299984,0.000198673531163441
28120,0.000377379664365133,3.54291792867254e-05,0.000379039098011367,-68.4263198019678,-1794.63667464287,0.000252234826654198,-8.14818512124372e-05,0.000265069235963511,-71.5328134745029,-2177.90251396192,0.000171258341280278
28140,0.000456538704889938,4.60024830559019e-06,0.000456561881180476,-66.8100070204744,-1799.42268664228,0.000292751723207322,-9.14612771862617e-05,0.000306706270991316,-70.265546884714,-2177.34981013112,0.000189878887843076
28160,0.000456484564379975,4.78603822104251e-06,0.000456509653434655,-66.8110006872782,-1799.39930117082,0.000332842398655941,-0.000103592237285202,0.000348590610844288,-69.1536862925085,-2177.28797527157,0.000164417869304516
28180,0.000535468001001613,-2.6096556540683e-05,0.000536103544438894,-65.4150264287017,-1802.79015817141,0.000372390248751046,-0.000117852938150335,0.000390594178650338,-68.1654846730306,-2177.56138006904,0.000187119178186507
28200,0.000535560405200026,-2.5888941400683e-05,0.000536185774620014,-65.4136942466743,-1802.76751846201,0.000411279783514984,-0.000134215261042518,0.000432625469228111,-67.2777583331846,-2178.07335125911,0.000164864382004015
28220,0.000614436565268852,-5.6761099314718e-05,0.000617052765276034,-64.193553941753,-1805.27795294612,0.000449396975752199,-0.000152644819531742,0.000474613614159034,-66.4731961664805,-2178.76087153597,0.000190871039999477
28240,0.000614646865736609,-5.65736203376112e-05,0.000617244962780533,-64.1908489115349,-1805.25882828948,0.000486629606348688,-0.000173101036640317,0.000516500089700894,-65.7385919744032,-2179.58119237939,0.00017310995768984
28260,0.000662749823018529,-0.000166373465250397,0.000683313586759781,-63.3075988767467,-1814.09204784991,0.000522867605286135,-0.000195537241243309,0.000558234131320095,-65.0636722716444,-2180.50433141129,0.000142890029980743
28280,0.000663039402759424,-0.00016636554175302,0.000683592527090773,-63.3040538710734,-1814.08549413032,0.000558003387269474,-0.000219900783470519,0.000599770068255456,-64.440304233212,-2181.5086574827,0.000117892267158436
28300,0.000741783491508839,-0.000196902903796339,0.000767472150503504,-62.2987474988291,-1814.86606138191,0.000591932180911444,-0.00024613316879115,0.000641065709251206,-63.8619490600877,-2182.57818226396,0.000157730891962279
28320,0.000742008091097063,-0.000197147116043053,0.00076775190824745,-62.2955819088914,-1814.87937611083,0.000624552350445544,-0.000274170210414352,0.000682081331459602,-63.3232767385966,-2183.70083810014,0.000140457851608684
28340,0.000741874374799233,-0.000196888622353698,0.000767556328614448,-62.2977948627154,-1814.86329045054,0.000655765708925195,-0.0003039421995627,0.000722779029632969,-62.8198891268375,-2184.86734839685,0.000137386937995758
28360,0.000790255247270407,-0.000306874309371102,0.000847747130688393,-61.4346734294831,-1821.2223377294,0.000685477821918897,-0.00033537409313224,0.000763122288160257,-62.3481172404388,-2186.07046623461,0.000108584283106364
28380,0.00079034306839378,-0.000306565150915427,0.00084771714475637,-61.4349806662678,-1821.20071065717,0.000713598300740667,-0.000368385718195152,0.0008030756951808,-61.9048703534554,-2187.30444872541,9.85471557221075e-05
28400,0.000869169095555287,-0.000337566718843014,0.00093241954416391,-60.6077726388168,-1821.22510699433,0.000740041084273024,-0.000402891992740196,0.000842604749705435,-61.4875219422787,-2188.56468631638,0.000144711556924296
28420,0.000869435750809667,-0.000337274976171141,0.000932562563229521,-60.6064404567894,-1821.20246728493,0.000764724708490246,-0.000438803162006256,0.000881675731072473,-61.0938222678874,-2189.84743635142,0.000145850522462517
28440,0.000917501297373532,-0.000447147712291779,0.00102066140677988,-59.8223661289843,-1825.98246345528,0.000787572562808784,-0.000476025049699291,0.000920255611029028,-60.7218305174191,-2191.14962827186,0.000133099123518316
28460,0.000917872844527094,-0.000447039428406019,0.00102094799537971,-59.819927585193,-1825.96786588113,0.000808513132466662,-0.000514459323361527,0.00095831199552372,-60.3698615120605,-2192.46871898247,0.000128471743421471
28480,0.000917442521257728,-0.000447084240910128,0.001020580765193,-59.8230524208255,-1825.98070588954,0.000827480226122186,-0.000554003773076447,0.000995813087484877,-60.0364434060573,-2193.80258395167,0.00013973188936216
28500,0.000966237205701902,-0.000556883506751252,0.00111522803846307,-59.052726406214,-1829.95667274178,0.000844413187955685,-0.000594552602691977,0.00103272766466348,-59.7202837792337,-2195.14943416604,0.000127514909280531
28520,0.000965867213485731,-0.000556574660650646,0.00111475325833346,-59.0564249913783,-1829.95241539037,0.000859257093605203,-0.000635996732685469,0.00106902506841395,-59.4202422111435,-2196.50775205754,0.000132942029423524
28540,0.000935402899309062,-0.000636037742351104,0.00113115984446536,-58.9295204096397,-1834.21418464866,0.000871962929270734,-0.000678224113748158,0.00110467520045119,-59.1353079126446,-2197.8762415365,7.61860861976395e-05
28560,0.001014367251022,-0.000666270120930164,0.00121361311544916,-58.318394775995,-1833.29823927346,0.000882487753427382,-0.000721120050152856,0.00113964852550326,-58.8645813411674,-2199.25378863793,0.000142831077226014
28580,0.00101429505336724,-0.000666700607300665,0.00121378917241024,-58.3171348189255,-1833.31709480641,0.00089079484059931,-0.000764567531917158,0.00117391607830383,-58.6072589822501,-2200.63943024228,0.000157576132353901
28600,0.000983854235385121,-0.000745328438639109,0.0012342947937707,-58.1716220569803,-1837.14610655809,0.000896853806750382,-0.00080844757477365,0.00120744947382491,-58.362620668227,-2202.03232900158,0.000107485347508388
28620,0.000983463678400178,-0.000745691858729395,0.00123420304444111,-58.1722677326938,-1837.17050289526,0.000900640715837459,-0.000852639566892389,0.00124022091985849,-58.1300189462758,-2203.43175308074,0.000135268087178692
28640,0.000953247784589058,-0.000824457129131301,0.00126032174328596,-57.9903714231028,-1840.85629134299,0.000902138167199943,-0.000897021621327099,0.00127220323134599,-57.9088701133449,-2204.83705966765,8.875696320456e-05
28660,0.00103177983166706,-0.000855141365689458,0.00134008819722738,-57.4573323564549,-1839.65201302173,0.000901335363467,-0.000941470933096286,0.00130336984593836,-57.6986466165409,-2206.24768145761,0.000156424273987917
28680,0.00100167656319239,-0.000934262660838371,0.0013697454714967,-57.2672025341599,-1843.00563367676,0.000898228158755562,-0.000985864139825709,0.00133369484042478,-57.4988705790086,-2207.66311550326,0.000115604000857263
28700,0.00100110694635904,-0.000934150982903271,0.00136925278050018,-57.2703273697925,-1843.01847368516,0.000892819086962413,-0.00103007768484429,0.00136315294771297,-57.3091082593715,-2209.08291395933,0.00014466579636522
28720,0.000970946139190006,-0.00101346313560016,0.00140351128689031,-57.0556818092981,-1846.22740395732,0.000885117370059802,-0.0010739881816348,0.0013917195741502,-57.1289652897413,-2210.50667635485,0.000105023134631857
28740,0.00097060805386606,-0.00101295956126367,0.00140291377745931,-57.0593803944623,-1846.22314660592,0.000875138906317322,-0.00111747277852741,0.00141937081698197,-56.9580825668121,-2211.93404310529,0.000141553420009908
28760,0.000940039371629042,-0.00109259009345015,0.0014413282528689,-56.8247420051631,-1849.2920547926,0.000862906238471876,-0.00116040952252426,0.00144608348180825,-56.7961326934974,-2213.36469003637,0.000102708301468673
28780,0.000940106529935742,-0.00109204787373723,0.0014409610841941,-56.8269549589871,-1849.2759691323,0.000848448501895697,-0.0012026777211332,0.00147183509989374,-56.6428168871694,-2214.79832373841,0.000143666827204631
28800,0.000909195992471619,-0.00117154118660002,0.00148295182141115,-56.5774591646673,-1852.18609426147,0.000831801352922387,-0.00124415830113355,0.00149660394527178,-56.4978622849257,-2216.23467760542,0.000106128109161201
28820,0.000909605966766785,-0.00117115648792754,0.001482899367453,-56.577766401452,-1852.16446718924,0.000813006877487294,-0.00128473416314378,0.00152036905151032,-56.3610195887332,-2217.67350844225,0.000149101550485407
28840,0.000878351749536287,-0.00125047197619983,0.00152813021669443,-56.3167927321926,-1854.91517452031,0.000792113480361649,-0.00132429053093285,0.0015431102281072,-56.2320610024068,-2219.11459354412,0.000113517479240465
28860,0.000878980590948509,-0.00125031655915125,0.00152836460877371,-56.3154605501651,-1854.89253481091,0.000769175755278147,-0.00136271529439587,0.00156480807643881,-56.11077842056,-2220.55772817144,0.000157132357015303
28880,0.000768732902605091,-0.00129852618366431,0.00150901309643404,-56.4261398209978,-1859.37429078618,0.000744254336328136,-0.00139989934515396,0.00158544400522558,-55.9969818359164,-2222.00272335597,0.000104286710933767
28900,0.000769300597368549,-0.00129882105750948,0.00150955607664692,-56.4230149853652,-1859.36145077777,0.000717415731047285,-0.00143573690374053,0.00160500024545685,-55.8904979368265,-2223.44940398607,0.000146417172156612
28920,0.000738191497066695,-0.00137751972915517,0.00156284589469125,-56.1216768744826,-1861.81383178736,0.000688732135678412,-0.00147012583737026,0.00162345986473943,-55.791168871128,-2224.89760712753,0.00010498628342637
28940,0.000738387355660365,-0.00137802976206989,0.00156338795957673,-56.1186647416489,-1861.81633395193,0.000658281233161605,-0.0015029679673411,0.00164080678106418,-55.6988511560036,-2226.34718054358,0.000148413429305365
28960,0.000707649440770469,-0.00145638616483712,0.00161920609934367,-55.8139573781015,-1864.08515673116,0.000626145974426653,-0.00153416936510079,0.00165702577593243,-55.6134147168498,-2227.79798138399,0.000112663398090576
28980,0.000628533126688997,-0.00142639453550117,0.00155873514820608,-56.144553429952,-1866.21956785674,0.000592414343642315,-0.00156364063608061,0.00167210250683256,-55.5347420404863,-2229.24987501752,0.000141919197478832
29000,0.0005981163670385,-0.00150487885609176,0.00161938369759343,-55.8130047419878,-1868.32457859311,0.000557179108110284,-0.00159129719042743,0.00168602351904616,-55.4627274302786,-2230.70273398609,9.56242002732918e-05
29020,0.000597707788331986,-0.001505293948361,0.00161961861905974,-55.8117447849183,-1868.34343412606,0.000520537553552048,-0.00161705949980514,0.00169877625677074,-55.3972763525618,-2232.15643706222,0.000135818936918247
29040,0.000519220470790938,-0.0014743584768498,0.00156311318065815,-56.1201914958452,-1870.59941601217,0.00048259120555745,-0.00164085333946694,0.00171034907352891,-55.3383048654217,-2233.61086839405,0.000170476515536431
29060,0.000487866214910748,-0.00155348518722232,0.00162829041346146,-55.7653626803907,-1872.56529874024,0.000443445538039748,-0.00166261001486091,0.00172073124186293,-55.2857391221017,-2235.06591672396,0.000117819457394907
29080,0.000488554942468081,-0.00155353054329079,0.00162854016860112,-55.7640304983633,-1872.54265903084,0.000403209669554941,-0.00168226657208204,0.00172991296230974,-55.2395149425051,-2236.52147466916,0.000154456403938326
29100,0.000409012509731548,-0.00152254599659548,0.00157652705173931,-56.0459714552475,-1874.96322646137,0.000361996048386551,-0.00169976599149706,0.00173788537162192,-55.1995774474343,-2237.97743805364,0.000183350686473548
29120,0.000378677333769364,-0.00160216609215042,0.00164630881366384,-55.669773935444,-1876.70198749155,0.000319920127342984,-0.00171505736396853,0.0017446405502515,-55.1658807508596,-2239.43370528224,0.000127266839984904
29140,0.000378477773243532,-0.00160157483534654,0.00164568750923579,-55.6730525428472,-1876.70401415469,0.00027710002922846,-0.00172809604911386,0.00175017152906832,-55.1383877065339,-2240.8901767484,0.00016212669278913
29160,0.000299498549482272,-0.00157146519410553,0.0015997506797708,-55.9189539323427,-1879.20965609885,0.000233656203997828,-0.00173884381514149,0.00175447229534196,-55.1170697057125,-2242.34675426799,0.000179863329333116
29180,0.000268963677577342,-0.00164981245235455,0.00167159282954913,-55.5373900094091,-1880.74070820836,0.000189711078604247,-0.00174726895978381,0.00175753779793471,-55.1019065237963,-2243.80334053229,0.000125613475727321
29200,0.000189642500380945,-0.00161978934371317,0.00163085308840418,-55.7517031920586,-1883.3222968258,0.000145388700597857,-0.00175334641198146,0.00175936395173648,-55.0928862139106,-2245.2598385733,0.000140697865227815
29220,0.000190048819095754,-0.00161932342131845,0.0016304376395527,-55.7539161458826,-1883.3062111655,0.000100814376536826,-0.00175705781400381,0.00175994764134288,-55.0900050461501,-2246.71615123517,0.000164114437717129
29240,0.000110517871885452,-0.00158893336785657,0.00159277225223637,-55.9569263756049,-1886.02121408392,5.61143062912251e-05,-0.00175839158371574,0.00175928672394607,-55.093267491921,-2248.17218064548,0.000177977062768039
29260,8.04571830672554e-05,-0.00166786964384115,0.00166980912297002,-55.5466634103257,-1887.23822168259,1.14152143344019e-05,-0.00175734295682212,0.00175738003147032,-55.1026862530336,-2249.62782768025,0.000113014455634226
29280,7.25702701158881e-07,-0.00163709188653602,0.00163709204738356,-55.7185380238944,-1889.9746014872,-3.31560208722283e-05,-0.00175391400893519,0.00175422737193877,-55.1182823359488,-2251.08299141623,0.000121636258879291
29300,1.3727895079207e-06,-0.00163734257707018,0.00163734315256084,-55.717205841867,-1889.9519617778,-7.74727382982087e-05,-0.00174811365738722,0.00174982953007519,-55.1400851720318,-2252.53756856421,0.000135966354255863
29320,-7.80542322615956e-05,-0.00160621042169679,0.00160810583667286,-55.8737074355024,-1892.78211537589,-0.00012140886544791,-0.00173995764277674,0.00174418826715081,-55.1681327851814,-2253.99145287625,0.000140598518361072
29340,-7.79022950795441e-05,-0.00160687502563853,0.00160876229306864,-55.8701624298291,-1892.7755616563,-0.000164839288043852,-0.00172946849028114,0.00173730632007086,-55.2024720088629,-2255.44453451953,0.000150290379994053
29360,-0.000156944175990347,-0.00157559826463289,0.00158339551783232,-56.0082117753134,-1895.6884261456,-0.000207640217180984,-0.00171667545086089,0.00172918739972838,-55.2431587550228,-2256.89669940886,0.000149909509592988
29380,-0.000157067442936925,-0.00157613789481994,0.00158394471024659,-56.0051996424796,-1895.69092831018,-0.000249689552850863,-0.00170161442250526,0.0017198361886182,-55.2902583382115,-2258.34782848861,0.000155959014631652
29400,-0.000235777794915038,-0.0015448818519366,0.00156277033022068,-56.1220968522437,-1898.67744541867,-0.000290867242752152,-0.00168432785173426,0.00170925833771083,-55.3438458589464,-2259.79779695469,0.000149933432304363
29420,-0.000236222873456092,-0.00154539013671814,0.00156333998880908,-56.118931262306,-1898.69076014759,-0.000331055635311366,-0.00166486461568736,0.0016974604626439,-55.4040066508821,-2261.24647340466,0.000152536565603354
29440,-0.000314643054946308,-0.0015144770186016,0.00154681637303797,-56.2112247914259,-1901.73663209903,-0.000370139825853684,-0.0016432798850793,0.0016844501391817,-55.4708367978275,-2262.69371890365,0.000140250026716638
29460,-0.000315297182686862,-0.00151452173789806,0.00154699334451576,-56.2102310944199,-1901.76001552137,-0.000408007994894772,-0.00161963496847964,0.00167023589801563,-55.5444437270919,-2264.13938595104,0.000140157361360527
29480,-0.00036309214287747,-0.00140489624645251,0.00145105801659193,-56.7663044627267,-1904.49087384941,-0.000444551737535442,-0.00159399713833667,0.0016548272188876,-55.6249468873232,-2265.5833173309,0.000205900006977238
29500,-0.000363663275383697,-0.0014046370965569,0.00145095015451483,-56.7669501384402,-1904.51527018658,-0.000479666382980964,-0.00156643943929037,0.00163823452409183,-55.7124785200325,-2267.02534482626,0.00019908972621977
29520,-0.000442280630863007,-0.00137442986801914,0.0014438385015436,-56.8096276285532,-1907.83776352698,-0.00051325130321766,-0.00153704047930408,0.00162046917134327,-55.8071845359907,-2268.46528777372,0.000177423355951053
29540,-0.000442429433022634,-0.00137383637794285,0.00144331915963305,-56.8127524641857,-1907.85060353538,-0.000545210209935849,-0.0015058842042499,0.0016015434460631,-55.9092255092878,-2269.90295143114,0.000167333548744127
29560,-0.000521498208081861,-0.00134377145485354,0.0014414167003028,-56.8242090099365,-1911.21051047922,-0.00057545143880567,-0.00147305965663084,0.00158147055312986,-56.0187778041118,-2271.33812512532,0.000140094219096802
29580,-0.000490681329099861,-0.00126423142159039,0.00135611550174152,-57.3540663917866,-1911.21253714236,-0.000603888220256042,-0.00143866071912063,0.00156026460810489,-56.1360348522094,-2272.7705801411,0.000207945617992162
29600,-0.000569947278061615,-0.00123396680465967,0.00135923286260001,-57.3341226787585,-1914.79137368193,-0.000630438935950657,-0.00140278584370747,0.00153794062800509,-56.2612086018423,-2274.20006730526,0.000179329608874803
29620,-0.00056945294006839,-0.00123364948224802,0.00135873753757057,-57.3372885252947,-1914.77806019494,-0.000655027360185648,-0.00136553776721642,0.00151451452164916,-56.394531163138,-2275.62631420904,0.000157218004981336
29640,-0.000539340338245104,-0.00115484821246309,0.00127458322375886,-57.8926360412546,-1915.03364269103,-0.000677582885506335,-0.00132702321409938,0.00149000307969136,-56.5362566788474,-2277.0490220017,0.00022080587189142
29660,-0.000617833048085752,-0.00112413166804857,0.00128272743886477,-57.8373123030902,-1918.79359767565,-0.000698040731848898,-0.00128735258731617,0.00146442396435929,-56.686663455632,-2278.46786167288,0.000181863523063889
29680,-0.000618362513510734,-0.00112400800903139,0.00128287419589063,-57.8363186060842,-1918.81698109799,-0.000716342138595186,-0.00124663964827088,0.00143779569903657,-56.8460563970669,-2279.88246972292,0.00015696663936727
29700,-0.000587259824960354,-0.00104516726556821,0.00119885308317066,-58.424680709628,-1919.33081301133,-0.000732434538967192,-0.00120500118672715,0.00141013765777882,-57.0147697880899,-2281.29244309824,0.000215922624891444
29720,-0.000666676486406187,-0.00101415156193136,0.00121365601720369,-58.3180877314238,-1923.31986407135,-0.000746271716237148,-0.00116255668169206,0.00138147005490614,-57.1931704904466,-2282.69733323875,0.000168402732112723
29740,-0.000635795479590898,-0.000935585347768755,0.00113117453773845,-58.9294075844538,-1924.19884098232,-0.000757813941287136,-0.00111942795426438,0.00135181393482893,-57.3816616211125,-2284.09663904841,0.000220650422519022
29760,-0.00063577636064578,-0.000935106367855488,0.00113076765958347,-58.9325324200863,-1924.21168099073,-0.000767028091114111,-0.0010757388134861,0.00132119116232233,-57.5806868008459,-2285.48979855203,0.000192365541391843
29780,-0.000635928886448519,-0.000935560840520616,0.00113122925834479,-58.928987414413,-1924.20512727114,-0.000773887747921897,-0.00103161469624613,0.00128962441349977,-57.790735079206,-2286.87617894064,0.000168104106608876
29800,-0.000684068852222493,-0.000825503233917827,0.00107210343894131,-59.3952662183459,-1929.64748596528,-0.000778373278513415,-0.000987182302302565,0.00125713716780752,-58.0123466662993,-2288.25506462856,0.000187172236113738
29820,-0.000684342180320541,-0.00082575967024938,0.00107247529238497,-59.3922540855122,-1929.64998812985,-0.000780471893731473,-0.000942569225494665,0.00122375370142623,-58.2461196319631,-2289.62564284104,0.000151279192214491
29840,-0.000653248839577646,-0.000746598836502017,0.00099204025577378,-60.0694140870435,-1931.18483234184,-0.000780177687793694,-0.000897903582260997,0.00118949908262606,-58.4927177713253,-2290.98698611447,0.000197494452070538
29860,-0.000653699467142097,-0.000746644563417043,0.000992371451333667,-60.0665147611645,-1931.20267437864,-0.000777491657387684,-0.000853313638541407,0.00115439916971047,-58.7528798855243,-2292.33803090802,0.000163409907758639
29880,-0.000622632700085115,-0.000667683325887526,0.000912947152294978,-60.7910872342199,-1933.00036379341,-0.000772421700474468,-0.000808927436176606,0.00111848061242166,-59.0274307899749,-2293.67755127956,0.000205880167400834
29900,-0.000622976408279265,-0.000667505523521966,0.000913051602706478,-60.7900935372139,-1933.02374721575,-0.000764982594811838,-0.000764872419914783,0.00108177085795068,-59.3172944457083,-2295.004126245,0.00017218034012829
29920,-0.000671080170020774,-0.000558026186096688,0.000872778218658513,-61.1819220136201,-1940.25531475625,-0.000755195956256918,-0.000721275066129899,0.00104429816305856,-59.6235097185618,-2296.31609898045,0.000183645480004878
29940,-0.00067119766458357,-0.000557675465954135,0.000872644389353189,-61.1832539851132,-1940.27795294612,-0.000743090176974406,-0.000678260514339159,0.00100609161433116,-59.9472494156832,-2297.61152539045,0.00014038976897155
29960,-0.000640554277133909,-0.000479028324276714,0.000799861186340418,-61.9397075410936,-1943.20960739849,-0.000728700343724264,-0.000635952202616548,0.000967181159326783,-60.2898434422863,-2298.88810866787,0.000179985645673666
29980,-0.000561421551319462,-0.000509385396478398,0.000758068361318032,-62.4058325732558,-1937.78211537589,-0.000712068136501116,-0.000594471507989365,0.000927597652450308,-60.6528071827674,-2300.14311519556,0.000173014565857763
30000,-0.000609961454755338,-0.000399935831974441,0.000729384429491291,-62.7408702401922,-1946.74818827119,-0.000693241707796888,-0.000553937392863134,0.000887372920840586,-61.0378765678084,-2301.37326529285,0.000175077358053001
30020,-0.000530730936878787,-0.00043043091467083,0.000683334544468961,-63.3073324784766,-1940.9574184393,-0.000672275542861547,-0.000514466058529154,0.000846539857837958,-61.4470517816603,-2302.57458960069,0.000164610998679019
30040,-0.000500252149713705,-0.000351516491589078,0.00061140498620168,-64.2734204757235,-1944.90510683291,-0.000649230301379069,-0.000476170606776031,0.0008051325549164,-61.8826522527775,-2303.74223785446,0.000194250194611666
30060,-0.000499988186681805,-0.000351504582493522,0.000611182180970048,-64.2765863222596,-1944.89179334592,-0.000624172641025053,-0.000439160710603504,0.000763186488049916,-62.3473865453588,-2304.87022064217,0.000152004524589776
30080,-0.000469577603570058,-0.000272430487527005,0.000542882580590684,-65.3058818655312,-1949.87937611083,-0.000597175023429882,-0.000403542295005104,0.000720738782407653,-62.8444421650974,-2305.95105520656,0.000182951927060248
30100,-0.000469374351063518,-0.000272538323335124,0.000542760922619361,-65.3078285592918,-1949.85876256114,-0.000568315503127871,-0.000369417228766647,0.000677828591905885,-63.3776023173774,-2306.97527122273,0.000138473368881642
30120,-0.000438851822656604,-0.000193352375159722,0.000479558195872961,-66.383173646284,-1956.2223377294,-0.000537677500125537,-0.000336883028185281,0.000634497650760452,-63.9513996309966,-2307.93070791581,0.00017426291310872
30140,-0.000359728980884305,-0.000224167682082884,0.000423858572378185,-67.4555805795474,-1948.07060830302,-0.000505349556743171,-0.000306032573576585,0.000590791088787253,-64.5713212800559,-2308.80149290201,0.000167054519761494
30160,-0.000329077955811765,-0.000145011559254752,0.000359611809203681,-68.883321100301,-1956.21882176455,-0.000471425079469631,-0.000276953839404809,0.000546758662221288,-65.2440865553774,-2309.56652273697,0.000194091393175648
30180,-0.000329133390187785,-0.000145136136545918,0.00035971278357598,-68.8808825565097,-1956.20422419041,-0.000436002066598992,-0.000249729638835212,0.000502456659415872,-65.9780278677335,-2310.19714018545,0.00014953499496447
30200,-0.000298374622257491,-6.60005785035469e-05,0.000305587125988814,-70.2972989201069,-1967.52699667283,-0.000399182822438816,-0.000224437383447842,0.000457950941498249,-66.7836208756329,-2310.65347317148,0.000187788483099349
30220,-0.000219443489757106,-9.67380290319625e-05,0.000239820123129328,-72.4022875675825,-1956.21051047922,-0.000361073658954854,-0.000201148858823253,0.000413321969651921,-67.6742301936634,-2310.87845939448,0.00017595660318581
30240,-0.000219343797167796,-9.66928481718799e-05,0.00023971067611514,-72.4062524628696,-1956.21078015811,-0.000321784585709491,-0.000179930016648421,0.00036867347408151,-68.6671621719053,-2310.78769682425,0.000131994474782228
30260,-0.00018876273132124,-1.76771862411048e-05,0.00018958863797511,-74.4437538687113,-1974.64998812985,-0.000281428989059958,-0.00016084078396535,0.000324148166229424,-69.7851286188859,-2310.25140187188,0.000170536949183009
30280,-0.000109670981380867,-4.83667202225309e-05,0.000119862687197172,-78.4263198019678,-1956.20172581994,-0.000240123301503445,-0.00014393489009944,0.000279957947757967,-71.0581439751725,-2309.06065296342,0.000161712964597726
30300,-0.000109723109976303,-4.83385466485843e-05,0.000119899023995066,-78.4236870428241,-1956.22409612863,-0.000197986662197147,-0.000129259711786024,0.00023644617040454,-72.5253543126619,-2306.86065309445,0.000119744267578211
30320,-7.90290005104803e-05,3.06516698043194e-05,8.47650150915962e-05,-81.4356671264891,-2001.19895430705,-0.000155140569633294,-0.000116856136936565,0.000194226550929269,-74.2338280391378,-2303.01193695015,0.000165986517536343
30340,-0,0,0,-240,-2160,-0.000111708527494249,-0.000106758447439653,0.000154519128960328,-76.2203549736286,-2296.29800018577,0.000154519128960328
30360,-0,0,0,-240,-2160,-6.78156847461959e-05,-9.89942213377214e-05,0.000119995095549182,-78.41673008229,-2284.41297243492,0.000119995095549182
30380,0.000109692651937255,4.83371864182507e-05,0.000119870603067894,-78.4257461946943,-2136.21882176455,-2.35884710090516e-05,-9.35842546521682e-05,9.65112878545651e-05,-80.3084377815681,-2264.1470593409,0.000194693485174345
30400,0.000109711130062595,4.83787121819725e-05,0.000119904261191993,-78.4233076509029,-2136.20422419041,2.08457716879746e-05,-9.05425030868819e-05,9.29111998765767e-05,-80.6386386261728,-2237.03461729515,0.000164912570687698
30420,0.000188692119735652,1.76638465977603e-05,0.000189517090329508,-74.4470323998151,-2154.65201302173,6.53591597056225e-05,-8.98760437673678e-05,0.000111128407712425,-79.0834981666869,-2213.97480976814,0.000163633269995782
30440,0.00018876712457582,1.76926493346953e-05,0.000189594454457676,-74.4434873941418,-2154.64545930214,0.000109823640064308,-9.15850571188352e-05,0.00014300019092447,-76.8932676538612,-2199.82568817025,0.000134809832262203
30460,0.000267710974616939,-1.29882853568246e-05,0.000268025859735328,-71.4364660449051,-2162.77758831943,0.000154111363046139,-9.56628289307349e-05,0.000181388227454181,-74.8278180630045,-2191.82945945787,0.000140498939156818
30480,0.000267803261097957,-1.30044855267013e-05,0.000268118823096244,-71.4334539120714,-2162.78009048401,0.00019809505408887,-0.000102095772587942,0.000222856898557799,-73.0394783548037,-2187.26602584786,0.000113121578642849
30500,0.000346727533785964,-4.35896715149736e-05,0.0003494567815168,-69.1321305448248,-2167.16548235202,0.000241648383838122,-0.000110863471396671,0.000265865850950619,-71.5067488378841,-2184.6447155673,0.000124769354828354
30520,0.000346815594913635,-4.37382983429941e-05,0.000349562720577065,-69.1294977856812,-2167.1878526607,0.000284646335290749,-0.000121938740866878,0.000309665291433594,-70.1821493887375,-2183.1896543479,9.99015818342684e-05
30540,0.000425796672356721,-7.42293485111167e-05,0.000432218466022036,-67.2859336467809,-2169.88902183303,0.000326965566933693,-0.0001352877107628,0.000353849186297934,-69.0236359749895,-2182.47817971425,0.00011617104200271
30560,0.000425815054572314,-7.44116299585103e-05,0.000432267916197241,-67.2849399497749,-2169.91240525538,0.000368484770839756,-0.000150869926662983,0.000398174284845369,-67.9985358259199,-2182.26582555977,9.55648082078588e-05
30580,0.000504899043729922,-0.000104928555110653,0.000515686965161036,-65.7522769192839,-2171.74014507691,0.000409085024657788,-0.000168638470729602,0.000442481063108108,-67.0821062219733,-2182.40308762002,0.000115062068462761
30600,0.000504767247826019,-0.00010505147737926,0.000515582958773289,-65.7540289106641,-2171.75649955652,0.000448650136449829,-0.000188540101312524,0.000486656259324163,-66.2555537280093,-2182.79402516941,0.00010059562870959
30620,0.000583980656796298,-0.000135618541459895,0.000599521305959967,-64.4439075641826,-2173.07412183625,0.000487066981397012,-0.000210515410976387,0.000530613779151799,-65.504429526128,-2183.37450241338,0.000122481841685895
30640,0.000583768830014537,-0.00013565861763179,0.000599324042096018,-64.446766001545,-2173.0824347882,0.000524225829367,-0.000234499002465456,0.00057428433927177,-64.8174605352713,-2184.10013266567,0.000115389733512907
30660,0.000663039402759424,-0.00016636554175302,0.000683592527090773,-63.3040538710734,-2174.08549413032,0.000560020662408281,-0.00026041968209404,0.00061760954748625,-64.185719979206,-2184.93927509127,0.000139495670824669
30680,0.000662816759292303,-0.000166278927962501,0.00068335549919724,-63.3070661262659,-2174.08299345932,0.000594349481212253,-0.000288200669966282,0.000660538365264492,-63.6020390541372,-2185.86879389378,0.000139830895516433
30700,0.000742046439758259,-0.000197094516133538,0.000767775466557653,-62.2953153882343,-2174.87484756102,0.000627114599689355,-0.000317759826413623,0.000703024913090536,-63.0605856923194,-2186.87139522561,0.000166641666358127
30720,0.000711217399482373,-0.00027591277785174,0.000762861750455699,-62.3510831977661,-2181.20348219645,0.000658222926775904,-0.000349009893967801,0.000745027064891506,-62.5565590035702,-2187.93390072017,9.02862255381274e-05
30740,0.000790255247270407,-0.000306874309371102,0.000847747130688393,-61.4346734294831,-2181.2223377294,0.000687586234650523,-0.000381858754147455,0.000786505523311776,-62.0859644630923,-2189.04609640611,0.00012713612040156
30760,0.000790290005104803,-0.000306516698043194,0.000847650150915962,-61.4356671264891,-2181.19895430705,0.000715121412613423,-0.000416209698303434,0.000827423197487268,-61.6454461493639,-2190.19994597185,0.000132976958918559
30780,0.000838539857201255,-0.000416528616008853,0.000936293319462096,-60.5717615066907,-2186.41500851579,0.000740750705852042,-0.00045196171171289,0.000867744776460651,-61.2321598391844,-2191.38904106076,0.000104010684031837
30800,0.000838774389339563,-0.000416314589881111,0.000936408198362143,-60.5706958532064,-2186.39689619267,0.000764401938434122,-0.000489009770081566,0.000907436432328496,-60.8436757678404,-2192.6082095314,0.000103999282103575
30820,0.000838486378195779,-0.000416469979532276,0.000936219338761751,-60.5724478445866,-2186.41325067228,0.000786008719868494,-0.000527245147578661,0.00094646561129,-60.4779032198105,-2193.85323129658,0.000122576679997543
30840,0.000887206635586783,-0.000526084349528303,0.00103145545567796,-59.7309904535932,-2190.66654639843,0.000805510634639308,-0.000566555735485595,0.000984800885422349,-60.1330313921549,-2195.12062887111,9.11711009701754e-05
30860,0.000886838400055309,-0.000526039924523695,0.00103111607009374,-59.7338488909556,-2190.67485935038,0.000822853414188747,-0.000606826370534647,0.00102241184716255,-59.8074825356793,-2196.40751072781,0.000103055947307396
30880,0.000887191826004634,-0.000526207141569966,0.00103150535237035,-59.7305702835524,-2190.67283268725,0.000837989090825488,-0.000647939171942792,0.00105926903423089,-59.4998744665362,-2197.7114525865,0.000131299643441251
30900,0.000935209779026269,-0.000635588666989465,0.00113074766610054,-58.9326859995773,-2194.20086991973,0.000850876133146003,-0.000689773886169927,0.00109534387659742,-59.2089903057287,-2199.03040635448,0.000100240719296566
30920,0.000935481871793903,-0.00063598332231163,0.00113119455387372,-58.9292538889825,-2194.20965609885,0.000861479562580579,-0.000732208238374051,0.00113060865956654,-58.9337538502305,-2200.36262949645,0.000121390181811068
30940,0.000904686120207099,-0.000714637301111346,0.0011528935112295,-58.7642161025224,-2198.3062111655,0.000869771050724334,-0.000775118289532633,0.00116503649876135,-58.6732093732339,-2201.7066296867,6.98356072315707e-05
30960,0.000904582097703088,-0.000715038701090595,0.00115306075969233,-58.7629561454529,-2198.32506669845,0.000875728997192857,-0.000818378798170774,0.00119860132396884,-58.4265049383965,-2203.0611210235,0.000107292483770272
30980,0.000953197720293578,-0.000824362745478487,0.00126022213522288,-57.9910579294167,-2200.85453471522,0.000879338587785343,-0.000861863585647925,0.00123127786962741,-58.1928785249987,-2204.42498908507,8.28340779406804e-05
31000,0.000952870197038004,-0.000824657246644747,0.00126016712655383,-57.9914370765871,-2200.87440366611,0.000880591832812113,-0.000905445903925137,0.00126304167031425,-57.9716464189963,-2205.79726281215,0.00010840188688551
31020,0.000953247784589058,-0.000824457129131301,0.00126032174328596,-57.9903714231028,-2200.85629134299,0.00087948758546169,-0.000948998804722364,0.00129386905996925,-57.7621934441373,-2207.17709171024,0.000144745279488965
31040,0.000922142471931527,-0.000903577773699547,0.00129104590610242,-57.7811663024251,-2204.4174122782,0.000876031540193266,-0.000992395508997145,0.00132373717394772,-57.5639646972467,-2208.5637272322,0.000100074013256014
31060,0.000922631642070105,-0.00090359645189806,0.00129140841519317,-57.7787277586338,-2204.40281470405,0.000870236211176732,-0.00103550977566894,0.00135262395319216,-57.3764585211639,-2209.95650747188,0.000141938036363702
31080,0.000891529412410401,-0.000982447409908174,0.00132666032066544,-57.5448052012598,-2207.77758831943,0.00086212089083147,-0.00107821626847776,0.00138050814992819,-57.1992205025749,-2211.3548444997,0.000100182510515454
31100,0.000891900759492739,-0.000982786770418874,0.00132716118120373,-57.5415265938567,-2207.7755616563,0.000851711588637317,-0.00112039091995085,0.00140736933451295,-57.031838322914,-2212.75821382116,0.000143352960982554
31120,0.000860936613067779,-0.00106131613314303,0.00136660300972531,-57.287152542958,-2210.95113442476,0.00083904095038692,-0.00116191129137497,0.00143318790305069,-56.8739373238292,-2214.16614555168,0.000102950502203456
31140,0.000861114042731589,-0.00106186764296302,0.00136714311092928,-57.2837204323633,-2210.95992060387,0.000824148158144125,-0.00120265692774821,0.00145794508553413,-56.7251766739774,-2215.578216988,0.000145561324992793
31160,0.000830425399120841,-0.00114041505391841,0.00141072776917049,-57.0111356959081,-2213.93870846855,0.000807078811205973,-0.00124250970665891,0.00148162295427658,-56.5852460446895,-2216.99404632214,0.000104730040033744
31180,0.000830170467744578,-0.00114085375566291,0.00141093242124682,-57.0098757388386,-2213.9575640015,0.000787884788449564,-0.00128135418009536,0.0015042044324885,-56.4538627181294,-2218.41328729491,0.000146725757585841
31200,0.000799915144835865,-0.00121953427967538,0.00145846772272859,-56.7220635556784,-2216.73838844915,0.000766624092470756,-0.00131907790817924,0.00152567330284145,-56.330769065015,-2219.83562462603,0.000104962984634069
31220,0.000799457290525868,-0.00121975835505551,0.00145840406064392,-56.7224427028488,-2216.75825740003,0.000743360675982299,-0.00135557178385332,0.00154601421590363,-56.2157303395296,-2221.26077008901,0.000146942565667906
31240,0.000769279615768435,-0.00129869481139112,0.00150943676262739,-56.4237015377764,-2219.3596938723,0.000718164251004762,-0.00139073034758537,0.0015652126983628,-56.1085327476719,-2222.68845912345,0.000105277350068699
31260,0.000768753808134016,-0.00129865236958831,0.00150913233169192,-56.4254535291565,-2219.37604835192,0.000691110081416192,-0.00142445209117546,0.00158325516095456,-56.0089817524751,-2224.11844789711,0.000147831384523168
31280,0.000659589467305954,-0.00134719976969145,0.0015000018282781,-56.4781642320783,-2223.91361414777,0.000662278759493183,-0.00145663974979951,0.00160012890604845,-55.9169005852507,-2225.55051074545,0.000109473017399357
31300,0.000659177033217296,-0.00134685214608643,0.00149950827424819,-56.4810226694407,-2223.92192709972,0.000631755967085201,-0.00148720058140842,0.00161582213479371,-55.8321289371812,-2226.9844379291,0.000143002091471247
31320,0.000628797188707756,-0.00142638268342119,0.00155883080034063,-56.1440204347254,-2226.21051047922,0.000599632222168195,-0.00151604663273038,0.00163032395384337,-55.7545218090057,-2228.42003365948,9.42879582925292e-05
31340,0.000628641392676723,-0.00142586066587365,0.00155829029358209,-56.1470326899179,-2226.20800980822,0.000566002611503902,-0.00154309499106602,0.00164362438156724,-55.6839485005327,-2229.85711435121,0.000132919163065859
31360,0.000549624624339125,-0.00139570694831099,0.00150002837081287,-56.478010536607,-2228.50564934957,0.000530966510213283,-0.0015682680211738,0.00165571435374719,-55.6202917241121,-2231.2955070662,0.000173566843291845
31380,0.000519092211540458,-0.0014742218807749,0.00156294173846546,-56.12114421613,-2230.60218755144,0.000494627289090911,-0.00159149358656281,0.00166658572872324,-55.5634468287418,-2232.73504812002,0.000119796433205951
31400,0.000518682263604945,-0.00147460651742389,0.00156316847198482,-56.1198842590605,-2230.62104308439,0.00045709201052987,-0.00161270525456663,0.00167623129197526,-55.5133211234452,-2234.17558182542,0.0001512105170756
31420,0.00044018616395156,-0.00144370196175826,0.00150931746604849,-56.4243880440903,-2233.0434840698,0.000418471113953001,-0.00163184248460126,0.00168464476010899,-55.4698332903882,-2235.61695935113,0.000189389544938671
31440,0.000408983718967273,-0.00152281171955899,0.00157677620974142,-56.0445988255105,-2234.96674187061,0.000378878091682334,-0.00164885079908295,0.00169182078424203,-55.4329128795691,-2237.05903767767,0.00012958471499936
31460,0.000409515328758111,-0.00152286918182069,0.00157696967295731,-56.0435331720261,-2234.94862954749,0.000338429156199068,-0.00166368193651228,0.00169775495276641,-55.4024998783231,-2238.50167863358,0.000157738631327041
31480,0.000329983200384996,-0.00149200111526131,0.00152805636037331,-56.3172125415453,-2237.52875423857,0.000297242899783132,-0.0016762939863189,0.00170244379350403,-55.3785443498189,-2239.94474799773,0.000187178496644643
31500,0.000299789868177858,-0.00157138082735965,0.00159972237268084,-55.919107627814,-2239.19884098232,0.000255439947519614,-0.00168665150504681,0.00170588477520185,-55.3610061361016,-2241.38811465512,0.00012350807502689
31520,0.000220448845544733,-0.00154023966920906,0.00155593570950321,-56.1601670361918,-2241.85478359956,0.00021314260470881,-0.001694725613608,0.00170807630841279,-55.3498546216251,-2242.83164979429,0.000154658618162666
31540,0.000220586574374829,-0.00154081336178785,0.00155652312949676,-56.1568884287886,-2241.85275693643,0.00017047449970246,-0.00170049407530439,0.00170901774572241,-55.3450685544874,-2244.27522613586,0.000167359344815638
31560,0.000220577313684713,-0.00154026947675301,0.00155598342289671,-56.159900683981,-2241.85025626543,0.00012756022321876,-0.00170394135442082,0.00170870938133232,-55.3466359230739,-2245.7187171823,0.000188256906003625
31580,0.000110606821065939,-0.00158910236645116,0.00159294701730063,-55.9559733788504,-2246.01844421127,8.45249651927353e-05,-0.00170505865523264,0.00170715244999519,-55.3545538866055,-2247.16199647937,0.000118853372328112
31600,0.000111024663597712,-0.00158866644600159,0.00159254122476572,-55.9581863326744,-2246.00235855097,4.14941502276563e-05,-0.00170384394134042,0.00170434912531018,-55.3688287586973,-2248.60493687999,0.000134537532763283
31620,3.14923471584114e-05,-0.00155824593691946,0.00155856413658712,-56.1455064267065,-2248.84220267744,-1.40692729362017e-06,-0.00170030193529831,0.00170030251738436,-55.3894760437014,-2250.04740980172,0.000145815873398201
31640,3.20793913194202e-05,-0.00155817882191022,0.00155850900812185,-56.1458136634912,-2248.82057560521,-4.40534673636073e-05,-0.00169444409853132,0.00169501666983967,-55.4165205264005,-2251.48928446822,0.000156091120131395
31660,-4.74825520483465e-05,-0.00152743925641116,0.00152817710844487,-56.3165262036495,-2251.78054477988,-8.63215267145299e-05,-0.00168628859165285,0.00168849655620403,-55.4499964159769,-2252.93042712554,0.000163528521242765
31680,-4.70054627319453e-05,-0.00152764160189011,0.00152836460877371,-56.3154605501651,-2251.76243245676,-0.000128088378332453,-0.00167586021529466,0.00168074807567086,-55.4899475461443,-2254.37070022282,0.000168947318895116
31700,-0.000126446861022772,-0.00149664228981931,0.00150197435142485,-56.4667496706019,-2254.82928143051,-0.000169232867078258,-0.00166319033166194,0.00167177804825679,-55.5364276338223,-2255.80996154697,0.000171956077402905
31720,-0.000126100946373872,-0.00149709470378038,0.00150239608651103,-56.4643111268106,-2254.81468385637,-0.000209635760375492,-0.00164831676703289,0.00166159420933933,-55.5895005997572,-2257.24806329913,0.000172760462967173
31740,-0.000205291056771005,-0.00146591621771475,0.00148022119135935,-56.5934676514373,-2257.97201722717,-0.00024918009295223,-0.00163128369554148,0.00165020520362261,-55.6492409549975,-2258.68485110023,0.000171092519473204
31760,-0.000205426300945836,-0.00146641569327541,0.00148073459830069,-56.5904555186036,-2257.97451939174,-0.000287751504635516,-0.00161214150457859,0.00163762057852389,-55.7157342583617,-2260.12016291072,0.000167372193755466
31780,-0.000284200825719101,-0.00143531510826719,0.00146318131800522,-56.6940370519319,-2261.20003000678,-0.000325238570216034,-0.00159094664221933,0.00162385077699434,-55.7890776509798,-2261.55382784797,0.000160951144244734
31800,-0.000284571575509092,-0.00143566748014113,0.0014635990212905,-56.691557791966,-2261.2115880553,-0.000361533120433111,-0.00156776144717253,0.00160890712982777,-55.8693804749787,-2262.98566488218,0.000152878695452265
31820,-0.000363120269390537,-0.00140472459410043,0.00145089886460527,-56.7672571830115,-2264.49364538869,-0.000396530553150859,-0.00154265396173146,0.00159280184744616,-55.9567649850875,-2264.41548138882,0.000141918136670556
31840,-0.000363635276476792,-0.00140480878223391,0.00145110934423974,-56.765997225942,-2264.51250092164,-0.000430130133828136,-0.00151569772830566,0.00157554801120688,-56.05136716323,-2265.84307153207,0.000129297812878171
31860,-0.000411469934625305,-0.00129520542452159,0.00135899396570062,-57.3356494329548,-2267.62437628217,-0.00046223528441379,-0.00148697157013999,0.00155715956425849,-56.1533376481068,-2267.26821444887,0.000198371810861536
31880,-0.000411901079156684,-0.00129500612821687,0.00135893464564331,-57.3360285801253,-2267.64424523306,-0.00049275385984276,-0.00145655935688915,0.00153765130199642,-56.2628427937932,-2268.69067219848,0.000180656076120089
31900,-0.00049058178352166,-0.00126463381935952,0.00135645463742476,-57.3518945068354,-2271.20246728493,-0.000521598411336698,-0.00142454975573689,0.00151703886215186,-56.3800658740224,-2270.11018743514,0.00016289609543654
31920,-0.000490843724152034,-0.00126423870684405,0.00135618106070766,-57.3536464982156,-2271.21882176455,-0.000548686435749021,-0.00139103596879102,0.00149533871455444,-56.5052084518025,-2271.52648075387,0.000139367589209764
31940,-0.000460065862537109,-0.00118575343614522,0.00127187727757131,-57.9110958279161,-2271.20598137365,-0.000573940610254663,-0.00135611545756838,0.00147256815066584,-56.6384919372931,-2272.93924764899,0.000204916267072975
31960,-0.000539028209880519,-0.00115454937467225,0.00127418039131164,-57.8953816534311,-2275.02661197665,-0.000597289011705601,-0.00131988965535102,0.0014487452729196,-56.7801593615268,-2274.34815501282,0.000175304676047838
31980,-0.000539265606293809,-0.00115492627488295,0.00127462233408427,-57.8923695205974,-2275.02911414122,-0.000618665320030608,-0.0012824636682858,0.0014238889839737,-56.9304773983527,-2275.75283708656,0.000150233489134348
32000,-0.000587310536225296,-0.00104494577974274,0.001198684841217,-58.4258997360546,-2279.33811216238,-0.000638009005107492,-0.00124394596610986,0.00139801897597967,-57.0897386732756,-2277.15289075601,0.000205356784453661
32020,-0.000587689040298104,-0.00104512555588607,0.0011990270370816,-58.4234204760888,-2279.3496702109,-0.000655265496579169,-0.0012044480634119,0.00137115571999092,-57.2582644054145,-2278.54787006072,0.000173061373066969
32040,-0.000587181378281432,-0.00104510266753809,0.00119875833957295,-58.4253671698493,-2279.32905666121,-0.000670386336135685,-0.00116408419236974,0.00134332045566296,-57.4364074379928,-2279.93727975471,0.000145188388870438
32060,-0.000636013176363555,-0.000935269528640198,0.00113103574289715,-58.9304734063941,-2284.21695452131,-0.000683329311837373,-0.00112297096792868,0.00131453518143366,-57.6245557240844,-2281.32056771787,0.000193573363320332
32080,-0.000635637616708189,-0.000935476443637286,0.00113099573667398,-58.9307806431788,-2284.19532744909,-0.00069405857410632,-0.00108122704639693,0.00128482264540703,-57.8231363483963,-2282.69711596812,0.000157023076228029
32100,-0.000605251640675586,-0.000856194916278553,0.00104852242856399,-59.5884455052622,-2285.25682307598,-0.000702544733080449,-0.00103897277848927,0.00125420633725906,-58.0326201830028,-2284.06622995999,0.000207059635718845
32120,-0.000605055178771154,-0.000856491280109326,0.00104865107746147,-59.5873798517779,-2285.23871075286,-0.000708764937040995,-0.000996329857790775,0.00122271048147307,-58.2535272972737,-2285.42712577319,0.000174099229660443
32140,-0.000684192469825037,-0.000825468099095026,0.00107215526785482,-59.3948463247748,-2289.65377058747,-0.000712702931737876,-0.000953420965717798,0.00119036003241793,-58.4864332688898,-2286.77891468659,0.000131090741532225
32160,-0.000653582548832605,-0.000746868289829933,0.00099246279048235,-60.0657153374656,-2291.18908789555,-0.000714349100436304,-0.000910369413982115,0.00115718067180899,-58.7319765781998,-2288.12058449087,0.000174428184055308
32180,-0.000653401269153752,-0.000746488770068427,0.000992057812009969,-60.0692603733411,-2291.19564366426,-0.000713700484605795,-0.000867298785621804,0.00112319880932433,-58.9908673119803,-2289.45097670441,0.000135022424960223
32200,-0.000622978836784929,-0.000667678610695946,0.000913179806096681,-60.7888740198023,-2293.01644879328,-0.000710760785197802,-0.000824332575630477,0.00108844158732592,-59.263897459839,-2290.76875860422,0.000179572089136562
32220,-0.000622700037160413,-0.000667543980489077,0.000912891177614715,-60.7916198004252,-2293.00941929458,-0.000705540344547127,-0.000781593832252795,0.00105293689098601,-59.5519531597258,-2292.07238864143,0.000140960580359373
32240,-0.000592325512618084,-0.00058857320478703,0.000835025706365709,-61.5660030900661,-2295.18205683132,-0.00069805610896782,-0.000739204799981104,0.00101671336549806,-59.8560293452474,-2293.36007334308,0.00018403487842032
32260,-0.000591981030280796,-0.000588654325377045,0.000834838580204232,-61.5679497838267,-2295.16144328163,-0.000688331572157351,-0.000697286565280929,0.000979800442615681,-60.1772473738235,-2294.62971315517,0.000145204650292064
32280,-0.000561601546405044,-0.000509454474067885,0.000758248084779858,-62.4037735595636,-2297.78738890647,-0.000676396699623539,-0.000655958706095514,0.000942228379621479,-60.5168763817606,-2295.87883377775,0.000186122049216269
32300,-0.000561389348089853,-0.000509648394348853,0.00075822126454691,-62.4040807963483,-2297.76576183425,-0.000662287834353484,-0.000615338946130306,0.000904028314909098,-60.876359337037,-2297.10449826022,0.000146119804496721
32320,-0.000530858955845603,-0.000430411226565361,0.000683421579228358,-63.3062262470097,-2300.965460905,-0.000646047584043456,-0.000575542814934036,0.000865232346061207,-61.2573450631308,-2298.30319328506,0.000185287878741481
32340,-0.000530787985130605,-0.000430631850089373,0.000683505431924578,-63.3051605935253,-2300.94734858188,-0.000627724690206935,-0.000536683314737798,0.000825873638647792,-61.661727921293,-2299.47068038301,0.000143678940506713
32360,-0.000500126073268024,-0.000351378584028509,0.000611222544149324,-64.2760127149861,-2304.90888929053,-0.00060737387960446,-0.000498870595041875,0.000785986577635527,-62.0916974076749,-2300.60179884757,0.000182362236432724
32380,-0.000500227261320236,-0.000351617144448192,0.000611442498717454,-64.2728875726817,-2304.89604889963,-0.000585055698417495,-0.000462211635871642,0.000745606978632792,-62.5498007156692,-2301.69020112201,0.000139380792340893
32400,-0.000469395770741304,-0.000272401986972031,0.000542711002372472,-65.3086274777078,-2309.87234539645,-0.000560836329673199,-0.000426809940613101,0.000704772384594816,-63.0390224282724,-2302.72799222475,0.000179452478292722
32420,-0.000469570477945899,-0.000272475961812361,0.000542899238831582,-65.3056153448741,-2309.87484756102,-0.00053478739449751,-0.000392765239333371,0.000663522486839773,-63.5628870853822,-2303.70523033894,0.000136831123985103
32440,-0.000438726358730353,-0.000193428120823607,0.000479473936486798,-66.3846999094954,-2316.20800980822,-0.000506985737756387,-0.000360173203408744,0.00062189973045669,-64.1255926283604,-2304.6092225289,0.000180175651494157
32460,-0.000359854946993045,-0.000224081785474006,0.000423920074373207,-67.4543203460082,-2308.08946550259,-0.000477513198769912,-0.000329125172305983,0.000579950199624861,-64.7321859548341,-2305.4235114633,0.000157726273424313
32480,-0.000359693680748719,-0.000224160992628963,0.000423825075457981,-67.4562670397687,-2308.0688519529,-0.000446456367732985,-0.000299707893270838,0.000537724938586797,-65.388796427256,-2306.12638468469,0.000115043896184557
32500,-0.000329138866992453,-0.000145014281369791,0.00035966864690472,-68.88194837845,-2316.2223377294,-0.000413906328626558,-0.00027200327469351,0.000495281970518925,-66.1029496223278,-2306.688625989,0.000152681783383811
32520,-0.000329072465792762,-0.000145133375243506,0.000359655924951197,-68.8822556152347,-2316.20071065717,-0.000379958389349934,-0.000246088153838372,0.000452689470936727,-66.8839921320634,-2307.07002713505,0.000113054166386758
32540,-0.000298425827651313,-6.5992699457024e-05,0.000305635421688973,-70.2959262903699,-2327.53051208208,-0.000344711799868452,-0.000222034079591696,0.000410030922576187,-67.743667792542,-2307.21380305341,0.000162761492799799
32560,-0.00021942226012519,-9.6757424363945e-05,0.000239808522383987,-72.4027077376233,-2316.20422419041,-0.000308269459243695,-0.000199907110860179,0.000367413816390816,-68.6968903264469,-2307.03732828163,0.000136138468536541
32580,-0.00021938530387451,-9.66743728365014e-05,0.000239741206135787,-72.4051462814146,-2316.21882176455,-0.00027073761239122,-0.00017976763117396,0.000324985008856094,-69.7627334401909,-2306.41615434064,9.76808536568502e-05
32600,-0.000109721286578822,-4.83791715738741e-05,0.000119913739707701,-78.4226210523899,-2316.20598137365,-0.000232225537460242,-0.000161670180019888,0.000282959268016373,-70.9655215332513,-2305.15523492514,0.000166859653837387
32620,-0.000109681589682588,-4.83570302059017e-05,0.0001198684841217,-78.4258997360546,-2316.20800980822,-0.000192845224765299,-0.000145663301372772,0.000241675563683202,-72.3353451957406,-2302.93486737678,0.000128002736722973
32640,-0.000109722201544523,-4.83588580089109e-05,0.000119906382898088,-78.4231539554316,-2316.21503930693,-0.000152711048210079,-0.000131789409851022,0.00020171542527606,-73.9052177961685,-2299.2058551732,9.38546638069405e-05
32660,-0,0,0,-240,-2160,-0.000111939430185108,-0.000120084674860534,0.000164166882063731,-75.6942890012908,-2292.98944780627,0.000164166882063731
32680,-0,0,0,-240,-2160,-7.06485008905397e-05,-0.000110578923041253,0.000131220840185711,-77.6399437170568,-2282.57437195932,0.000131220840185711
32700,-0,0,0,-240,-2160,-2.89577531123767e-05,-0.000103295559278648,0.000107277789089848,-79.3898037105812,-2265.66024542817,0.000107277789089848
32720,0.000109712955664151,4.83380937899305e-05,0.00011988954896824,-78.4243734728433,-2136.2223377294,1.30123065462005e-05,-9.82515064931997e-05,9.91094276536574e-05,-80.0777006371929,-2242.45572316318,0.00017561186307024
32740,0.000109690821930921,4.83777917478353e-05,0.000119885308317066,-78.4246807096279,-2136.20071065717,5.5140508962066e-05,-9.54571643503386e-05,0.000110238586504015,-79.1533272798179,-2219.98726661698,0.000153831827788542
32760,0.000188723024666733,1.76550590772983e-05,0.000189547042051263,-74.445659770078,-2154.65552843098,9.73053752896852e-05,-9.49163869954539e-05,0.000135931808567889,-77.3335780958008,-2204.28794795116,0.000145015575330843
32780,0.000188756051184879,1.77125032416613e-05,0.000189585283263218,-74.4439075641826,-2154.63917301333,0.000139385470227697,-9.66264798515731e-05,0.000169602434885537,-75.4113583423217,-2194.73094149146,0.000124542592388486
32800,0.000267722490292761,-1.30182791007536e-05,0.000268038816963705,-71.4360461513341,-2162.78387294163,0.000181259754724649,-0.000100578215466731,0.00020729466010805,-73.6682377029831,-2189.02521203758,0.000123055057183097
32820,0.000267821744731518,-1.29629434310737e-05,0.000268135273422636,-71.4329210090297,-2162.77103255073,0.000222807937112909,-0.00010675586834019,0.000247063134169342,-72.1438410710186,-2185.60087663503,0.000104035357640238
32840,0.000346739519515323,-4.36298090091281e-05,0.000349473682310829,-69.1317104789117,-2167.1717663403,0.000263910821623208,-0.000115137268603566,0.000287933173481845,-70.8141659222964,-2183.5703623733,0.0001094253625635
32860,0.000346843790874674,-4.36861572945074e-05,0.000349584175281827,-69.1289646982887,-2167.178795839,0.000304450653283343,-0.000125693874376907,0.000329376912276091,-69.6461369207207,-2182.43351150696,9.23170827956794e-05
32880,0.000346753597309026,-4.36037457693985e-05,0.000349484397208048,-69.1314441727698,-2167.16723872852,0.000344311458215134,-0.00013839086256439,0.000371082755055456,-68.6105845539985,-2181.89692620036,9.48185717761093e-05
32900,0.000425865373837038,-7.43992069950264e-05,0.000432315346286538,-67.2839869530204,-2169.90963538272,0.000383379378319594,-0.000153187237805516,0.000412851156649951,-67.6841298868095,-2181.78021115175,8.95132035741265e-05
32920,0.000425796672356721,-7.42293485111167e-05,0.000432218466022036,-67.2859336467809,-2169.88902183303,0.00042154299940037,-0.000170035959235705,0.000454544527826116,-66.8484713251024,-2181.96745478631,9.59009926546773e-05
32940,0.000504840579299354,-0.000105099060895621,0.000515664448171918,-65.7526561888131,-2171.76001552137,0.000458693671758624,-0.000188884084673449,0.000496061570729214,-66.0892883182439,-2182.38122654598,9.56528477622285e-05
32960,0.000504899043729922,-0.000104928555110653,0.000515686965161036,-65.7522769192839,-2171.74014507691,0.000494725822376447,-0.000209672931783501,0.000537323345527384,-65.395285797468,-2182.9680288362,0.000105237250426312
32980,0.000583782167003772,-0.000135729210138762,0.000599353015339468,-64.4463461079739,-2173.08871941039,0.000529537257735711,-0.000232338255733508,0.000578265313163037,-64.7574571552662,-2183.68980705826,0.000110796289975016
33000,0.000583980656796298,-0.000135618541459895,0.000599521305959967,-64.4439075641826,-2173.07412183625,0.000563029456448909,-0.000256810442797803,0.000618832588313801,-64.1685364801839,-2184.51879938673,0.00012298955136878
33020,0.000662749823018529,-0.000166373465250397,0.000683313586759781,-63.3075988767467,-2174.09204784991,0.000595107850843453,-0.000283014719335351,0.000658976999216195,-63.6225948731521,-2185.43430206841,0.000134835524081173
33040,0.000663072890113258,-0.000166318230943443,0.000683613495732278,-63.3037874426011,-2174.08096502475,0.000625682096688787,-0.000310871375501714,0.000698655206967789,-63.1147419973809,-2186.42057398815,0.000149310692968039
33060,0.00063215447955396,-0.000245298237906746,0.000678078543784046,-63.3743999528556,-2181.20800980822,0.000654666330308984,-0.000340296003035295,0.000737827468804211,-62.6409036065262,-2187.46544140128,9.76286781833868e-05
33080,0.000711364767990453,-0.000276135045910255,0.0007630795480931,-62.3486037232849,-2181.21503930693,0.000681979412340852,-0.000371199746402158,0.000776456805357387,-62.1976539852304,-2188.55934583378,9.950274572226e-05
33100,0.000711217399482373,-0.00027591277785174,0.000762861750455699,-62.3510831977661,-2181.20348219645,0.000707545157449249,-0.000403489566553836,0.000814508428530783,-61.7820883450844,-2189.69468000229,0.000127629629698943
33120,0.000790356793150063,-0.000306869772620065,0.000847840148746414,-61.4337204327286,-2181.21956785674,0.00073129254935248,-0.000437068516516027,0.000851949341726355,-61.3917245662338,-2190.86531542865,0.000142969569515567
33140,0.000759638335300484,-0.000385545698553674,0.000851877858692977,-61.3924533886627,-2186.90954744455,0.000753155940528577,-0.000471836027982572,0.000888748056569384,-61.0244267187089,-2192.06626040756,8.65334755740606e-05
33160,0.000838593341060337,-0.000416587265035253,0.000936367310973793,-60.5710751227356,-2186.41676663713,0.00077307523608585,-0.000507688208082301,0.000924874389998453,-60.6783449221879,-2193.29340835306,0.000112214098505978
33180,0.000838774389339563,-0.000416314589881111,0.000936408198362143,-60.5706958532064,-2186.39689619267,0.000790996061228114,-0.000544518145423976,0.000960299317699621,-60.3518675941163,-2194.54334992513,0.000136817105257193
33200,0.000807808645436277,-0.000495484898710029,0.000947660325481277,-60.4669460212535,-2191.52366823332,0.000806869911891789,-0.000582216224529456,0.00099499486773631,-60.0435831874885,-2195.81323089425,8.6736405845891e-05
33220,0.000808161714464499,-0.000495418140587991,0.000947926416316088,-60.4645074774622,-2191.50907065917,0.000820654288117233,-0.000620670447724967,0.00102893404321381,-59.7522492702782,-2197.10064329257,0.000125873765493864
33240,0.000886838400055309,-0.000526039924523695,0.00103111607009374,-59.7338488909556,-2190.67485935038,0.000832312809798493,-0.000659766763545329,0.00106209076619362,-59.4767673379234,-2198.40354111862,0.00014441574522043
33260,0.000856515460823348,-0.000605252521267233,0.00104878470103724,-59.586273129326,-2195.24675394715,0.000841815314488639,-0.00069938940068771,0.00109443983731493,-59.2161621426845,-2199.72017438045,9.52777328093365e-05
33280,0.00085624488011591,-0.000605005286692854,0.00104842104693249,-59.5892853845184,-2195.24425327615,0.000849137936997217,-0.000739421206526339,0.00112595690712778,-58.9695646116249,-2201.04903699279,0.000134603670622959
33300,0.00082575967024938,-0.000684342180320541,0.00107247529238497,-59.3922540855122,-2199.64998812985,0.000854263170594236,-0.000779743989219035,0.00115661845625813,-58.7361976380701,-2202.38882525237,9.95688438871013e-05
33320,0.000904686120207099,-0.000714637301111346,0.0011528935112295,-58.7642161025224,-2198.3062111655,0.000857179909638202,-0.000820238862382597,0.001186401782218,-58.5153641916019,-2203.73840446991,0.000115795206228679
33340,0.000874028944785049,-0.000794109100981116,0.00118090467887256,-58.5557031334263,-2202.25707888217,0.000857883473543578,-0.000860786591344487,0.00121528499127474,-58.3064373116924,-2205.09678194938,6.860440191975e-05
33360,0.000874118657614648,-0.000793616710008554,0.00118064004251712,-58.5576498271869,-2202.23646533248,0.000856375612040043,-0.00090126793995461,0.00124324699415964,-58.1088516420589,-2206.46308494879,0.000109103634106115
33380,0.000873894666765978,-0.000794064225817636,0.00118077511970967,-58.5566561301808,-2202.25984875482,0.000852664491736294,-0.000941564016957054,0.00127026750469978,-57.9220962331415,-2207.83654258185,0.000149019826593521
33400,0.000843641662027048,-0.000872795461357221,0.0012138793890966,-58.3164892512447,-2205.97307907864,0.000846764664039397,-0.000981556620898751,0.00129632704064057,-57.7457083948029,-2209.21647086063,0.000108805987732234
33420,0.000843127552753774,-0.000872900040940045,0.00121359735978853,-58.3185075407765,-2205.99396233338,0.00083869701456145,-0.00102112858258886,0.00132140692612617,-57.5792684235297,-2210.60226025889,0.000148294741066594
33440,0.00081292051200751,-0.000951975164080033,0.00125183723856888,-58.0490426714967,-2209.50497995641,0.00082848869418633,-0.00106016410411368,0.00134548929540362,-57.4223950619158,-2211.99336531164,0.000109303316701543
33460,0.000812514948561002,-0.000951779826839433,0.00125142533952833,-58.0519011088591,-2209.51329290836,0.000816173031997533,-0.00109854909341048,0.00136855709738141,-57.274741574717,-2213.38929586977,0.000146814846606984
33480,0.000782179014614186,-0.00103115578493485,0.00129425123670307,-57.7596282272418,-2212.81801272547,0.000801789430379014,-0.00113617149345738,0.00139059410081184,-57.1359923462726,-2214.78960970726,0.000106831022848974
33500,0.000781952791368439,-0.00103076411615242,0.0012938024698834,-57.7626404824342,-2212.81551205447,0.000785383242583792,-0.00117292160509647,0.00141158489983192,-57.0058599214404,-2216.19390623987,0.000142198873618663
33520,0.000751391841187066,-0.00111022650097193,0.00134059411548122,-57.4540538253511,-2215.91019283816,0.000767005633184647,-0.0012086924026078,0.00143151491974719,-56.8840824250082,-2217.60182116188,9.96961598333078e-05
33540,0.0007514012436228,-0.00110975807860155,0.001340211484035,-57.4565332998322,-2215.89863572768,0.000746713421800648,-0.001243379841069,0.00145037042284859,-56.7704213062794,-2219.0130218441,0.00013370396807254
33560,0.000751281035737023,-0.00111025181824114,0.00134055298088731,-57.4543203460082,-2215.91472138798,0.000724568910595298,-0.00127688315465466,0.00146813851418798,-56.6646593637442,-2220.42720336642,0.000168758821708801
33580,0.000720860308593051,-0.00118876171256096,0.00139024961562869,-57.138144326465,-2218.76754633588,0.00070063969607713,-0.00130910514501983,0.00148480714722028,-56.5665990122826,-2221.84408508067,0.000122030385177224
33600,0.000720457512080427,-0.00118919184945284,0.00139040867428184,-57.137150629459,-2218.79092975822,0.000674998465745783,-0.00133995245891694,0.00150036512919913,-56.4760607615591,-2223.26340761872,0.000157465190628416
33620,0.000611200388348496,-0.00123737208845091,0.00138009260558657,-57.2018354205858,-2223.71291436293,0.000647722780220626,-0.00136933585427723,0.00151480212629435,-56.3928818788239,-2224.68493027509,0.00013692450693402
33640,0.000610723969778511,-0.00123729690406931,0.00137981426144301,-57.203587411966,-2223.72926884255,0.000618894841490249,-0.00139717045399273,0.0015281086683654,-56.3169152137229,-2226.10842870566,0.000160082213595532
33660,0.00058054454618367,-0.00131653356075114,0.00143885113430392,-56.8396827299505,-2226.20422419041,0.000588601247977107,-0.00142337598666259,0.00154027615333352,-56.2480281661658,-2227.53369289346,0.000107145762484723
33680,0.000580162569367896,-0.00131618456301769,0.00143837770103044,-56.8425411673128,-2226.21253714236,0.000556932737157555,-0.00144787701364604,0.00155129685114178,-56.1861017809671,-2228.96052534028,0.000133725564710053
33700,0.000580428174191775,-0.00131666093854264,0.00143892073877597,-56.8392625599097,-2226.21051047922,0.000523983916482141,-0.00147060314175029,0.00156116390723645,-56.1310299557743,-2230.38873944971,0.000163963886745885
33720,0.000470602772788233,-0.00136453610639696,0.00144340768856791,-56.8122197137049,-2230.97165149895,0.000489852983417863,-0.00149148922098323,0.0015698713455798,-56.0827187504675,-2231.81815807173,0.000128404298652494
33740,0.000470584094562408,-0.00136502527654319,0.00144386405026821,-56.8094739330819,-2230.97868099766,0.000454641435427403,-0.00151047552680217,0.00157741407115436,-56.0410857883001,-2233.24861218364,0.000146321371237064
33760,0.000470725031359277,-0.00136454074996,0.00144345194358856,-56.811953407563,-2230.96712388717,0.00041845377073865,-0.00152750792633362,0.00158378787192523,-56.0060597405569,-2234.67993968556,0.000171144924733577
33780,0.000360739111481971,-0.00141336928303015,0.00145867934679489,-56.7208033221392,-2235.68189006477,0.000381397180803773,-0.00154253802814308,0.00158898942028971,-55.9775798875088,-2236.11198429134,0.000130810246319443
33800,0.000361151857112182,-0.00141304544666672,0.00145846772272859,-56.7220635556784,-2235.6630328652,0.000343581235334215,-0.0015555233150957,0.00159301627395332,-55.9555957501164,-2237.54459449829,0.000143557200243426
33820,0.000360646078587547,-0.00141310891657441,0.00145840406064392,-56.7224427028488,-2235.68290181608,0.000305117560851389,-0.00156642725997514,0.00159586687625664,-55.9400667875063,-2238.97762262062,0.000163064191977019
33840,0.000251559336527955,-0.00146157138949638,0.00148306204401191,-56.5768135969864,-2240.23418197773,0.000266119513688946,-0.00157521942353167,0.00159754055592886,-55.9309621564424,-2240.41092387346,0.000114576936593041
33860,0.000250968281207243,-0.00146132338250181,0.00148271747356624,-56.5788318865183,-2240.25506523248,0.000226701848411279,-0.00158187553471795,0.00159803752628413,-55.9282605296424,-2241.84435549486,0.000122970245037509
33880,0.000172366234873601,-0.00143100348835675,0.00144134697509437,-56.8246291799773,-2243.13173725455,0.000186980382611065,-0.001586377552873,0.00159735888382689,-55.9319499708381,-2243.27777589464,0.000156059838646565
33900,0.000172101964764075,-0.00143055762229092,0.00144087272060037,-56.8274876173397,-2243.1400502065,0.000147071659072974,-0.00158871371171726,0.00159550660628557,-55.9420278649164,-2244.71104381886,0.000160124529119126
33920,9.3172180161581e-05,-0.00140041525172801,0.00140351128689031,-57.0556818092981,-2246.19361700112,0.000107092606283384,-0.00158887854506261,0.00159248355008171,-55.9585009022464,-2246.14401751998,0.000188976694853989
33940,9.32009735345659e-05,-0.00139992560733208,0.00140302463539735,-57.0586940644905,-2246.19111633012,6.71601982816779e-05,-0.00158687289416985,0.00158829344722071,-55.9813851170821,-2247.57655392173,0.000188752245103934
33960,9.30586319199274e-05,-0.0014003796490254,0.00140346822920197,-57.0559482838676,-2246.19814582883,2.73911148366448e-05,-0.00158270389676783,0.00158294090161828,-56.0107059804557,-2249.0085077687,0.00019378945821362
33980,-1.63666720815109e-05,-0.00144832833986982,0.00144842081178955,-56.7821048720684,-2250.64743697686,-1.20985970597355e-05,-0.00157638495777443,0.00157643138485261,-56.0464985487927,-2250.43973074969,0.000128127724765398
34000,-1.67317853906747e-05,-0.00144857875665398,0.00144867538353889,-56.7805783903941,-2250.66176454183,-5.11938593985635e-05,-0.00156793570187115,0.00156877123139173,-56.0888076698547,-2251.87007058351,0.000124232503462257
34020,-9.53327072677931e-05,-0.00141783148488776,0.00142103287949788,-56.947917467217,-2253.84668602091,-8.97808960905939e-05,-0.00155738190803425,0.00155996763324604,-56.1376882489168,-2253.29937005509,0.000139660814861265
34040,-9.58201924280721e-05,-0.00141773645342658,0.00142097085144331,-56.9482966143874,-2253.8665549718,-0.000127747561662926,-0.0015447554262891,0.00155002863410985,-56.1932055782582,-2254.72746598879,0.000130970135425247
34060,-0.000174423328681781,-0.00138727926523993,0.0013982014366153,-57.0886051196119,-2257.16622381701,-0.000164983664770132,-0.00153009407693126,0.00153896312298284,-56.2554357343249,-2256.1541881441,0.000143126439532302
34080,-0.000174784047441023,-0.00138694963788205,0.00139791944018997,-57.0903571109921,-2257.18257829662,-0.000201381285586829,-0.00151344153252157,0.0015267808272787,-56.3244660478062,-2257.57935801761,0.000129257930071923
34100,-0.000253524579678129,-0.00135671736477747,0.0013802016955466,-57.2011488681747,-2260.58456891425,-0.000236835086163078,-0.00149484718304974,0.0015134923054676,-56.4003956527403,-2259.00278753239,0.000139134416625503
34120,-0.000253637937551663,-0.00135623417079661,0.0013797475600275,-57.2040073055371,-2260.5928818662,-0.00027124261285178,-0.00147436598465263,0.00149910893924604,-56.4833361222963,-2260.4242775937,0.0001194363848973
34140,-0.000223009338627488,-0.00127770979100287,0.00129702562624632,-57.7410288634005,-2259.9005780052,-0.000304504589943278,-0.00145205829236971,0.00148364292528094,-56.5734122000074,-2261.84361648639,0.000192454867217979
34160,-0.000301895576186659,-0.00124661420864036,0.00128264879218947,-57.8378448692956,-2263.61336643963,-0.000336525203660007,-0.0014279896774434,0.00146710726655664,-56.6707626369642,-2263.26057808532,0.000184651758135319
34180,-0.000302144016963658,-0.00124697129018637,0.00128305432680615,-57.8350990886726,-2263.62039593834,-0.000367212375699062,-0.00140223072968726,0.00144951576333126,-56.7755411475311,-2264.67491984529,0.000168343057066961
34200,-0.000380830474254858,-0.00121601930778748,0.00127425853225832,-57.8948489950786,-2267.38940736216,-0.000396478025547474,-0.00137485684556968,0.00143088300379585,-56.8879174978734,-2266.08638053073,0.000159606419890202
34220,-0.000381201531501715,-0.00121613774663688,0.00127448249356917,-57.8933225134043,-2267.40373492712,-0.000424238320817078,-0.00134594800259863,0.00141122435443445,-57.0080787447947,-2267.49467763823,0.000136758428579111
34240,-0.000429191211281598,-0.00110648029575129,0.00118680400265892,-58.512419952703,-2271.20071065717,-0.000450413914885794,-0.0013155885207056,0.0013905559501635,-57.1362306450447,-2268.89950445564,0.000210182427647544
34260,-0.000429556138233982,-0.00110628310355014,0.00118675219868978,-58.5127990998735,-2271.22057960806,-0.000474930171181891,-0.00128386681134393,0.00136889468432355,-57.272599259037,-2270.30052669035,0.000183288777997308
34280,-0.000429184752959718,-0.00110662244508746,0.00118693419705746,-58.5114671482375,-2271.19793850981,-0.000497717373466347,-0.0012508751150401,0.00134625819859224,-57.4174327774258,-2271.69737858521,0.00015970457996554
34300,-0.000508503177810783,-0.00107553113572904,0.00118968176659402,-58.4913838897181,-2275.30443854452,-0.000518710921529206,-0.00121670922817698,0.00132266487291554,-57.5710036042375,-2273.08965842363,0.000141546641850169
34320,-0.00047770563734633,-0.000996917765649378,0.00110546266667844,-59.12911839376,-2275.6029295454,-0.000537851511741641,-0.0011814682198106,0.00129813381556186,-57.7336107367738,-2274.47692330292,0.000194104086350312
34340,-0.000477693043743036,-0.00099652044697345,0.00110509893008574,-59.1319768311224,-2275.61124249735,-0.000555085301973837,-0.00114525413938691,0.00127268485346932,-57.9055824900616,-2275.85868302849,0.00016766416699165
34360,-0.000556883506751252,-0.000966237205701902,0.00111522803846307,-59.052726406214,-2279.95667274178,-0.000570364060407736,-0.00110817171618358,0.00124633852301614,-58.0872796236825,-2277.23439294633,0.000142573246412358
34380,-0.000525985976748609,-0.000886907159854254,0.00103114768968219,-59.7335825387449,-2280.67033201625,-0.000583645297839576,-0.00107032805138439,0.00121911606144393,-58.2790989402119,-2278.60344548754,0.000192270176466298
34400,-0.000526261120767107,-0.000887123013784992,0.00103147370728391,-59.7308367581219,-2280.67736151496,-0.000594892383111415,-0.00103183230368776,0.00119103939918777,-58.4814774392475,-2279.96516014243,0.000160159385473145
34420,-0.000604956170296444,-0.000856318940025918,0.00104845319162414,-59.5890190783766,-2285.23972566437,-0.000604074641356832,-0.00099279536936967,0.00116213115342987,-58.6948971291606,-2281.31877150912,0.000136479276301171
34440,-0.000574594521747537,-0.000777287739783536,0.0009666101048717,-60.2949733818099,-2286.47292846447,-0.000611167434800861,-0.000953329557740543,0.00113241462328197,-58.9198906213619,-2282.66341496762,0.000179800722019724
34460,-0.000574324586525103,-0.00077740782995853,0.000966546255886422,-60.2955471431994,-2286.45582936023,-0.000616152225899471,-0.000913548262941529,0.00110191378710149,-59.1570476605152,-2283.99810940692,0.00014242109713252
34480,-0.000574569059373159,-0.0007771746945964,0.000966504066163182,-60.2959262903699,-2286.47569831111,-0.000619016622671272,-0.000873565633055482,0.00107065330261433,-59.4070227801385,-2285.32173627056,0.000106145178412222
34500,-0.000543732455830947,-0.000698412052689386,0.000885112636259225,-61.0600291805476,-2287.90171151893,-0.000619754406095319,-0.00083349623747208,0.00103865851065433,-59.6705443196149,-2286.63301396983,0.000155006689856934
34520,-0.00054382208512828,-0.000698115993499022,0.00088493412221046,-61.0617811719278,-2287.91806599854,-0.00061836553953535,-0.000793454733498191,0.00100595544364327,-59.9484250974984,-2287.93046642355,0.000121021493709044
34540,-0.000592175564951936,-0.000588739454339309,0.000835036552985492,-61.5658902648803,-2295.16671316498,-0.000614856160182558,-0.000753555533174559,0.00097257084024375,-60.2415751130224,-2289.21238409052,0.000166369315808663
34560,-0.000592066103016269,-0.000588459842369629,0.000834761796216477,-61.5687487022427,-2295.17502611693,-0.000609238552571164,-0.000713912471274019,0.00093853216811124,-60.5510167476128,-2290.47677532091,0.000126622490588118
34580,-0.000561592440239356,-0.000509657576852994,0.000758377817830704,-62.4022875675825,-2297.7755616563,-0.000601531104261553,-0.000674638475435292,0.000903867657310393,-60.877903069859,-2291.721305107,0.00016974626293648
34600,-0.000561375477683726,-0.000509505360600587,0.000758114858992597,-62.405299822775,-2297.7730609853,-0.000591758243841191,-0.000635845239386663,0.000868606347895693,-61.2235400215574,-2292.94321726585,0.000129941823332826
34620,-0.000561638535356077,-0.000509537525472024,0.000758331282660206,-62.4028205628091,-2297.78461903382,-0.000579950361473129,-0.000597642900230502,0.00083277815651513,-61.5894134948629,-2294.13923459981,8.99882216574646e-05
34640,-0.000530677690672157,-0.000430596324356085,0.000683397399706865,-63.3065335600606,-2300.943835604,-0.000566143712208853,-0.000560139720680306,0.00079641396871064,-61.9772226253097,-2295.30542943833,0.000134310573726924
34660,-0.00053089638808117,-0.000430484114158011,0.000683496559918219,-63.3052733384497,-2300.96269105836,-0.000550380302405897,-0.000523441777205334,0.000759545766494873,-62.3889210512353,-2296.4370538339,9.49776291377761e-05
34680,-0.000500076317906768,-0.000351579780670097,0.000611297526501805,-64.2749472299198,-2304.89077818315,-0.000532707759582522,-0.000487652654958106,0.000722206804874559,-62.8267684764351,-2297.52831403281,0.000139930833281441
34700,-0.000500176374543175,-0.000351391004883208,0.000611270843377946,-64.2753263770902,-2304.91064713404,-0.000513179186117048,-0.0004528731503696,0.000684431857374744,-63.2933956822078,-2298.57206680927,0.000102311773327153
34720,-0.000469465262190398,-0.000272552622669434,0.000542846722867041,-65.3064555927565,-2309.86227553902,-0.00049185299724575,-0.000419200982268774,0.000646257560446864,-63.7918872627601,-2299.5594044154,0.00014834740326034
34740,-0.000469448340508522,-0.000272363664850756,0.000542737238760286,-65.3082075841367,-2309.87863001864,-0.000468792743836073,-0.000386730512345774,0.000607722902195218,-64.3258879368815,-2300.47907785395,0.000114368726551211
34760,-0.000359799599128096,-0.000224181057668201,0.000423925580910108,-67.4542075208224,-2308.07412183625,-0.000444066920491722,-0.000355552475768213,0.000568869926169337,-64.8997405000335,-2301.31668075858,0.00015607508110973
34780,-0.000359713723823163,-0.000224055106191373,0.000423786094294226,-67.4570659581848,-2308.0824347882,-0.0004177487595607,-0.000325753722718802,0.000529744763050719,-65.5186665588622,-2302.05347094753,0.000117092587197697
34800,-0.000359841599816945,-0.000224152423245211,0.000423946088324351,-67.4537873507816,-2308.08040812506,-0.00038991601164351,-0.00029741697157363,0.000490399175280721,-66.1890053771066,-2302.66463013323,7.91969967137709e-05
34820,-0.000329044769047765,-0.000145071090617705,0.000359605452365099,-68.8834746416614,-2316.20800980822,-0.000360650713307832,-0.000270620574454565,0.000450892927786151,-66.9185315301754,-2303.1166287296,0.000129466631238603
34840,-0.000329167969731038,-0.000145046106158999,0.00035970811112448,-68.8809953816955,-2316.21956785674,-0.000330038942644493,-0.000245438295784778,0.000411297533058042,-67.7168779071903,-2303.36312240926,0.00010039596770625
34860,-0.0002193613406296,-9.67546614123219e-05,0.000239751667914591,-72.4047672565697,-2316.19895430705,-0.000298170563434286,-0.000221939104496798,0.000371702368843084,-68.5960934231109,-2303.33836007746,0.000147925786762989
34880,-0.000219425003426674,-9.6696495122911e-05,0.000239786455618017,-72.4035070349588,-2316.21780976141,-0.00026513895866926,-0.00020018698047012,0.000332225066113265,-69.5713520696015,-2302.94622281924,0.000113137289437753
34900,-0.000219381643861841,-9.67555834956706e-05,0.000239770616634131,-72.4040807963483,-2316.20071065717,-0.000231040754223947,-0.000180240735742524,0.000293029952280269,-70.6617597126993,-2302.04130615591,8.42953468473563e-05
34920,-0.000188723024666733,-1.76550590772983e-05,0.000189547042051263,-74.445659770078,-2334.65552843098,-0.000195975533485171,-0.00016215385099104,0.000254362499429499,-71.8909383236265,-2300.39500320018,0.000144680682016267
34940,-0.000109700975180074,-4.8378252239866e-05,0.000119894784061873,-78.4239942033141,-2316.20246728493,-0.000160045543780954,-0.000145974327738238,0.000216617359513894,-73.2861348471969,-2297.6326846459,0.000109816071411668
34960,-0.000109692196884237,-4.83473369250037e-05,0.000119874280164805,-78.4254797543221,-2316.21429440428,-0.000123355395497862,-0.000131744556696606,0.000180480419485381,-74.8713981655513,-2293.1164623379,8.45090484030453e-05
34980,-7.90449211222838e-05,3.06662089403113e-05,8.47851161820215e-05,-81.4336076075428,-2361.20422419041,-8.60117547422714e-05,-0.00011950120260328,0.00014723640642679,-76.639695816909,-2285.74469391231,0.000150328933543716
35000,-0,0,0,-240,-2520,-4.81230304606357e-05,-0.000109275105859763,0.000119402155848953,-78.4597566358496,-2273.76793460947,0.000119402155848953
35020,-0,0,0,-240,-2520,-9.79905693291325e-06,-0.000101091201240268,0.000101565016048711,-79.8651171704442,-2255.53654527888,0.000101565016048711
35040,7.90241554980415e-05,-3.065697531686e-05,8.47624167172999e-05,-81.4359333865526,-2541.20348219645,2.88492274166071e-05,-9.49684538820592e-05,9.9253640514008e-05,-80.065071096607,-2233.10242751113,8.15689259658309e-05
35060,0.000109722656577013,4.83487020529998e-05,0.00011990270370816,-78.4234204760888,-2496.21956785674,6.77101039798266e-05,-9.09198127155953e-05,0.000113362562273432,-78.91060693047,-2213.32408541572,0.000145467432030615
35080,0.0001096806703148,4.83773307061609e-05,0.000119875833957295,-78.4253671698493,-2496.19895430705,0.000106671399727353,-8.89521814459065e-05,0.000138893045555846,-77.146389981192,-2199.82437885107,0.000137362478928539
35100,0.000188742876350733,1.76661204855147e-05,0.000189567837952953,-74.4447068615181,-2514.65275858434,0.00014562081382504,-8.90664071537145e-05,0.000170699286179932,-75.3553658997633,-2191.45130670801,0.00011511448532973
35120,0.000188725128770299,1.77212766562926e-05,0.000189555316136727,-74.4452806229076,-2514.63565948009,0.000184446244178745,-9.12572865073604e-05,0.000205787048504836,-73.7316392328594,-2186.32452958819,0.000109062532899993
35140,0.000267743246348886,-1.3027522225129e-05,0.000268059997576599,-71.4353598134382,-2522.78563078513,0.000223036112920132,-9.55135895611466e-05,0.000242627190268067,-72.3012106215993,-2183.18267700909,9.38225936753962e-05
35160,0.000267800972307163,-1.295370569865e-05,0.000268114078817187,-71.4336076075428,-2522.76927536748,0.00026127968992333,-0.000101818101034438,0.000280417549494839,-71.0438962042453,-2181.29036875739,8.91033550565013e-05
35180,0.000267731730693478,-1.29975230342297e-05,0.000268047039202358,-71.4357797109619,-2522.77934558136,0.00029906741339153,-0.000110147678930946,0.000318706493386274,-69.932181760767,-2180.21894640033,0.000102078782324777
35200,0.000346845893429446,-4.36199146389612e-05,0.00034957798949874,-69.12911839376,-2527.16798072248,0.000336291206586636,-0.000120473330303387,0.000357219258917943,-68.9413026968838,-2179.70961091726,7.7574795608102e-05
35220,0.000346725438466339,-4.36558684255659e-05,0.000349462965888612,-69.1319768311224,-2527.17629367443,0.000372844789819222,-0.000132760303917577,0.000395775865347582,-68.0510138572639,-2179.59948805919,9.2853761040926e-05
35240,0.000425903263667622,-7.43364462091626e-05,0.00043234187541544,-67.2834539577938,-2529.9005780052,0.000408623986739828,-0.000146968199525483,0.0004342501746815,-67.2451999636301,-2179.78193889302,7.46588574848973e-05
35260,0.000425777752807068,-7.42607210862585e-05,0.000432205216860796,-67.2861999068444,-2529.89354972243,0.000443527024102798,-0.000163051093402301,0.000472548283426328,-66.5110762021715,-2180.18462943194,9.05470421800235e-05
35280,0.000504901053152044,-0.000105086184257033,0.000515721028847716,-65.7517031920586,-2531.75724564872,0.000477454824122993,-0.000180957679765025,0.000510596505025504,-65.8384432443499,-2180.75694966609,8.0683203447399e-05
35300,0.000504825672867201,-0.000104881018315436,0.000515605457679324,-65.7536498858192,-2531.73663209903,0.000510311288564681,-0.000200631427633137,0.000548334369696681,-65.219090632146,-2181.46251835577,9.59074181911272e-05
35320,0.000504864374900318,-0.000105062387818248,0.000515680271464365,-65.7523896642083,-2531.75548755339,0.000542003573780846,-0.00022201075265738,0.000585710379186424,-64.6463415982029,-2182.27455742488,0.000122703871707595
35340,0.000583896662967189,-0.000135561298801421,0.000599426541585328,-64.4452806229076,-2533.07060830302,0.000572442355890822,-0.00024502920339599,0.000622679340700098,-64.1147108618619,-2183.17294441342,0.000110065540869635
35360,0.000583824133077498,-0.000135757847434838,0.000599400376629705,-64.445659770078,-2533.0904772539,0.000601542085366935,-0.000269615661473708,0.00065920064121594,-63.6196475772986,-2184.14227940269,0.000135025331744068
35380,0.00066305905165108,-0.00016623743682174,0.000683580420563295,-63.3042077008603,-2534.07467876225,0.000629221230267825,-0.000295694555026983,0.000695237100917637,-63.1573412014446,-2185.17058415775,0.00013380636610405
35400,0.000632158135236964,-0.000245379439836934,0.000678111331155116,-63.373979971123,-2541.21429440428,0.000655402507451566,-0.000323186084786959,0.000730754194085619,-62.7245736675319,-2186.24840625744,8.12045247386508e-05
35420,0.000711452061687132,-0.000276039517522265,0.000763126366542787,-62.3480708202432,-2541.20598137365,0.000680013101127314,-0.000352006462141195,0.000765719509411865,-62.3186057515526,-2187.36818918995,8.22154785658837e-05
35440,0.000711130174644594,-0.000276008247618672,0.000762814969729607,-62.3516158561187,-2541.21253714236,0.000702984868079668,-0.000382068158443378,0.000800102369978556,-61.9370888633482,-2188.52382108973,0.000106372227123348
35460,0.000711408417275405,-0.000276087286631574,0.000763102958983833,-62.3483372487155,-2541.21051047922,0.000724254529039492,-0.000413280164850417,0.000833873562054227,-61.5779959048703,-2189.71030593481,0.000137792991191228
35480,0.000759584579663555,-0.000385593908666641,0.000851851745354482,-61.3927196487262,-2546.91407533395,0.000743763845638098,-0.000445548261906682,0.000867005139411779,-61.2395665623199,-2190.92352026271,6.20066133370934e-05
35500,0.000759669815888056,-0.000385905451935072,0.00085206880414941,-61.3905066949022,-2546.93016099424,0.000761459782451564,-0.000478775298078446,0.00089947028096613,-60.9202636285952,-2192.16003062418,9.28870943834097e-05
35520,0.000759638335300484,-0.000385545698553674,0.000851877858692977,-61.3924533886627,-2546.90954744455,0.000777294653685798,-0.000512861476414442,0.000931243186626633,-60.6187378343233,-2193.41695484586,0.000128534247853309
35540,0.000838651993935418,-0.000416533772472745,0.00093639604363871,-60.5708085981308,-2546.41223866915,0.000791226254107972,-0.000547704648495814,0.000962299000921053,-60.3337993019853,-2194.69185534205,0.000139481179787239
35560,0.000808064345050072,-0.000495290279685725,0.000947776580683637,-60.4658805361872,-2551.50555712594,0.00080321797385458,-0.000583200614803033,0.000992613757022183,-60.0643942007989,-2195.98265617949,8.80438205338789e-05
35580,0.000807857275898827,-0.000495548837691006,0.000947735210256315,-60.4662596833577,-2551.52542607682,0.000813238896809881,-0.000619243430618204,0.00102216433593056,-59.8095855194404,-2197.28757795914,0.000123811607545721
35600,0.000777495505524188,-0.000574463061710275,0.000966699058849162,-60.2941740844744,-2556.45934289346,0.000821263882283741,-0.000655725716566693,0.00105092843700733,-59.5685371251246,-2198.60508621177,9.22999993417094e-05
35620,0.000777156353137169,-0.000574386805304353,0.000966380980426045,-60.2970325218368,-2556.46765584541,0.000827273629789335,-0.000692538972888368,0.00107888455708389,-59.3405004650756,-2199.93385014895,0.000128342027893559
35640,0.000856589576408754,-0.000605203377258731,0.00104881687164991,-59.5860067008537,-2555.24222484157,0.00083125472675337,-0.000729573896528652,0.00110601197608607,-59.1248034078247,-2201.27270942598,0.000126924704728948
35660,0.000825582600377567,-0.000684024596637099,0.0010721363154239,-59.3949998661352,-2559.64295863115,0.000833199679019853,-0.000766720700096743,0.00113229074758899,-58.9208408293784,-2202.62064715846,8.30461643572467e-05
35680,0.000825839095642062,-0.0006842979009645,0.00107250819537909,-59.3919876109427,-2559.64545930214,0.000833106924126897,-0.0008038694317982,0.00115770169318687,-58.7280666306947,-2203.97676786102,0.000119792204741375
35700,0.000795004989392198,-0.000763004481292527,0.0011019114173249,-59.1570663404159,-2563.82334714449,0.000830980827299603,-0.0008409102953787,0.00118222639972783,-58.5459869371626,-2205.3402792904,8.5811285863627e-05
35720,0.000794993265470043,-0.00076342212371911,0.00110219219337034,-59.1548533865919,-2563.83943280478,0.000826831660219172,-0.000877733969163087,0.00120584721874854,-58.3741542793682,-2206.71047740761,0.00011866288968759
35740,0.000795129106614822,-0.000763049715295402,0.00110203228818328,-59.156113620131,-2563.82057560521,0.000820675562654142,-0.000914231923268015,0.00122854726757257,-58.212162593185,-2208.08673384937,0.000153325410234714
35760,0.00076427173319311,-0.000842367772735666,0.00113740702771772,-58.8816818538452,-2567.78286093849,0.000812534487072662,-0.000950296734051151,0.00125031043162517,-58.0596429077782,-2209.46848543056,0.000118228398038194
35780,0.00076447259152328,-0.00084208402213478,0.00113733189682036,-58.8822556152347,-2567.76576183425,0.000802436126442483,-0.000985822394907556,0.00127112136765979,-57.916259613806,-2210.85522530068,0.000148667245185101
35800,0.000733464591068844,-0.000921332527404198,0.00117763488926101,-58.5797867233605,-2571.47701677159,0.000790413825436116,-0.00102070462249974,0.00129096550760773,-57.7817072236994,-2212.24649545462,0.000114533962555638
35820,0.000733875590885226,-0.000921308955139721,0.00117787247769773,-58.578034517465,-2571.46066135393,0.000776506475323418,-0.00105484115753469,0.00130982906283542,-57.655707551178,-2213.64188035814,0.000140172184774417
35840,0.000733500484711603,-0.000921112243770691,0.00117748491569805,-58.5808929548274,-2571.46897430588,0.000760758392900825,-0.00108813205924786,0.00132769902867029,-57.5380072493855,-2215.04100149523,0.000169229466467519
35860,0.000703133634916919,-0.00100047941975357,0.00122284748758867,-58.2525540878744,-2574.9005780052,0.000743219183795195,-0.00112047999270226,0.00134456318899755,-57.4283756577597,-2216.44351268128,0.00012651872879889
35880,0.000702933481424194,-0.00100010183641408,0.00122242347920267,-58.2555663430668,-2574.8980773342,0.000723943590598372,-0.00115179050812114,0.00136041012087033,-57.3266029152364,-2217.84909601496,0.000153136794441321
35900,0.000672351311410349,-0.00107954482920413,0.00127179924682183,-57.9116287309578,-2578.08493695277,0.000702991326276933,-0.00118197231143125,0.00137522919901038,-57.2324983047438,-2219.25745836463,0.000106912111691858
35920,0.000672377088124758,-0.00107910110328469,0.0012714362507595,-57.914108205439,-2578.07337984229,0.000680426893355779,-0.00121093752523785,0.00138901060011468,-57.1458887993766,-2220.66832830399,0.000132081950007058
35940,0.00064155837916001,-0.00115860052029414,0.00132436864939347,-57.5598221693413,-2581.02513894901,0.000656319389441223,-0.00123860193949874,0.0014017453069251,-57.0666177850951,-2222.08145342531,8.13517946899236e-05
35960,0.000641846531157109,-0.00115822124949229,0.00132417651101879,-57.5610824028805,-2581.00628174944,0.000630742299648795,-0.00126488525117767,0.00141342511199322,-56.9945439388864,-2223.49659797207,0.000107240445788556
35980,0.000562512850251951,-0.00112780714420931,0.00126030538411455,-57.9904841680272,-2583.49149876751,0.000603773276578455,-0.00128971129220359,0.00142404262111348,-56.9295402443569,-2224.91354074075,0.000167078951153038
36000,0.000532160774638526,-0.00120671072698081,0.0013188426246806,-57.5961405001496,-2586.20246728493,0.000575493908467107,-0.00131300824506739,0.00143359125635507,-56.8714931297596,-2226.33207321075,0.000114790778544154
36020,0.000531714044176982,-0.00120673083283038,0.00131868082858535,-57.5972061536339,-2586.22057960806,0.000545989476234909,-0.00133470884546852,0.00144206525869365,-56.8203017153656,-2227.75199786674,0.000128771734783872
36040,0.000532165834001698,-0.00120682243068854,0.00131894687311193,-57.5954539477384,-2586.20422419041,0.000515348700134923,-0.00135475057143612,0.00144945969020779,-56.7758771593187,-2229.17312668361,0.000148880995484742
36060,0.000422133641669098,-0.00125484939688021,0.00132395008224609,-57.5625677815179,-2591.40696605009,0.000483663476760395,-0.00137307581839072,0.00145577043581785,-56.7381420927397,-2230.59527974797,0.000133279433332919
36080,0.00042233741479724,-0.00125530820818007,0.00132444991957486,-57.5592891741147,-2591.40493938696,0.000451028607184023,-0.00138963205964619,0.00146099420453842,-56.7070301363719,-2232.01828399379,0.000137353855400086
36100,0.000422245742582331,-0.00125485451671437,0.00132399068170715,-57.5623014293071,-2591.40243871596,0.000417541517038937,-0.0014043719919318,0.00146512853025722,-56.6824854920956,-2233.44197203269,0.000149591460763502
36120,0.00034318470677678,-0.00122462140323086,0.00127179924682183,-57.9116287309578,-2594.34514166109,0.000383301969362589,-0.00141725366551072,0.0014681717720079,-56.6644626040525,-2234.86618106125,0.00019676529985858
36140,0.000312676720363194,-0.00130322679932628,0.001340211484035,-57.4565332998322,-2596.50832866521,0.000348411771044574,-0.00142824059853524,0.0014701231137244,-56.6529258850052,-2236.29075183009,0.000130020936159759
36160,0.000312390409428972,-0.00130364662645314,0.00134055298088731,-57.4543203460082,-2596.52441432551,0.000312974473756271,-0.00143730187535755,0.00147098256350283,-56.6478495042446,-2237.71552766014,0.000133656525058969
36180,0.000312774065364347,-0.0013033546247358,0.0013403584945024,-57.4555805795474,-2596.50555712594,0.00027709507021652,-0.00144441222849764,0.00147075095232736,-56.6492172345998,-2239.14035349361,0.000145499959703748
36200,0.000233267595633893,-0.00127283126894841,0.00129402983365363,-57.7611142192229,-2599.61483548315,0.000240879686707132,-0.00144955210407697,0.00146942993228738,-56.6570223564609,-2240.56507496673,0.00017688470114468
36220,0.000203057849098306,-0.00135184548370041,0.00136701086384916,-57.2845606802457,-2601.45758598799,0.000204435272716569,-0.00145270771053037,0.00146702197426116,-56.6712676177643,-2241.98953749299,0.000100871631774864
36240,0.000123585413541088,-0.00132106117266713,0.00132682929435884,-57.5436989697929,-2604.65552843098,0.000167869288635658,-0.00145387105050332,0.00146353036509622,-56.6919652492717,-2243.41358534496,0.000139998304433503
36260,0.000123987522691629,-0.00132129235829415,0.00132709698284252,-57.5419467638974,-2604.63917301333,0.000131289392404678,-0.00145303993585177,0.00145895920427478,-56.7191370354148,-2244.83706072335,0.00013194976882741
36280,4.47406201340175e-05,-0.00129020799230404,0.00129098349582603,-57.7815861959962,-2608.01394662871,9.4803126029407e-05,-0.00145021798570591,0.00145331340005171,-56.7528144416855,-2246.25980280128,0.000167658738170705
36300,4.48031656455997e-05,-0.00129069350684946,0.00129147088711872,-57.778307588593,-2608.01191996557,5.85176028774163e-05,-0.00144541460767339,0.00144659866511833,-56.7930387998757,-2247.68164673171,0.000155327733611079
36320,4.48439433286642e-05,-0.00129024401764949,0.00129102308435348,-57.7813198437854,-2608.00941929458,2.25391966622087e-05,-0.00143864496221243,0.00143882151175376,-56.8398615537662,-2249.10242260452,0.000150067791584426
36340,-3.43407558657005e-05,-0.00125997577571307,0.00126044366906942,-57.9895311752203,-2611.56121524888,-1.30267669837081e-05,-0.0014299299103262,0.00142998924649926,-56.8933445682315,-2250.52195433939,0.000171285416758576
36360,-3.40768769458324e-05,-0.00125962305355688,0.00126008391410824,-57.9920106497015,-2611.54965813839,-4.80763154495376e-05,-0.00141929594476366,0.00142010996437944,-56.9535605056607,-2251.94005849846,0.000160285421872206
36380,-0.000113474964408066,-0.00122924741945811,0.00123447389028357,-58.1703618234411,-2615.27417195582,-8.25071297238659e-05,-0.00140677510491649,0.00140919254265273,-57.0205932748079,-2253.3565430016,0.000180208451214795
36400,-0.000113053983924086,-0.00122910635611746,0.0012342947937707,-58.1716220569803,-2615.25531475625,-0.000116218839738313,-0.00139240487572115,0.00139724663414952,-57.0945385577989,-2254.7712057243,0.000163329185441798
36420,-0.00011352193421138,-0.00122910706992701,0.00123433845394675,-58.1713148201956,-2615.27694182847,-0.000149113313625704,-0.00137622807085386,0.0013842826601914,-57.1755044226225,-2256.18383295579,0.000151364907433438
36440,-0.000192140219451543,-0.00119853867634989,0.00121384217369369,-58.3167555493963,-2619.10771020792,-0.000181094940062017,-0.00135829270058503,0.00137031180312316,-57.2636120295952,-2257.5941976913,0.000160135400383914
36460,-0.000192495473187523,-0.00119833084745742,0.00121369325909215,-58.3178212028807,-2619.12582253104,-0.000212070902877442,-0.0013386518247262,0.00135534599851479,-57.3589964417117,-2259.0020577282,0.000141679829577857
36480,-0.00027123708291979,-0.0011679613135926,0.00119904261191993,-58.4233076509029,-2623.07412183625,-0.000241951447151978,-0.0013173633910671,0.00133939792701898,-57.4618075511043,-2260.40715353079,0.000152245292919104
36500,-0.00027131723526358,-0.00116753766002907,0.00119864808419204,-58.4261660882653,-2623.0824347882,-0.000270650136031007,-0.00129449005984152,0.00132248100597404,-57.5722111353437,-2261.80920582191,0.000126954152509971
36520,-0.000271378353143469,-0.00116798804612431,0.00119910061564664,-58.4228874808622,-2623.08040812506,-0.000298084097531413,-0.0012700990147316,0.00130460938078158,-57.6903900602377,-2263.20791285207,0.00010554547215884
36540,-0.000319590326654218,-0.00105791330901353,0.00110513281838832,-59.1317104789117,-2626.80930445323,-0.000324174260626422,-0.00124426176096972,0.00128579791610663,-57.8165456487051,-2264.60294728704,0.000186404822891281
36560,-0.000319821203204762,-0.00105820855886513,0.00110548222784211,-59.1289646982887,-2626.81633395193,-0.000348845579946329,-0.00121705391115869,0.0012660621869856,-57.9508992386419,-2265.99395264339,0.00016147526247231
36580,-0.00039854067911918,-0.00102731402147454,0.0011019114173249,-59.1570663404159,-2631.20348219645,-0.000372027248451459,-0.00118855495944593,0.00124541846991839,-58.0936939570658,-2267.38053918678,0.000163406248606548
36600,-0.00039886765198723,-0.00102739487028615,0.00110210508722721,-59.1555398587415,-2631.21780976141,-0.000393652897479528,-0.00115884804472446,0.00122388373404329,-58.2451967428573,-2268.76227918966,0.000131556568572175
36620,-0.000398534696190055,-0.00102744598891191,0.00110203228818328,-59.156113620131,-2631.20071065717,-0.000413660783601245,-0.00112801970356059,0.00120147563250801,-58.4057006565795,-2270.13870142286,0.000101704820921159
36640,-0.00044721119731128,-0.000917560078883408,0.00102074206015091,-59.8216797910885,-2635.98422129878,-0.000431993961756258,-0.00109615961358097,0.00117821249417915,-58.5755275232874,-2271.50928472676,0.000179246640281271
36660,-0.000446975951351215,-0.000917814003049533,0.00102086730052448,-59.8206141376041,-2635.96610897566,-0.000448600444192289,-0.00106336032809029,0.00115411331587752,-58.7550309632194,-2272.87345047235,0.000145555390521483
36680,-0.000447147712291779,-0.000917501297373532,0.00102066140677988,-59.8223661289843,-2635.98246345528,-0.000463433344761499,-0.00102971700269644,0.00112919775534623,-58.9445998765618,-2274.23055367687,0.000113391297488191
36700,-0.000495418140587991,-0.000808161714464499,0.000947926416316088,-60.4645074774622,-2641.50907065917,-0.00047645100816773,-0.000995327114730173,0.00110348612519648,-59.1446624623436,-2275.57987248077,0.000188123999449453
36720,-0.000495372341454953,-0.00080782393620591,0.000947614514761025,-60.4673659148246,-2641.51738361112,-0.00048761712382327,-0.000960290176328681,0.00107699938820737,-59.3556908680838,-2276.92059561777,0.000152663347853011
36740,-0.00049553077638868,-0.000808146446307367,0.00094797227228838,-60.4640873074214,-2641.51535694799,-0.000496900823997249,-0.000924707441985247,0.00104975915435496,-59.5782065887467,-2278.25180741335,0.000116569047108863
36760,-0.000464661417271923,-0.000728868539965764,0.000864383931625858,-61.2658662997066,-2642.51794228224,-0.000504276765986472,-0.000888681611435201,0.00102178768010621,-59.8127867599129,-2279.57246972014,0.000164649912439305
36780,-0.000464897777231495,-0.000729041954231558,0.000864657223588951,-61.2631205190836,-2642.52497178095,-0.000509725198109828,-0.000852316528772587,0.000993107870680248,-60.0600715236106,-2280.88140003231,0.000131172094558542
36800,-0.000543642219662724,-0.000698270629029835,0.000884945610964615,-61.0616684071464,-2647.90272643044,-0.000513232009333798,-0.000815716878632307,0.000963743286093575,-60.3207726887584,-2282.17724480035,0.000121319423168492
36820,-0.000513289833303078,-0.000619260182049037,0.000804331788532386,-61.8912953383353,-2649.65451667967,-0.00051478876243322,-0.000778987880379097,0.000933718152177114,-60.5956839620502,-2283.45844667109,0.000159734731359075
36840,-0.000513011556342018,-0.000619339216279774,0.000804215096701438,-61.8925555718745,-2649.63565948009,-0.000514392710582627,-0.000742234981135646,0.000903057377978816,-60.8856930967659,-2284.72320397811,0.000122903525606657
36860,-0.000513203896768304,-0.000619134251232094,0.000804179992729798,-61.892934719045,-2649.65552843098,-0.000512046797384526,-0.00070556354860252,0.00087178658158309,-61.1917963973341,-2285.96942026007,8.64370425392339e-05
36880,-0.000482381811352866,-0.000540387521558609,0.000724369301793173,-62.8007992605976,-2651.75398372939,-0.00050775964034062,-0.000669078564528552,0.000839932126942662,-61.5151161379343,-2287.19464082975,0.000131169427630159
36900,-0.000482466619609276,-0.000540086155143516,0.000724201003875932,-62.8028175501295,-2651.77486698413,-0.000501545497830761,-0.000632884319722715,0.000807521175292134,-61.8569216104771,-2288.39597236008,9.47391310043444e-05
36920,-0.00045179822594903,-0.000461315821035053,0.000645704207596586,-63.7993276719134,-2654.40281470405,-0.000493424219735502,-0.000597084111510212,0.000774581756071964,-62.218654725635,-2289.56997995996,0.000142006169081694
36940,-0.000451716473029387,-0.000461098497739571,0.000645491747913014,-63.8021861092758,-2654.411127656,-0.00048342118186414,-0.000561779944502796,0.000741142864177,-62.601961369607,-2290.71255406979,0.000105555399125921
36960,-0.000421194330179517,-0.000382243182639745,0.000568783363373028,-64.9010622997485,-2657.7755616563,-0.000471567204384959,-0.000527072235530935,0.000707234593129482,-63.0087300945769,-2291.81873638829,0.000153339104657215
36980,-0.000421031608262795,-0.00038212902045044,0.000568586144244448,-64.904074554941,-2657.7730609853,-0.000457898454539596,-0.00049305952361894,0.000672888318000162,-63.4411402281845,-2292.8824894339,0.00011689628260819
37000,-0.000421211619936988,-0.000382198163356884,0.000568765913925331,-64.901328774318,-2657.78009048401,-0.000442456333932001,-0.000459838185819831,0.000638136948134662,-63.9017221799092,-2293.89638741677,8.04941672469313e-05
37020,-0.000390345350553038,-0.000303189993139444,0.000494260725364933,-66.1208779560666,-2662.16271083913,-0.000425287350752748,-0.000427502159738656,0.000603015279484281,-64.3934336672587,-2294.8511954938,0.000129129617603967
37040,-0.000390501759291892,-0.000303105491959159,0.000494332442052782,-66.1196177344557,-2662.18156629349,-0.00040644297731254,-0.000396142673531662,0.000567560491577325,-64.9197568762414,-2295.73528792243,9.43930060276542e-05
37060,-0.000359728980884305,-0.000224167682082884,0.000423858572378185,-67.4555805795474,-2668.07060830302,-0.000385979493338774,-0.000365847984166751,0.000531812858811191,-65.4848233196592,-2296.53382922409,0.000144091628496239
37080,-0.000359784323429485,-0.0002240684480567,0.000423853074543704,-67.4556932442341,-2668.08594958979,-0.000363957815502299,-0.000336703124688446,0.000495816786363843,-66.0935754770688,-2297.22759936185,0.000112711971041322
37100,-0.000359757596221518,-0.000224209680105049,0.000423905070377665,-67.4546277750818,-2668.06783615565,-0.000340443313688946,-0.00030878966121631,0.000459622350097984,-66.7519772198569,-2297.7912717923,8.67572170745999e-05
37120,-0.000329076590652712,-0.000145042010775011,0.000359622840494414,-68.8830546599288,-2676.21429440428,-0.000315505614565202,-0.000282185460358473,0.000423287640806921,-67.467288238255,-2298.19082922623,0.000137813269156563
37140,-0.000329133390187785,-0.000145136136545918,0.00035971278357598,-68.8808825565097,-2676.20422419041,-0.000289218393040579,-0.00025696446772051,0.000386882432457019,-68.2484198051716,-2298.37958258756,0.000118738294793869
37160,-0.000250031676905023,-0.000175708225410715,0.00030559649856129,-70.2970325218368,-2664.90260466834,-0.000261659152233856,-0.000233196498119401,0.000350494106488101,-69.1063856048004,-2298.29185931272,5.86523629664728e-05
37180,-0.000219443489757106,-9.67380290319625e-05,0.000239820123129328,-72.4022875675825,-2676.21051047922,-0.000232908992600352,-0.000210947038105778,0.00031423757210065,-70.0548377875474,-2297.83267955527,0.00011500007617582
37200,-0.000219363179365177,-9.67140604118035e-05,0.000239736968243399,-72.405299822775,-2676.20800980822,-0.000203052370925144,-0.000190277061357718,0.000278272573958073,-71.1105918967192,-2296.86030850057,9.49740891926463e-05
37220,-0.000219444403089046,-9.67177160178218e-05,0.000239812765796177,-72.402554042152,-2676.21503930693,-0.000172176849874542,-0.000171242857455092,0.000242835301927265,-72.2937635580507,-2295.15582591985,8.82508826762156e-05
37240,-0.0001096806703148,-4.83773307061609e-05,0.000119875833957295,-78.4253671698493,-2676.19895430705,-0.000140372838861668,-0.000153895874516626,0.00020829900163784,-73.6262562317907,-2292.36883977746,0.000109891638890274
37260,-0.000109712501713337,-4.83482475614555e-05,0.000119893227809008,-78.4241069482385,-2676.21780976141,-0.000107733326977955,-0.000138282576140887,0.000175295580679888,-75.1245806525145,-2287.92147870319,8.99561036821085e-05
37280,-0.000109690821930921,-4.83777917478353e-05,0.000119885308317066,-78.4246807096279,-2676.20071065717,-7.43536087970354e-05,-0.000124444313046294,0.000144964982636175,-76.77473784282,-2280.8576833592,8.38739190363634e-05
37300,-0,0,0,-240,-2520,-4.03310038517026e-05,-0.000112417209767063,0.00011943290553067,-78.4575200434354,-2269.73604887926,0.00011943290553067
37320,-0,0,0,-240,-2520,-5.76457058338025e-06,-0.000102232066701862,0.000102394461452487,-79.7944706769059,-2253.22732576721,0.000102394461452487
37340,-0,0,0,-240,-2520,2.92451843435409e-05,-9.39142777960366e-05,9.83624541237093e-05,-80.1434128847403,-2232.70325670747,9.83624541237093e-05
37360,-0,0,0,-240,-2520,6.45966005651849e-05,-8.74837640620281e-05,0.00010874801046014,-79.2715735939652,-2213.55843792619,0.00010874801046014
37380,0.000109682046918141,4.8346880780658e-05,0.000119864808419204,-78.4261660882653,-2496.21253714236,0.00010018716148976,-8.29549231134827e-05,0.000130073004870877,-77.7162565364247,-2199.62474079871,0.000131644660184732
37400,0.000109721744878553,4.83690145159812e-05,0.000119910061564664,-78.4228874808622,-2496.21051047922,0.000135913793834933,-8.03365948438607e-05,0.000157881372636899,-76.0333821291839,-2190.58669356444,0.000131343661092653
37420,0.000188700899626833,1.76947504675585e-05,0.000189528714748149,-74.4464996493342,-2514.64295863115,0.000171673168401722,-7.96320433157041e-05,0.000189243068754764,-74.4596003614386,-2184.88462453249,9.88051032022352e-05
37440,0.00018876273132124,1.76771862411048e-05,0.00018958863797511,-74.4437538687113,-2514.64998812985,0.000207362001153621,-8.08389549023073e-05,0.000222562207376121,-73.0509715997981,-2181.29805456223,0.000100256485596127
37460,0.00018870967082528,1.77256609018415e-05,0.000189540335858605,-74.4459670831289,-2514.63390312998,0.000242877353770195,-8.39494526577195e-05,0.000256976496154693,-71.802131934706,-2179.06747588466,0.000115204021600682
37480,0.000267773250988129,-1.3016006590426e-05,0.000268089407422811,-71.4344069048783,-2522.78286093849,0.000278116932779556,-8.89501268525997e-05,0.000291995125585688,-70.6924879675322,-2177.73583346675,7.66353859062023e-05
37500,0.000267759435609677,-1.29352384352501e-05,0.000268071698900479,-71.4349806662678,-2522.76576183425,0.000312979386394104,-9.58220815690064e-05,0.000327319366405117,-69.700565963253,-2177.02254508757,9.44196627489527e-05
37520,0.000346763468031039,-4.37101035275563e-05,0.000349507476187997,-69.1308705996555,-2527.18433614013,0.000347364598218627,-0.000104540997189173,0.000362754716287597,-68.8077386491008,-2176.74941307927,6.08338637698886e-05
37540,0.000346819816309983,-4.36058321704453e-05,0.000349550359153824,-69.1298049461711,-2527.16622381701,0.000381173976951225,-0.000115077208582204,0.000398166252512546,-67.9987110473313,-2176.79917344202,7.92992181522337e-05
37560,0.000346751497598099,-4.36699530138465e-05,0.000349490580535092,-69.1312904971791,-2527.17805093636,0.000414310741245937,-0.000127395798735321,0.000433454818691831,-67.2611232931875,-2177.0920622788,0.000107583775003688
37580,0.00042589081455173,-7.42861235792725e-05,0.000432320961874359,-67.2838741278346,-2529.89429171638,0.000446680198936541,-0.000141456707537699,0.000468543701515018,-66.5849979165834,-2177.57218883316,7.03141938189969e-05
37600,0.000425739902315738,-7.43234514943073e-05,0.000432178712879106,-67.286732565197,-2529.90260466834,0.000478190019789208,-0.000157214855378569,0.00050337084319387,-65.962238874948,-2178.19934867861,9.809179201587e-05
37620,0.000504948643364889,-0.000105012811390449,0.000515752676185173,-65.751170196832,-2531.74818827119,0.000508750501015956,-0.000174620281183914,0.000537884109158037,-65.3862257199374,-2178.94394431994,6.97112184131592e-05
37640,0.000504801908305109,-0.000104917696403118,0.000515589652385515,-65.7539161458826,-2531.74115998842,0.000538274824774835,-0.000193618294462589,0.00057203831247302,-64.8514976640552,-2179.78373741288,9.48062879407106e-05
37660,0.000504924850428108,-0.00010504950083012,0.000515736853641956,-65.7514366714015,-2531.7527170989,0.000566679306933435,-0.000214149640910374,0.000605793286202975,-64.3535108822342,-2180.70171414479,0.000125365280136884
37680,0.000583854673377682,-0.000135532688119755,0.000599379169786477,-64.4459670831289,-2533.0688519529,0.00059388363637823,-0.000236150681064236,0.000639112601757259,-63.8884523825703,-2181.6846467924,0.000101116569379315
37700,0.000583894749537714,-0.000135744514894189,0.000599466139045041,-64.4447068615181,-2533.08770740726,0.000619811104175724,-0.000259553581472036,0.000671962697264135,-63.453096706245,-2182.72210230377,0.000128913418608619
37720,0.000553240147875646,-0.000214595605640799,0.000593402001329459,-64.5330198659826,-2541.20071065717,0.000644388821943379,-0.000284286517805462,0.000704312273108691,-63.0446948734443,-2183.80574491738,0.000114738415635953
37740,0.000632200564004882,-0.00024541822385531,0.000678164919269926,-63.3732935911156,-2541.21605194395,0.000667547928819366,-0.000310273889307653,0.000736131865671581,-62.6608876424928,-2184.92883648037,7.38626667579403e-05
37760,0.000632316909679758,-0.00024529089176083,0.000678227318712379,-63.372494420115,-2541.20246728493,0.000689223786416338,-0.000337436543938606,0.000767393542419602,-62.2996371937974,-2186.08587237874,0.000108301495073614
37780,0.000632158135236964,-0.000245379439836934,0.000678111331155116,-63.373979971123,-2541.21429440428,0.000709356161234726,-0.000365692013541269,0.000798070681236652,-61.9591728719405,-2187.27231220207,0.000142949818500452
37800,0.000711404290100554,-0.000275995880462801,0.000763066045638194,-62.3487574187563,-2541.20422419041,0.000727889394019668,-0.000394954758348017,0.000828137809225047,-61.6379477375884,-2188.48437770226,0.000120095683848062
37820,0.000680511509759862,-0.000354979827589334,0.000767532795983989,-62.2980611688573,-2547.54820155413,0.000744772555560481,-0.000425136420078854,0.000857570484096528,-61.3346034992621,-2189.71889928906,9.51390008205352e-05
37840,0.000680732052094119,-0.000355132666328841,0.000767799021516765,-62.2950489136648,-2547.55070222513,0.000759959588540289,-0.000456146082909832,0.000886345206546697,-61.0479419934217,-2190.97319802951,0.000128377228746744
37860,0.000759584579663555,-0.000385593908666641,0.000851851745354482,-61.3927196487262,-2546.91407533395,0.000773409434991782,-0.000487890541514278,0.000914439355361198,-60.7769018235503,-2192.24499395581,0.000103226584351176
37880,0.000759723625999364,-0.000385857247454778,0.00085209494970631,-61.390240174245,-2546.92563244443,0.000785086149068207,-0.000520274575420494,0.000941831139476563,-60.5205390941906,-2193.53233410196,0.000136789164899346
37900,0.000728986665496165,-0.000464574699064155,0.000864436932044072,-61.2653337335013,-2552.50888678107,0.000794958994762008,-0.00055320122884601,0.000968499562699828,-60.2780114207786,-2194.83353549978,0.000110485338438795
37920,0.000728939492222081,-0.0004648820200342,0.000864562360892529,-61.2640735118905,-2552.52774223543,0.000803002528337643,-0.000586572095205195,0.000994424398026345,-60.0485645779512,-2196.14713963471,0.000142456336165779
37940,0.000808064345050072,-0.000495290279685725,0.000947776580683637,-60.4658805361872,-2551.50555712594,0.000809196665273565,-0.000620287605463194,0.00101958616927709,-59.8315212876604,-2197.47187576453,0.000125002454378333
37960,0.0007771746945964,-0.000574569059373159,0.000966504066163182,-60.2959262903699,-2556.47569831111,0.000813526731496885,-0.000654247319468549,0.00104396613828792,-59.6262717545142,-2198.8066311541,8.75790826547226e-05
37980,0.000777451666399356,-0.00057439381730105,0.000966622651783419,-60.2948606368855,-2556.45758598799,0.000815983498824337,-0.000688350219435583,0.00106754629639685,-59.432265635966,-2200.15042675142,0.000120294487394369
38000,0.000777200146011975,-0.000574456030489646,0.000966457344080408,-60.2963461878935,-2556.46941310734,0.000816563204509314,-0.000722495004712214,0.00109030935921537,-59.2490051982882,-2201.50239717837,0.000153182858907697
38020,0.000746868289829933,-0.000653582548832605,0.00099246279048235,-60.0657153374656,-2561.18908789555,0.000815267554851488,-0.000756580386963662,0.00111223876390441,-59.0760394580396,-2202.86177416747,0.000123640665297306
38040,0.000746563290433322,-0.000653362316898756,0.000992088233861253,-60.0689940211304,-2561.19111633012,0.000812103712904112,-0.000790505384936244,0.00113331866839201,-58.9129591466828,-2204.22787276984,0.00015199923713093
38060,0.000716117350763509,-0.000732666915480481,0.00102451201510974,-59.7896588796576,-2565.65446525964,0.000807084270308945,-0.000824169617916502,0.00115353395202601,-58.7593923668448,-2205.60007980563,0.000129026063276691
38080,0.000715980833894156,-0.000732347505975667,0.00102418817802812,-59.7924048287082,-2565.64743697686,0.000800227203384269,-0.000857473597058823,0.00117287021732552,-58.61500083216,-2206.97784414029,0.000150844255581758
38100,0.000716037468704856,-0.000732701038329452,0.00102448058456874,-59.7899253542271,-2565.65899408735,0.000791555813606619,-0.000890319013723636,0.00119131379252163,-58.4794766022312,-2208.36066845532,0.000174775417562263
38120,0.000685408986789367,-0.000811342370910396,0.00106210259485896,-59.4766706023968,-2569.80941397302,0.000781098652668143,-0.000922609023985942,0.00120885173463923,-58.3525392396355,-2209.74810224918,0.000146754148979256
38140,0.000685241358555714,-0.000811685645659726,0.00106225670477777,-59.4754103807859,-2569.82826942738,0.000768889432377188,-0.000954248528514178,0.00122547183296589,-58.233933328027,-2211.13973585523,0.000165291184948911
38160,0.000685523428737691,-0.000811398201815444,0.00106221909851858,-59.4757178861165,-2569.8066418521,0.000754966919657027,-0.000985144446988084,0.00124116261271756,-58.1234263010582,-2212.53519530464,0.000187110010802883
38180,0.000654444369386691,-0.000890649946101771,0.00110523968401113,-59.1308705996555,-2573.69177189891,0.000739374816974074,-0.00101520598627027,0.00125591333878355,-58.0208065397882,-2213.93413789418,0.000150756054836449
38200,0.000654806220518941,-0.000890552272140929,0.00110537529185597,-59.1298049461711,-2573.67365957578,0.000722161628580853,-0.00104434490157438,0.00126971401947011,-57.9258817029581,-2215.33624834395,0.000167895574281283
38220,0.000623837996113891,-0.000969554865012748,0.00115291390904321,-58.7640624269317,-2577.24166778939,0.000703380512962007,-0.0010724757498653,0.00128255541013393,-57.8384772604543,-2216.74123545087,0.000130075826060665
38240,0.000624184059820037,-0.000969783465137997,0.00115329341877446,-58.7612037249995,-2577.23335475875,0.000683089121935126,-0.00109951613476222,0.00129442901663573,-57.7584352047545,-2218.14882915988,0.000142479373632149
38260,0.000623914171479949,-0.000969439556675736,0.00115285816448562,-58.7644824086643,-2577.23538319333,0.000661349426896334,-0.00112538694225561,0.00130532709856784,-57.685612918963,-2219.55877798792,0.0001603776337813
38280,0.000593411890038365,-0.00104884843426955,0.00120508120444582,-58.3796737430357,-2580.49991734172,0.000638227532734801,-0.00115001256655539,0.00131524267220011,-57.6198821834224,-2220.97084674618,0.000110646389418916
38300,0.000593352932626717,-0.00104844412796783,0.0012047002914115,-58.3824196920864,-2580.49288905895,0.00061379347997282,-0.00117332112544025,0.00132416951311436,-57.5611283055118,-2222.38481451533,0.000126538849661016
38320,0.000514270251856915,-0.00101818148566851,0.00114068726200616,-58.8566681633796,-2583.20225180275,0.00058812103571326,-0.00119524466447134,0.0013321021584682,-57.5092493598048,-2223.80047283488,0.000191847094228603
38340,0.000483773307061609,-0.001096806703148,0.00119875833957295,-58.4253671698493,-2586.19895430705,0.000561287474029221,-0.00121571934951057,0.0013390359088824,-57.4641555274168,-2225.21762407382,0.000141945988127994
38360,0.000483482475614555,-0.00109712501713337,0.00119893227809008,-58.4241069482385,-2586.21780976141,0.000533373346451626,-0.00123468564700606,0.00134496682993588,-57.4257685251786,-2226.63607995436,0.000146328486235089
38380,0.000483777917478353,-0.00109690821930921,0.00119885308317066,-58.424680709628,-2586.20071065717,0.000504462243216516,-0.00125208849150705,0.0013498917532141,-57.394021117013,-2228.05566020455,0.000156552733002781
38400,0.000452800647205051,-0.00117604855532585,0.0012602057889858,-57.9911705941034,-2588.94236293785,0.000474640546001796,-0.00126787743996784,0.00135380827693151,-57.3688567007023,-2229.47619131833,9.43902814597102e-05
38420,0.00037407599175713,-0.00114549001280792,0.00120502291142193,-58.3800939130765,-2591.9148173279,0.000443997172868462,-0.00128200681239927,0.00135671476609984,-57.3502289647078,-2230.8975054046,0.000153381250935925
38440,0.0003737811723658,-0.00114526930576738,0.00120472160582769,-58.3822660164956,-2591.92488754178,0.000412623316164558,-0.00129443581846461,0.00135861035222273,-57.3381016106562,-2232.31943910842,0.000154140717025507
38460,0.000374070429159919,-0.00114559203736209,0.00120511816932586,-58.3794073145634,-2591.91657451115,0.00038061217416355,-0.00130512866969793,0.00135949493253524,-57.3324481377868,-2233.74183258963,0.000159670697013428
38480,0.000264207122693841,-0.00119352995723769,0.00122242347920267,-58.2555663430668,-2597.51794228224,0.00034805867722369,-0.00131405467700394,0.00135936916874947,-57.3332516868601,-2235.16452854489,0.000146824014629097
38500,0.000264246655402706,-0.00119395547781749,0.00122284748758867,-58.2525540878744,-2597.52044295324,0.00031505920927661,-0.00132118833320467,0.00135823448533239,-57.3405049413903,-2236.58737126047,0.000137004069724815
38520,0.000264309540182012,-0.00119354566851138,0.00122246095882588,-58.255300036925,-2597.51341467047,0.000281711325456962,-0.00132650938040635,0.0013560930673065,-57.3542100850328,-2238.01020568373,0.000134097616726189
38540,0.000185103647223346,-0.00116325805969525,0.00117789332015312,-58.5778808219937,-2600.9586021434,0.000248113466699588,-0.00133000286198172,0.00135294785754561,-57.3743788147819,-2239.43287650137,0.000178252816078688
38560,0.000185361966777134,-0.00116300728771333,0.00117768629524242,-58.57940757619,-2600.94427349364,0.000214364672145032,-0.00133165915909396,0.00134880255362402,-57.4010324097874,-2240.85522721291,0.00017112746897808
38580,0.000154344970474544,-0.00124216975981774,0.00125172204666868,-58.0498419688322,-2602.91705399541,0.000180564290183214,-0.00133147401162066,0.00134366160416623,-57.4342018570104,-2242.27709918777,9.30736381370407e-05
38600,7.56399831484697e-05,-0.00121148314705023,0.00121384217369369,-58.3167555493963,-2606.4273267161,0.00014681168898232,-0.00132944852346047,0.00133753020472551,-57.473928035144,-2243.69833069357,0.00013777242736814
38620,7.53458092387831e-05,-0.00121138958439941,0.00121373049568726,-58.3175547203969,-2606.44091137511,0.000113205967352234,-0.00132558915224894,0.00133041429322005,-57.520261958975,-2245.11875588308,0.000120311815169554
38640,7.56088105096563e-05,-0.00121158122823156,0.00121393812232328,-58.3160689969852,-2606.42908362157,7.9845666765679e-05,-0.00131990768349172,0.00132232054489134,-57.573265087582,-2246.53820372616,0.00010840927940064
38660,-3.64275521191515e-06,-0.00118061911965815,0.00118062473943583,-58.5577624116596,-2610.17678337886,4.68284853931576e-05,-0.00131242118924968,0.00131325636683618,-57.6330097000822,-2247.95649687151,0.000141135153937017
38680,-3.47260215042074e-06,-0.00118100826550489,0.00118101337086274,-58.5549037097274,-2610.16847034822,1.42509949651916e-05,-0.00130315197148227,0.0013032298920895,-57.6995793440855,-2249.37345042184,0.000123422894167183
38700,-8.25323968214825e-05,-0.00114990014822856,0.00115285816448562,-58.7644824086643,-2614.10528083917,-1.77916387081392e-05,-0.0012921274902709,0.00129224997331077,-57.7730693625977,-2250.78887060369,0.00015626894312537
38720,-8.26112285676487e-05,-0.00115029539678962,0.00115325804352748,-58.7614701534718,-2614.10778151017,-4.9205930759066e-05,-0.00127938027712661,0.00128032617606703,-57.8535875067255,-2252.2025533108,0.00013333724255922
38740,-8.24440571270139e-05,-0.00114994192274198,0.0011528935112295,-58.7642161025224,-2614.10075322739,-7.99003470275009e-05,-0.00126494783365301,0.00126746877173307,-57.9412546427498,-2253.61428249661,0.000115034038464906
38760,-0.000161740143651328,-0.00111957190240074,0.00113119455387372,-58.9292538889825,-2618.22042251501,-0.000109785567794412,-0.00124887251589497,0.00125368873004975,-58.0362055636021,-2255.02382838769,0.000139348220664835
38780,-0.000161431775671921,-0.00111941553418654,0.00113099573667398,-58.9307806431788,-2618.20609386526,-0.000138774744721616,-0.00123120140471713,0.00123899771135785,-58.138589916798,-2256.4309454851,0.000114058852798739
38800,-0.000161776528075041,-0.00111944125151397,0.00113107044901155,-58.9302068817893,-2618.2231929695,-0.000166783750263437,-0.00121198616260667,0.00122340805854056,-58.248573262964,-2257.83537031504,9.26802721359765e-05
38820,-0.000240439778450101,-0.00108889009228974,0.00111512013709192,-59.0535668305143,-2622.45177624725,-0.000193731418832385,-0.00119128287734263,0.00120693278872212,-58.3663382815632,-2259.2368188827,0.000112543117466437
38840,-0.000240754472763658,-0.00108868047247176,0.0011149833574081,-59.0546322996665,-2622.46988968139,-0.000219539779027844,-0.00116915189300382,0.00118958558476892,-58.4920861434753,-2260.63498377459,8.32208672915143e-05
38860,-0.000288949586161451,-0.000979205262407716,0.00102094799537971,-59.819927585193,-2626.44058249968,-0.000244134276265199,-0.0011456576288069,0.00117138078663217,-58.6260380737736,-2262.02953084402,0.000172379819819451
38880,-0.00028904939285078,-0.000978909632835063,0.00102069271613188,-59.8220996886121,-2626.45065271356,-0.000267443985172272,-0.00112086838634458,0.00115233338262481,-58.7684371320031,-2263.42009540049,0.00014359345855202
38900,-0.000289002460953339,-0.00097927380641865,0.00102102870203279,-59.8192409866799,-2626.44233968292,-0.000289401811143805,-0.00109485614577137,0.00113245900068244,-58.9195502428094,-2264.80627780742,0.000115583029250937
38920,-0.000367947356860119,-0.00094823171933094,0.00101711781567607,-59.8525747717419,-2631.20800980822,-0.000309944680491849,-0.0010676963515816,0.00111177389974124,-59.0796705154906,-2266.1876383717,0.00013280101213721
38940,-0.000368180061213673,-0.000948486357320604,0.00101743939745747,-59.8498289911189,-2631.21503930693,-0.000329013718640786,-0.00103946768856985,0.00109029496129928,-59.2491198992534,-2267.56369138198,9.90535462586877e-05
38960,-0.00033722672848546,-0.000869265710478456,0.000932386583890299,-60.6080796833881,-2631.20348219645,-0.000346554415875022,-0.00101025184867074,0.00106803968133451,-59.4282522295862,-2268.93389812012,0.000141294362642004
38980,-0.000416592429197078,-0.000838705495203063,0.000936470052776989,-60.5701221259811,-2636.41399676448,-0.000362516780173565,-0.000980133289375378,0.00104502616275824,-59.6174567326987,-2270.29765862727,0.000151413330924859
39000,-0.000416255972846348,-0.000838720860141615,0.00093633419042933,-60.5713823595203,-2636.39513956491,-0.000376855476695303,-0.000949198984397808,0.00102127310857433,-59.8171620694055,-2271.65430195304,0.000117293712687915
39020,-0.000416533772472745,-0.000838651993935418,0.00093639604363871,-60.5708085981308,-2636.41223866915,-0.000389529953534176,-0.000917538167369146,0.000996799816051081,-60.0278410165875,-2273.00307454597,8.33800611434363e-05
39040,-0.00038560499819176,-0.000759788549851063,0.000852038646491607,-61.3908141239758,-2636.90853164731,-0.000400504553403596,-0.000885242069299863,0.000971626172226395,-60.2500159065597,-2274.34312635459,0.000126335198134173
39060,-0.000385797850319747,-0.000759573427024188,0.000851934136158781,-61.391879593128,-2636.92664508145,-0.000409748610920172,-0.000852403650563505,0.000945772651140326,-60.4842649722095,-2275.67349408968,9.58701691648578e-05
39080,-0.00046475193164768,-0.000729116793342215,0.000864641923748718,-61.263274214555,-2642.51415666443,-0.000417236535254582,-0.000819117328222236,0.000919260313374391,-60.7312297798165,-2276.99308094495,0.000101773322501936
39100,-0.000434091403625792,-0.000649833042182351,0.000781484695572331,-62.1415904538189,-2643.74310211343,-0.000422947877899048,-0.000785478699462525,0.00089211080854827,-60.9916239763287,-2278.30063186646,0.00013610261755232
39120,-0.000434139975674961,-0.000650109946682184,0.00078174194031929,-62.1387317518868,-2643.7347890828,-0.000426867385397305,-0.000751584261970984,0.000864346381700299,-61.2662436338771,-2279.59470318706,0.000101734592114371
39140,-0.000433999137533579,-0.000649849230021519,0.00078144690999418,-62.1420104355515,-2643.73681751738,-0.000428985036890368,-0.00071753113206666,0.000835989884723908,-61.5559795477548,-2280.87362506767,6.78673785386494e-05
39160,-0.000403534433695883,-0.000570960894678124,0.000699168350563654,-63.1083647850091,-2645.25128277486,-0.000429296066387813,-0.000683416761385735,0.000807064794399443,-61.8618319394987,-2282.13545467934,0.000115368902551398
39180,-0.000482328269029004,-0.000540222318033752,0.000724210405894776,-62.802704785348,-2651.75952741603,-0.000427800969734066,-0.000649338652993044,0.000777595239167671,-62.1849281408933,-2283.37791735309,0.00012198196966498
39200,-0.0004825749634726,-0.000540279222910318,0.000724417168542517,-62.8002253108669,-2651.77108452651,-0.000424505496254757,-0.000615394077699327,0.000747606037440779,-62.526544000957,-2284.59833194033,9.49436908537798e-05
39220,-0.000451698526158933,-0.000461270602601018,0.000645602143241531,-63.8007007306384,-2654.39930117082,-0.000419420625128267,-0.000581679791432383,0.000717122751377898,-62.8881299777683,-2285.79351522763,0.000124660481508667
39240,-0.000451866013443774,-0.000461166241233951,0.000645644791010831,-63.8001269692489,-2654.41640027506,-0.000412562526589669,-0.000548291754487724,0.000686171761576705,-63.2713431736809,-2286.95965824419,9.55804328229593e-05
39260,-0.000421069703787192,-0.000382298600831829,0.000568728332022775,-64.9019027240488,-2657.76298968688,-0.000403952508074997,-0.00051532485345663,0.000654780370330523,-63.6780869757004,-2288.09216437288,0.000134123011733434
39280,-0.000421093880591562,-0.000382101311488873,0.000568613637290891,-64.9036545732084,-2657.77934558136,-0.000393616945502262,-0.000482872626649797,0.000622976944480455,-64.1105605136928,-2289.18543484426,0.000104450179134188
39300,-0.000421132017008719,-0.000382270899912769,0.000568755849789653,-64.9014824697893,-2657.76927536748,-0.000381587199891465,-0.000451026993796326,0.000590791113892178,-64.5713209109599,-2290.23258066209,7.93170410880385e-05
39320,-0.000390421450611945,-0.000303081544584252,0.000494254318914374,-66.1209905405393,-2662.17805093636,-0.000367899519602768,-0.000419877990817005,0.000558254049422368,-65.0633623598314,-2291.22502998601,0.000118948086277091
39340,-0.000390505974741414,-0.000303237972874318,0.000494417014777675,-66.1181318386071,-2662.16973790572,-0.000352594928491712,-0.000389513510430253,0.000525398856494544,-65.5902175354013,-2292.15198429039,9.42375498849182e-05
39360,-0.000390369328524451,-0.000303109710506195,0.000494230421216441,-66.1214105222719,-2662.1717663403,-0.000335719100309523,-0.000360019049321296,0.000492261140236405,-66.1560889334179,-2292.9996514595,7.89006989089176e-05
39380,-0.000359848276401375,-0.00022411710380345,0.000423933082273944,-67.4540538253511,-2668.08493695277,-0.000317322219751597,-0.000331477462621477,0.000458879831082227,-66.7660206043194,-2293.75014269124,0.000115476024090352
39400,-0.000359700367761564,-0.000224125696041586,0.0004238120835865,-67.4565332998322,-2668.07337984229,-0.000297458830572425,-0.000303968726401473,0.00042529841583957,-67.4261246990426,-2294.37985051364,0.00010123694211461
39420,-0.000329167969731038,-0.000145046106158999,0.00035970811112448,-68.8809953816955,-2676.21956785674,-0.000276187671215895,-0.000277569708840167,0.000391566818049327,-68.1438823613133,-2294.85700459905,0.00014272146754553
39440,-0.000250038158953384,-0.000175789890335049,0.000305648763250902,-70.2955471431994,-2664.89077818315,-0.00025357149846243,-0.000252353950742621,0.000357744351860223,-68.9285442848537,-2295.13788634499,7.66455467341747e-05
39460,-0.000250107130502615,-0.000175726869760307,0.000305668954072879,-70.2949733818099,-2664.90787728739,-0.000229676899628193,-0.000228391456026874,0.000323904515882219,-69.7916599401326,-2295.16078451812,5.64885207826409e-05
39480,-0.000250057082075291,-0.000175821273524496,0.000305682293435169,-70.2945943387338,-2664.88800603579,-0.0002045740938595,-0.000205748492768941,0.000290143071871666,-70.7477559039417,-2294.83601215377,5.44457589601142e-05
39500,-0.000219384393768474,-9.66946738500075e-05,0.000239748560329609,-72.4048798410424,-2676.21429440428,-0.000178336723139345,-0.000184487405382011,0.000256592263259565,-71.8151288512198,-2294.02880113648,9.69147820197102e-05
39520,-0.00021942226012519,-9.6757424363945e-05,0.000239808522383987,-72.4027077376233,-2676.20422419041,-0.000151041633597111,-0.000164666438450991,0.000223447110144253,-73.0165051545115,-2292.52885724839,9.63719060652384e-05
39540,-0.000188711963788858,-1.7674906945387e-05,0.000189537879096964,-74.4460796676017,-2694.6492432272,-0.000122768647802999,-0.000146339572728766,0.000191016783110319,-74.3785694621673,-2289.99429380631,0.000144579103415256
39560,-0.000109721744878553,-4.83690145159812e-05,0.000119910061564664,-78.4228874808622,-2676.21051047922,-9.3600328704756e-05,-0.000129556373751082,0.000159830771483993,-75.9267920850248,-2285.84690498996,8.27725036411135e-05
39580,-0.000109681589682588,-4.83570302059017e-05,0.0001198684841217,-78.4258997360546,-2676.20800980822,-6.36217358853353e-05,-0.000114361853484718,0.00013086771492436,-77.6633496143746,-2279.0880433206,8.0486935759116e-05
39600,-0.000109722201544523,-4.83588580089109e-05,0.000119906382898088,-78.4231539554316,-2676.21503930693,-3.29201749130753e-05,-0.000100796345415125,0.000106036037106979,-79.4909302311387,-2268.08708334398,9.2995921309348e-05
39620,-7.90241554980415e-05,3.065697531686e-05,8.47624167172999e-05,-81.4359333865526,-2721.20348219645,-1.58494046269091e-06,-8.8895393398449e-05,8.89095214458794e-05,-81.0210345466295,-2251.02143401691,0.000142441570093609
39640,-0,0,0,-240,-2880,3.02929460035967e-05,-7.86896545907863e-05,8.43191811938071e-05,-81.4814723891054,-2228.94492478303,8.43191811938071e-05
39660,-0,0,0,-240,-2880,6.26210032180679e-05,-7.02048167243785e-05,9.40750037753963e-05,-80.5305151115818,-2208.26780784888,9.40750037753963e-05
39680,-0,0,0,-240,-2880,9.53055610011463e-05,-6.34615299429447e-05,0.000114501160432733,-78.8238022373153,-2193.65862836252,0.000114501160432733
39700,0.000109700514146227,4.8388406580553e-05,0.000119898459937363,-78.4237279051624,-2856.19793850981,0.000128252034242986,-5.84753533800468e-05,0.000140953720207681,-77.0184691451422,-2184.51018448559,0.000108462076740293
39720,0.000109692196884237,4.83473369250037e-05,0.000119874280164805,-78.4254797543221,-2856.21429440428,0.00016136519919487,-5.52567166145722e-05,0.000170563865581849,-75.3622593977887,-2178.90287945605,0.000115775209253216
39740,0.000109711130062595,4.83787121819725e-05,0.000119904261191993,-78.4233076509029,-2856.20422419041,0.00019454947124534,-5.38108960980929e-05,0.000201854178308801,-73.8992451284249,-2175.46103724143,0.000132816641182771
39760,0.000188711963788858,1.7674906945387e-05,0.000189537879096964,-74.4460796676017,-2874.6492432272,0.000227709183376883,-5.41380066038504e-05,0.00023405639481374,-72.6135897743983,-2173.37381211604,8.17182824588652e-05
39780,0.00018876712457582,1.76926493346953e-05,0.000189594454457676,-74.4434873941418,-2874.64545930214,0.000260748864515029,-5.62330076927168e-05,0.000266743550062689,-71.4781214628908,-2172.17000029483,0.000103181265991509
39800,0.000267729441810984,-1.29467704525385e-05,0.000268042296807,-71.4359333865526,-2882.76853337352,0.000293573516910812,-6.00857251742853e-05,0.000299659313556416,-70.4674443935031,-2171.56698625558,5.37586948318542e-05
39820,0.000267803261097957,-1.30044855267013e-05,0.000268118823096244,-71.4334539120714,-2882.78009048401,0.000326088891799647,-6.56808874650312e-05,0.000332637857636974,-69.5605665017767,-2171.38815246156,7.85621923539704e-05
39840,0.000267729441810984,-1.29467704525385e-05,0.000268042296807,-71.4359333865526,-2882.76853337352,0.000358201762523177,-7.29981767268981e-05,0.000365564271339749,-68.7407251383176,-2171.51861531075,0.000108588269212553
39860,0.000346803625625526,-4.36981336663668e-05,0.000349545821936028,-69.1299176910955,-2887.18156629349,0.0003898201942963,-8.2012294615575e-05,0.00039835386322881,-67.9946193339538,-2171.88090085635,5.76055562376522e-05
39880,0.000346793742449055,-4.35917535267928e-05,0.000349522732847753,-69.130491452485,-2887.16446718924,0.000420853809878859,-9.26930424311047e-05,0.000430940749297029,-67.3116487509502,-2172.42107928813,8.88584838930524e-05
39900,0.000346777559984355,-4.36840414270446e-05,0.000349518199217297,-69.1306041171717,-2887.17980847602,0.000451214050362816,-0.000105005415408896,0.000463271255864221,-66.6832929040664,-2173.1005561231,0.000121108593541468
39920,0.000425878355599787,-7.4235808550795e-05,0.000432300045153328,-67.284294382094,-2889.88800603579,0.000480814430318758,-0.000118909710873724,0.000495299945227965,-66.1026344008675,-2173.89103566471,7.08076962927545e-05
39940,0.000425771264502719,-7.43423829934632e-05,0.000432212863743539,-67.2860462312537,-2889.90436193026,0.000509570786591824,-0.000134361649910264,0.000526987134107103,-65.5639997509482,-2174.77132856272,0.000103076051067125
39960,0.00042589081455173,-7.42861235792725e-05,0.000432320961874359,-67.2838741278346,-2889.89429171638,0.000537401519991042,-0.000151312512183332,0.000558297295382947,-65.0626895208387,-2175.72526810922,0.000135527495250804
39980,0.00050479103140734,-0.00010501481297308,0.000515598774565123,-65.7537624702919,-2891.75197219626,0.000564227829221493,-0.000169709283501613,0.000589198000823686,-64.594774708167,-2176.74031402268,8.78527600668737e-05
40000,0.000504948643364889,-0.000105012811390449,0.000515752676185173,-65.751170196832,-2891.74818827119,0.000589973936369204,-0.000189494815675784,0.000619659205340301,-64.1569418852612,-2177.80659461515,0.000119860375014168
40020,0.00058382606380315,-0.000135574671719978,0.000599360796505627,-64.4462333431924,-2893.07337984229,0.000614567303276181,-0.000210607998185461,0.000649652752750147,-63.7463743398051,-2178.91623566259,8.10865209810721e-05
40040,0.000583965380204825,-0.000135731172597926,0.000599531914490441,-64.4437538687113,-2893.08493695277,0.000637938838231627,-0.000232983941150042,0.000679152028752122,-63.3606599530444,-2180.06288112028,0.000111226054332707
40060,0.000583854673377682,-0.000135532688119755,0.000599379169786477,-64.4459670831289,-2893.0688519529,0.000660023092349924,-0.00025655416905038,0.000708131713802091,-62.9977191044753,-2181.24134490078,0.00014299589817674
40080,0.000553212622461774,-0.000214774889531585,0.000593441200814653,-64.5324461045931,-2901.21780976141,0.000680758445090873,-0.000281246824617569,0.000736567605125292,-62.6557477140941,-2182.44735389106,0.000143827865951661
40100,0.000632274454715024,-0.000245252120732341,0.000678173715805096,-63.3731809264289,-2901.20071065717,0.000700087278423906,-0.000306986882301677,0.000764436487431295,-62.33317183496,-2183.67735558621,9.17047427639089e-05
40120,0.000632200564004882,-0.00024541822385531,0.000678164919269926,-63.3732935911156,-2901.21605194395,0.000717956139082715,-0.000333696370659447,0.000791716038386141,-62.0286111428365,-2184.92837220786,0.000123073351543308
40140,0.00063235568290712,-0.000245248430262696,0.000678248112604264,-63.3722281219633,-2901.19793850981,0.000734315888532239,-0.000361294603031963,0.000818384759346675,-61.7408493403967,-2186.19788874728,0.000154475233437309
40160,0.000711177902141584,-0.000276051869816551,0.000762875247549505,-62.3509295221754,-2901.21429440428,0.000749121840158711,-0.000389698415804479,0.000844421924563363,-61.4688099839983,-2187.483766096,0.000119813521136947
40180,0.000680738081160243,-0.000355040801585085,0.000767761881009932,-62.2954690837056,-2907.54441593632,0.000762333883335474,-0.000418822413560112,0.000869807544104822,-61.2115365977299,-2188.78417295631,0.000103566253957321
40200,0.000680511509759862,-0.000354979827589334,0.000767532795983989,-62.2980611688573,-2907.54820155413,0.000773916594031057,-0.000448579220408351,0.000894522337059727,-60.9681762044328,-2190.09753196838,0.000132232205244402
40220,0.000680732052094119,-0.000355132666328841,0.000767799021516765,-62.2950489136648,-2907.55070222513,0.000783839331614587,-0.000478879736728895,0.000918547712443692,-60.7379656012552,-2191.42247671257,0.000161072805037685
40240,0.000728927604346695,-0.000464618064164683,0.000864410433721591,-61.2655999935648,-2912.51341467047,0.000792076321636755,-0.000509633400603855,0.000941865755991087,-60.5202198546934,-2192.75781711214,7.75508930323295e-05
40260,0.000729041954231558,-0.000464897777231495,0.000864657223588951,-61.2631205190836,-2912.52497178095,0.000798606724348185,-0.000540748453154858,0.000964459221410376,-60.3143226033433,-2194.10251138263,0.000102920271469765
40280,0.000728986665496165,-0.000464574699064155,0.000864436932044072,-61.2653337335013,-2912.50888678107,0.000803414688758847,-0.000572132207004867,0.000986311525029356,-60.1197178424976,-2195.45564312697,0.000130798119868776
40300,0.00069825736514614,-0.000543912394671596,0.000885101147360131,-61.060141925472,-2917.91705399541,0.000806489392132196,-0.000603691317097277,0.00100740674305883,-59.9359029305262,-2196.81640250671,0.000123643403511412
40320,0.000698373523119152,-0.000543668071433561,0.0008850426824115,-61.0607156868615,-2917.89995489117,0.000807825064786002,-0.000635332053061781,0.00102772961081415,-59.7624226090985,-2198.184070666,0.000142765281147725
40340,0.000698218871060361,-0.000543847991320968,0.000885031202596076,-61.0608283515482,-2917.91529617794,0.00080742100017763,-0.000666960572347484,0.00104726552344376,-59.5988638688742,-2199.55800676862,0.000164565526799374
40360,0.000746864848865942,-0.000653394433064767,0.000992336327880611,-60.0668221902381,-2921.18104503171,0.000805281550237502,-0.000698483193325639,0.00106600053776314,-59.4448515244346,-2200.93763714895,7.37936806305012e-05
40380,0.000746527716032358,-0.000653475797394266,0.000992136204653656,-60.0685740393978,-2921.19740092618,0.000801416105992297,-0.000729806667546113,0.00108392137488778,-59.3000443871482,-2202.32244618146,9.40166851709442e-05
40400,0.000746829296583876,-0.000653507982832559,0.00099238434180606,-60.0664019359787,-2921.18733071231,0.000795839063568551,-0.000760838450400212,0.00110101542346557,-59.1641319442876,-2203.71196855736,0.000117990620509357
40420,0.000746563290433322,-0.000653362316898756,0.000992088233861253,-60.0689940211304,-2921.19111633012,0.000788569775671947,-0.000791486969360062,0.00111727074327133,-59.0368314694514,-2205.10578271759,0.000144370926504125
40440,0.000716117350763509,-0.000732666915480481,0.00102451201510974,-59.7896588796576,-2925.65446525964,0.000779632488712523,-0.000821661889041652,0.00113267606903279,-58.9178855016943,-2206.5035052421,0.000109335621221246
40460,0.000715980833894156,-0.000732347505975667,0.00102418817802812,-59.7924048287082,-2925.64743697686,0.000769056265785967,-0.000851274372325894,0.00114722081436988,-58.8070596414059,-2207.90478603264,0.000130232872234267
40480,0.00068535579693705,-0.000811741568106169,0.00106237325916397,-59.4744573879791,-2929.8254989729,0.0007568748957353,-0.000880237336768586,0.00116089507572208,-58.7041406197699,-2209.30930415726,9.90285404192606e-05
40500,0.000685408986789367,-0.000811342370910396,0.00106210259485896,-59.4766706023968,-2929.80941397302,0.000743126788591305,-0.000908465705570047,0.00117368963619813,-58.6089346053186,-2210.71676424845,0.000112979143120571
40520,0.000685241358555714,-0.000811685645659726,0.00106225670477777,-59.4754103807859,-2929.82826942738,0.000727854857710597,-0.000935876652385394,0.00118559596928001,-58.5212657170255,-2212.12689336607,0.000131298577531359
40540,0.000654781769592359,-0.000890461813882615,0.00110528792980545,-59.130491452485,-2933.67190294802,0.000711106388960596,-0.000962389839255053,0.00119660624230444,-58.4409747183083,-2213.53943825176,9.13570116682616e-05
40560,0.000575509759132706,-0.000859948273323408,0.00103475722546349,-59.7032306468317,-2936.20807214251,0.000692932897370492,-0.000987927646998599,0.00120671331970873,-58.3679178699112,-2214.95416291368,0.000173686250117573
40580,0.000575852227154041,-0.0008598717603721,0.0010348841634713,-59.7021651776795,-2936.18995870836,0.00067338997165313,-0.00101241539737521,0.00121591076595506,-58.3019659235573,-2216.37084649049,0.000181061240446725
40600,0.000544818229209271,-0.000938882435033131,0.00108550777504929,-59.2873412304849,-2939.87410265837,0.000652537107095276,-0.00103578156641229,0.00122419284814761,-58.2430032403913,-2217.78928135178,0.000144888917157438
40620,0.000545119539700348,-0.000939021458381383,0.00108577926479732,-59.2851691270658,-2939.8640324445,0.00063043752729887,-0.00105795798827774,0.00123155453829191,-58.1909270211217,-2219.20927139862,0.000146373006909226
40640,0.000544894861535704,-0.000938777276937393,0.0010854552896467,-59.2877612122174,-2939.86781806231,0.000607157995308315,-0.00107888004909693,0.00123799151515922,-58.1456466367245,-2220.63063053315,0.000153314984897024
40660,0.000514366510341098,-0.00101817206908826,0.00114072225770867,-58.8564016888101,-2943.19772297504,0.00058276861469689,-0.00109848687020396,0.00124350016577652,-58.1070830499264,-2222.05318127103,0.000105495569378789
40680,0.000514328777128675,-0.00101778715265097,0.00114036168783595,-58.8591476378608,-2943.19069469226,0.000557342621194319,-0.00111672148027242,0.00124807758649115,-58.0751683197126,-2223.47675347351,0.000107880452183009
40700,0.000435229722080198,-0.000987499813900708,0.00107915744608279,-59.3383037666451,-2946.21503930693,0.000530956165473031,-0.00113353097584562,0.0012517215836021,-58.0498451821223,-2224.90118317945,0.000174610000353996
40720,0.000404743610638975,-0.00106625170421766,0.0011404867763811,-58.8581949175759,-2949.21349816135,0.000503688087754548,-0.00114886666984941,0.00125443067358731,-58.0310667015021,-2226.32631151946,0.000128900124507345
40740,0.000404452100977159,-0.00106644289005743,0.00114056211568633,-58.8576211561864,-2949.2305972656,0.00047561968486852,-0.00116268422760422,0.00125620408284405,-58.0187959882018,-2227.75198369668,0.00011969636606735
40760,0.000404840292150497,-0.00106625239552845,0.00114052173724075,-58.857928661517,-2949.20896969032,0.000446834470495253,-0.0011749437900347,0.00125704174702508,-58.0130059784755,-2229.17804801979,0.000116521801627696
40780,0.000325427784185745,-0.00103566892886141,0.00108559355788849,-59.2866548504775,-2952.55624368986,0.000417417929255388,-0.00118561008366916,0.0012569443098888,-58.013679274344,-2230.60435497563,0.000175910592901663
40800,0.000295041933508617,-0.0011147266425705,0.00115311110921064,-58.7625768759237,-2955.17509389983,0.000387457265400944,-0.00119465251716241,0.00125591312170645,-58.0208080410923,-2232.03075632878,0.000122183218970734
40820,0.00029476140546118,-0.00111459687578776,0.00115291390904321,-58.7640624269317,-2955.18692101918,0.00035704114683404,-0.00120204526408229,0.00125395023722444,-58.0343939611372,-2233.45710423716,0.000107359148658979
40840,0.000295031070634846,-0.00111482380386761,0.00115320225732947,-58.7618903235126,-2955.1768508053,0.00032625944519819,-0.0012077673317031,0.00125105841314875,-58.0544482439266,-2234.88325037195,9.80495320966645e-05
40860,0.000215850092487939,-0.0010838483675551,0.00110513281838832,-59.1317104789117,-2958.73681751738,0.000295202972818966,-0.00121180261565942,0.00124724110519184,-58.0809916917303,-2236.3090450309,0.000150562841447593
40880,0.000215877640886725,-0.00108423373293894,0.00110551614347215,-59.1286982237192,-2958.73931818837,0.000263963217251025,-0.00121413994031559,0.00124250246467807,-58.1140548221941,-2237.73433623393,0.000138520198416235
40900,0.000215942360000831,-0.00108386453769648,0.00110516670186842,-59.1314441727699,-2958.7322899056,0.000232632074205524,-0.00121477308471853,0.00123684733468029,-58.1536780494161,-2239.15896878923,0.000131968156172838
40920,0.000106063117446629,-0.00113257638792744,0.00113753182785066,-58.8807288610384,-2964.64998812985,0.000201301579651134,-0.00121370079412311,0.00123028124574225,-58.1999119254936,-2240.58278331734,0.000125106090833653
40940,0.000106327659937756,-0.00113235077262179,0.00113733189682036,-58.8822556152347,-2964.63565948009,0.000170063641853705,-0.00121092677704572,0.00122281041116228,-58.2528174458427,-2242.00561522045,0.000101175411350876
40960,0.000105996722913088,-0.0011324572581044,0.00113740702771772,-58.8816818538452,-2964.65275858434,0.000139009774140054,-0.0012064596878817,0.00121444172185827,-58.3124664221608,-2243.42729358218,8.1032222999614e-05
40980,2.73812666529396e-05,-0.00110172586854653,0.00110206607024631,-59.1558473640721,-2968.57631723809,0.000108230829168247,-0.00120031309516608,0.00120518274083627,-58.3789419278469,-2244.84763998156,0.000127499384357139
41000,2.69980167200866e-05,-0.00110168723591689,0.00110201799381363,-59.1562262848177,-2968.59618699591,7.78167354642365e-05,-0.00119250543555764,0.00119504169724442,-58.4523388220619,-2246.26646720354,0.000104069628426279
41020,2.73180358036072e-05,-0.00110190172996566,0.00110224030845432,-59.1544742211521,-2968.57983016311,4.78562369949534e-05,-0.00118305995374402,0.00118402748007474,-58.5327643592497,-2247.68357782523,8.3716635115343e-05
41040,-5.19900921369189e-05,-0.00107092692277391,0.00107218815680943,-59.3945798844026,-2972.77934558136,1.84366365343881e-05,-0.00117200462843111,0.00117214963150216,-58.6203388928477,-2249.09876265407,0.000123193452310847
41060,-5.18148227946e-05,-0.00107120388922865,0.00107245631526875,-59.3924077809835,-2972.76927536748,-1.03564564428226e-05,-0.00115937208464131,0.00115941833987374,-58.7151966833593,-2250.5117989906,9.74290861236173e-05
41080,-0.000130889427027384,-0.00104021855854597,0.00104842104693249,-59.5892853845184,-2977.1717663403,-3.84393726099814e-05,-0.00114519949263325,0.00114584443241397,-58.8174868224217,-2251.92244868392,0.000139885700068373
41100,-0.00013098024308363,-0.00104057365191106,0.00104878470103724,-59.586273129326,-2977.17426701129,-6.57306236644352e-05,-0.00112952845371294,0.00113143936763508,-58.9273742872483,-2253.33045594166,0.00011031985133221
41120,-0.000130811237308195,-0.00104026079192708,0.00104845319162414,-59.5890190783766,-2977.16723872852,-9.21511365424837e-05,-0.00111240487330894,0.00111621522751105,-59.0450411418716,-2254.73554485007,8.18496907119873e-05
41140,-0.000210099001660239,-0.00100984970085622,0.00103147370728391,-59.7308367581219,-2981.7527170989,-0.000117624480300741,-0.00109387882169534,0.00110018470945547,-59.1706879047813,-2256.13741655087,0.000124949710882677
41160,-0.000209809567419756,-0.00100972471225562,0.00103129241688309,-59.7323635123182,-2981.73838844915,-0.000142077085006891,-0.00107400438277145,0.00108336111813944,-59.3045351062022,-2257.53574601077,9.33786121948283e-05
41180,-0.000179442648560556,-0.00093069837516324,0.000947839189764763,-60.4653067747977,-2980.91296329265,-0.000165438452025478,-0.00105283949138055,0.00106575835723631,-59.4468250621949,-2258.93017830707,0.000122941326621295
41200,-0.000179153052328214,-0.000930690405416243,0.000947776580683637,-60.4658805361872,-2980.89586418841,-0.000187641355084445,-0.00103044575961062,0.00104739092111658,-59.5978238984761,-2260.3203243358,0.000100115842772892
41220,-0.000258424987300441,-0.000899953053488626,0.000936322045315998,-60.571495024207,-2986.02162303621,-0.000208622031557954,-0.00100688829264838,0.00102827388662931,-59.7578238622778,-2261.70575582887,0.000117963891826452
41240,-0.000258220138955202,-0.000900208358253553,0.000936510933428756,-60.5697429605414,-2986.00526620342,-0.000228320363425689,-0.000982235494707138,0.00100842290504402,-59.9271459687327,-2263.08599954135,8.73066302836753e-05
41260,-0.000337396729775784,-0.000869217435950825,0.000932403080338284,-60.6079260077974,-2991.21429440428,-0.000246680047377394,-0.000956558865599162,0.00098785419426678,-60.1061430373628,-2264.46053043682,0.000125928717131502
41280,-0.000337328298343424,-0.000869494132345121,0.000932636278002237,-60.6057539043783,-2991.20422419041,-0.000263648753607245,-0.000929932788580619,0.000966584531510814,-60.2952031852515,-2265.82876365927,9.52969384612289e-05
41300,-0.000306622797383433,-0.00079019309944245,0.000847598179730058,-61.4361996926944,-2991.20800980822,-0.000279178272833762,-0.000902434310088697,0.00094463124659716,-60.4947538577974,-2267.19004502583,0.000115547787928167
41320,-0.00030676365181286,-0.000790453796972672,0.000847892176648703,-61.433187437502,-2991.21051047922,-0.00029322465113063,-0.000874142912000529,0.000922012216096643,-60.705266495452,-2268.54363970823,8.47771933577614e-05
41340,-0.000385593908666641,-0.000759584579663555,0.000851851745354482,-61.3927196487262,-2996.91407533395,-0.000305748312210059,-0.000845140277127845,0.000898745858651393,-60.9272619559696,-2269.88871868333,0.000117026051125843
41360,-0.000385857247454778,-0.000759723625999364,0.00085209494970631,-61.390240174245,-2996.92563244443,-0.000316714166797936,-0.000815510048598778,0.000874851131802487,-61.161316839832,-2271.22434241801,8.88419413855811e-05
41380,-0.000354942942663262,-0.000680652246462859,0.000767640523397112,-62.2968421424306,-2997.54090240308,-0.000326091708817639,-0.000785337583862568,0.00085034753082884,-61.4080709004221,-2272.54944110404,0.000108588275430204
41400,-0.000355169518320863,-0.000680591244660625,0.000767691232887919,-62.2962683810411,-2997.55800150732,-0.000333855098104582,-0.000754709704024437,0.000825255090186709,-61.6682357650804,-2273.86279055786,7.71223088841431e-05
41420,-0.000434031480650873,-0.00065003380044952,0.000781618364627416,-62.140104902811,-3003.73127499409,-0.000339983229439111,-0.000723714439248247,0.000799594388347149,-61.9426052495181,-2275.16298263292,0.000119473470234104
41440,-0.00040346836485653,-0.000570846008041054,0.000699036398434595,-63.1100042038921,-3005.25229541187,-0.000344459787712869,-0.00069244077098427,0.000773386557080277,-62.2320676211214,-2276.44838862928,0.000135156570508933
41460,-0.000403386743424213,-0.000571076349517619,0.000699177417933932,-63.1082521402265,-3005.23593857908,-0.000347273289080687,-0.000660978371757328,0.000746653296543909,-62.5376202622419,-2277.7171136894,0.000105976852949841
41480,-0.000403418973646175,-0.00057081327527773,0.000698981161070185,-63.1106905838995,-3005.25053787221,-0.000348417107999253,-0.00062941734328999,0.000719416898036731,-62.8603873092793,-2278.96693948392,8.03718981499605e-05
41500,-0.000372753304826746,-0.000491982029975364,0.000617244962780532,-64.1908489115349,-3007.14962009133,-0.000347889490106442,-0.000597847953727092,0.000691700276927942,-63.2016410089577,-2280.19525153334,0.00010874650842327
41520,-0.000372674578056893,-0.000491810610133028,0.000617060789038896,-64.1934409966865,-3007.15340570915,-0.000345693550888678,-0.000566360374709249,0.000663527019168642,-63.5628277548023,-2281.39894615096,7.92820485697856e-05
41540,-0.000372825315663536,-0.000491964927518298,0.000617274822026381,-64.1904287414941,-3007.15590638014,-0.000341837260194406,-0.000535044419075265,0.000634921446196934,-63.9456000640357,-2282.57431004568,5.30669593491529e-05
41560,-0.000341990162897243,-0.000412830982354529,0.000536084593614001,-65.415333473273,-3009.63843101937,-0.000336333412641042,-0.000503989279963286,0.000605908704985067,-64.351856160506,-2283.71686277641,9.13336413726496e-05
41580,-0.000342171090160271,-0.00041287983512469,0.000536237646192487,-65.4128539987918,-3009.64998812985,-0.000329199584014162,-0.000473283272040384,0.000576514892876454,-64.7837893854074,-2284.82114804184,6.17805403256296e-05
41600,-0.00042104201106739,-0.00038223629576164,0.000568665948410182,-64.9028555285143,-3017.76576183425,-0.000320458073823416,-0.000443013575646876,0.000546767231357224,-65.2439504258729,-2285.88045344353,0.000117520237328504
41620,-0.000390501759291892,-0.000303105491959159,0.000494332442052782,-66.1196177344557,-3022.18156629349,-0.000310135834166879,-0.00041326598455508,0.000516694309649976,-65.7353264261885,-2286.88642861975,0.00013635987698064
41640,-0.000390425648480428,-0.000303213984139537,0.000494338858647724,-66.1195049895313,-3022.16622381701,-0.000298264385177066,-0.000384124658113808,0.000486326429917297,-66.2614425520734,-2287.82855638595,0.000122638638351224
41660,-0.000311436530910789,-0.000333770796539224,0.000456503732085702,-66.8111133519649,-3013.0174614303,-0.00028487971726594,-0.000355671878463971,0.00045569610316483,-66.8264937044646,-2288.69340705814,3.4422692231168e-05
41680,-0.000359792909447088,-0.000224216373336501,0.000423938580174739,-67.4539411805685,-3028.069592757,-0.000270022180491921,-0.000327987813531391,0.000424838773869234,-67.4355170650388,-2289.46356598897,0.000137212592633706
41700,-0.000280729253727708,-0.000254734207659248,0.000379075758193927,-68.4254797543221,-3017.77934558136,-0.000253736361393405,-0.000301150286494474,0.000393793900598864,-68.0946202970596,-2290.11605665353,5.36942139434885e-05
41720,-0.000280754678005812,-0.000254847266608513,0.000379170566526435,-68.4233076509029,-3017.76927536748,-0.000236070947652704,-0.000275234552366814,0.000362606606589298,-68.8112857489283,-2290.61996414514,4.91149384491104e-05
41740,-0.00025002545910352,-0.000175733370356048,0.000305605869800667,-70.2967661696261,-3024.8980773342,-0.000217078580989167,-0.000250313082344953,0.00033133027256395,-69.5947776447605,-2290.93275354116,8.15330007900481e-05
41760,-0.000250119854938392,-0.00017578340872923,0.000305711871897167,-70.2937539144336,-3024.9005780052,-0.000196815698766526,-0.000226455356551533,0.000300030744744331,-70.4566847996954,-2290.99438789364,7.35457637209715e-05
41780,-0.000250019236946663,-0.000175758515860404,0.000305615239706471,-70.2964998634842,-3024.89354972243,-0.000175342364731859,-0.00020372766574081,0.000268793427482815,-71.4116270965044,-2290.7176030344,7.97427651189673e-05
41800,-0.000219444403089046,-9.67177160178218e-05,0.000239812765796177,-72.402554042152,-3036.21503930693,-0.000152722089448319,-0.000182192922552629,0.00023773577272621,-72.4781092784634,-2289.97121296664,0.000108433749680344
41820,-0.000219381643861841,-9.67555834956706e-05,0.000239770616634131,-72.4040807963483,-3036.20071065717,-0.000129021640915504,-0.000161910482841865,0.000207030404237191,-73.6793173978374,-2288.55029753726,0.000111400588154977
41840,-0.000219425003426674,-9.6696495122911e-05,0.000239786455618017,-72.4035070349588,-3036.21780976141,-0.000104310845960884,-0.000142935977587787,0.000176950406255684,-75.0429687188058,-2286.12096609146,0.000124053855190712
41860,-0.000109700975180074,-4.8378252239866e-05,0.000119894784061873,-78.4239942033141,-3036.20246728493,-7.86623830044751e-05,-0.000125321155875176,0.000147963382665553,-76.5969149723571,-2282.11593248459,8.29674913690642e-05
41880,-0.000109702348482524,-4.83477925186965e-05,0.000119883753294648,-78.4247933743146,-3036.21605194395,-5.21515667720521e-05,-0.000109113739363707,0.000120936322230795,-78.3488648553586,-2275.54574758665,8.36934452120176e-05
41900,-0.000109710669578645,-4.83888681563369e-05,0.000119907937939262,-78.423041310649,-3036.19969511115,-2.48561256339359e-05,-9.43572886741459e-05,9.7576251759668e-05,-80.213117373042,-2264.75790699661,9.6505902995447e-05
41920,-0.000109692196884237,-4.83473369250037e-05,0.000119874280164805,-78.4254797543221,-3036.21429440428,3.14402778371853e-06,-8.10910820636303e-05,8.11520086070285e-05,-81.8140145281775,-2247.77966534079,0.000117491133465554
41940,-0,0,0,-240,-2880,3.17670320679657e-05,-6.93500067114901e-05,7.62795369498982e-05,-82.351839039504,-2225.38899077867,7.62795369498982e-05
41960,-0,0,0,-240,-2880,6.09293178233763e-05,-5.91644629326881e-05,8.49282959003383e-05,-81.4189518003027,-2204.15806249305,8.49282959003383e-05
41980,-0,0,0,-240,-2880,9.05458531582097e-05,-5.05602815739069e-05,0.000103705803101759,-79.683938819267,-2189.17873874246,0.000103705803101759
42000,-0,0,0,-240,-2880,0.000120530393079884,-4.3558654812664e-05,0.000128159791140124,-77.8449641804348,-2179.86942296039,0.000128159791140124
42020,7.90352240069277e-05,-3.06768221227326e-05,8.47799153654627e-05,-81.434140426347,-2901.21328151557,0.00015079573211729,-3.81760805491307e-05,0.000155553096886186,-76.1624267631476,-2174.20674677734,7.21512952150078e-05
42040,0.000109690821930921,4.83777917478353e-05,0.000119885308317066,-78.4246807096279,-2856.20071065717,0.000181253959399005,-3.44243205284074e-05,0.000184493988090828,-74.6803556233253,-2170.75371653495,0.000109441639432546
42060,0.000109712501713337,4.83482475614555e-05,0.000119893227809008,-78.4241069482385,-2856.21780976141,0.000211816715448782,-3.23103723059363e-05,0.000214266845550259,-73.3809004810309,-2168.67300167195,0.000130119496699941
42080,0.000188744974509617,1.7732352797716e-05,0.000189576110674258,-74.444327818442,-2874.63288733273,0.000242395449953258,-3.18364551085926e-05,0.000244477225998504,-72.23523181742,-2167.48245454491,7.30440978627379e-05
42100,0.000188727418983134,1.76705145367828e-05,0.000189552857430401,-74.4453932875943,-2874.65100076687,0.000272901679757749,-3.30000096255927e-05,0.000274889664137978,-71.2168317867778,-2166.89488439727,9.82487058227374e-05
42120,0.000188756051184879,1.77125032416613e-05,0.000189585283263218,-74.4439075641826,-2874.63917301333,0.00030324724631058,-3.57937117036486e-05,0.000305352390186278,-70.3039735231446,-2166.73174541501,0.000126377010563967
42140,0.000267731730693478,-1.29975230342297e-05,0.000268047039202358,-71.4357797109619,-2882.77934558136,0.000333344571844049,-4.02054998890809e-05,0.00033576045895731,-69.4794090030167,-2166.87736261681,7.10304084768218e-05
42160,0.000267821744731518,-1.29629434310737e-05,0.000268135273422636,-71.4329210090297,-2882.77103255073,0.000363106913526698,-4.62186167276949e-05,0.000366036598147107,-68.7295097905429,-2167.253972484,0.000100921767715085
42180,0.000267720209571078,-1.29675292707848e-05,0.000268034078855974,-71.4361996926944,-2882.7730609853,0.000392448614845912,-5.38116636691066e-05,0.000396120701859057,-68.0434492024965,-2167.80757942001,0.000131245641440588
42200,0.000346857883970355,-4.36600810278766e-05,0.000349594900345747,-69.1286982237192,-2887.17426701129,0.000421285353514766,-6.2958669413686e-05,0.000425963781488994,-67.4125465234936,-2168.49962105785,7.68887751005904e-05
42220,0.000346753597309026,-4.36037457693985e-05,0.000349484397208048,-69.1314441727698,-2887.16723872852,0.000449534385156147,-7.36291714735354e-05,0.000455524333411065,-66.8297683745272,-2169.30187341586,0.000107076685320333
42240,0.000346817718150444,-4.36720644840026e-05,0.000349556545982728,-69.1296512125642,-2887.17703804764,0.000477114782095586,-8.57883106994605e-05,0.000484766077141115,-66.289355574933,-2170.19323126332,0.000136934667151915
42260,0.000425828049288432,-7.42482686183355e-05,0.000432252626311989,-67.2852471865596,-2889.89077818315,0.00050394766654348,-9.93969384823638e-05,0.000513656501948808,-65.7865442028758,-2171.15761193712,8.20678389870541e-05
42280,0.000425834000262922,-7.43802607423075e-05,0.000432281180446264,-67.2846734251701,-2889.90787728739,0.000529956437501168,-0.000114411736295227,0.000542165907311607,-65.3173559074441,-2172.18255372881,0.000111552682492966
42300,0.000425878355599787,-7.4235808550795e-05,0.000432300045153328,-67.284294382094,-2889.88800603579,0.000555066990771412,-0.00013078534721789,0.000570266754502605,-64.8784389248444,-2173.25825607873,0.000141023238443061
42320,0.000504827700985575,-0.000105038597390872,0.000515639520037228,-65.7530760902845,-2891.75372973592,0.000579207931381328,-0.000148466519039657,0.000597933219557828,-64.4669463535778,-2174.37690810612,8.61301518195477e-05
42340,0.000504935735674014,-0.000104952332519584,0.000515727727838982,-65.7515903668728,-2891.74190198238,0.000602310777872519,-0.000167400258520294,0.000625140879877536,-64.080442006435,-2175.53220972844,0.000115679048686228
42360,0.000504814810652627,-0.000104978142559139,0.000515614588107643,-65.7534960759838,-2891.74744455825,0.000624310157829681,-0.000187527996327512,0.000651866491373757,-63.7168268582728,-2176.71902414332,0.000145236415385895
42380,0.000583994023062156,-0.000135689176571735,0.00059955030782332,-64.4434873941418,-2893.08040812506,0.000645143994109264,-0.000208787762175185,0.000678087828212081,-63.3742810242065,-2177.93312163474,9.53033167118919e-05
42400,0.000583797449348058,-0.000135616648224158,0.000599342420608498,-64.4464996493342,-2893.07790745407,0.000664753681243495,-0.000231114369628103,0.000703783566570984,-63.0512175641928,-2179.17098797554,0.000125194753388683
42420,0.00055331765788087,-0.000214734556269002,0.000593524523654092,-64.5312266372168,-2901.21051047922,0.000683084251494483,-0.000254439610026331,0.00072893319981335,-62.7462453810125,-2180.42967925102,0.00013570504821838
42440,0.000553169088486291,-0.00021459882721802,0.000593336917021099,-64.5339725862675,-2901.20348219645,0.00070008453011896,-0.000278692454954255,0.000753516976424762,-62.4581391752937,-2181.70671052744,0.000160287679209955
42460,0.000632281792055422,-0.000245414576981861,0.000678239322923702,-63.3723406865081,-2901.21328151557,0.000715707279394261,-0.000303799266652745,0.000777515854627209,-62.1858149268738,-2182.99996952763,0.000101826243796421
42480,0.000632274454715024,-0.000245252120732341,0.000678173715805096,-63.3731809264289,-2901.20071065717,0.00072990933097697,-0.000329684015748978,0.000800911469319562,-61.9283097410096,-2184.30764901162,0.000129078712260333
42500,0.00063224299709917,-0.000245457016607526,0.000678218515216747,-63.3726071650394,-2901.21780976141,0.000742651706275292,-0.000356268505668296,0.000823686108274701,-61.6847651693518,-2185.628193307,0.000156426561586588
42520,0.000680744089487673,-0.000354948944408923,0.000767724734855801,-62.295889337965,-2907.53813025572,0.000753899724452431,-0.000383472603058226,0.000845822695265209,-61.4544133193177,-2186.96025565672,7.8519717458985e-05
42540,0.000680548356523578,-0.000355120572337833,0.000767630566395381,-62.2969548071173,-2907.55624368986,0.000763623097776059,-0.000411214473544805,0.00086730477844287,-61.2365652168805,-2188.30266391733,0.00010023940535929
42560,0.000680738081160243,-0.000355040801585085,0.000767761881009932,-62.2954690837056,-2907.54441593632,0.000771796014083486,-0.000439410822148646,0.00088811652274716,-61.0306010027566,-2189.65439276219,0.000124136406900432
42580,0.000680554400708166,-0.000355028749065508,0.000767593450327887,-62.2973747928166,-2907.54995851219,0.000778397206083359,-0.000467977137619898,0.000908242705323468,-60.8359616309452,-2191.01454099455,0.000149434109361689
42600,0.000650055686912833,-0.000434178046026108,0.000781717961760355,-62.1389981803591,-2913.73931818837,0.000783410007366033,-0.000496827940010573,0.000927668713289608,-60.6521418048794,-2192.3823129069,0.000147337653028001
42620,0.000728868539965764,-0.000464661417271923,0.000864383931625858,-61.2658662997066,-2912.51794228224,0.000786822394930079,-0.00052587703073287,0.000946380543236137,-60.4786839401309,-2193.75700286794,8.42970974389094e-05
42640,0.0007291010666101,-0.000464854411207394,0.000864683750830879,-61.2628540445142,-2912.52044295324,0.000788627018149731,-0.000555037744391449,0.000964364802061379,-60.3151729826789,-2195.13798250193,0.000108057264868609
42660,0.000698270629029835,-0.000543642219662724,0.000884945610964615,-61.0616684071464,-2917.90272643044,0.000788821214111581,-0.000584223201648914,0.000981608708792549,-60.1612319444195,-2196.5246899638,9.92281439794673e-05
42680,0.00069832177370108,-0.000543873893248109,0.000885128302214926,-61.0598754469407,-2917.91252574956,0.000787407009274083,-0.000613346562376954,0.000998100097101279,-60.0165180432138,-2197.91662091864,0.00011297181486098
42700,0.000698373523119152,-0.000543668071433561,0.0008850426824115,-61.0607156868615,-2917.89995489117,0.000784391107483104,-0.000642321278365087,0.00101382741832085,-59.8807193546881,-2199.31332091554,0.000130887279969003
42720,0.000667541593078447,-0.000622873061821578,0.000913007464171405,-60.7905134386853,-2923.0174614303,0.000779784864398199,-0.000671061344866774,0.00102877974480397,-59.7535518994092,-2200.71437890824,0.000122150164058028
42740,0.000667820388502552,-0.00062273837928193,0.000913119466625471,-60.789447969533,-2922.99934799616,0.000773604248398497,-0.000699481550212934,0.0010429467734398,-59.634757102634,-2202.11942172284,0.000130689476619313
42760,0.000667541593078447,-0.000622873061821578,0.000913007464171405,-60.7905134386853,-2923.0174614303,0.000765869788124063,-0.00072749772281143,0.00105631882926369,-59.5240995737111,-2203.52810931266,0.000143578388443979
42780,0.000637118166521281,-0.000701886695014531,0.000947926416316088,-60.4645074774622,-2927.76927536748,0.000756606506815992,-0.000755026974794118,0.00106888686904792,-59.4213651614597,-2204.94013066883,0.000130772140769497
42800,0.000636910510365647,-0.000701794331536696,0.000947718461354039,-60.4664131865732,-2927.77481794335,0.000745843843645729,-0.000781987941603434,0.00108064248478274,-59.3263592489105,-2206.35520028014,0.000135268200975121
42820,0.000637071971066242,-0.000701990550299196,0.00094797227228838,-60.4640873074214,-2927.7755616563,0.000733615562315603,-0.000808301016850926,0.00109157790702903,-59.2389052561674,-2207.77305505407,0.000143605641636289
42840,0.000606299703079255,-0.000780714686156849,0.000988491148738814,-60.1005443028504,-2932.16723872852,0.000719959647170282,-0.000833888581728331,0.00110168600803062,-59.1588433258469,-2209.19345162637,0.00012548325012137
42860,0.000606315267160333,-0.000781059896338363,0.000988773363749146,-60.0980648283693,-2932.178795839,0.00070491818717386,-0.000858675228364991,0.00111096030460865,-59.0860291685707,-2210.61616399955,0.000125485758557685
42880,0.000606379986278887,-0.000780690701106076,0.000988521450729866,-60.1002780427869,-2932.16271083913,0.000688537248091456,-0.000882587976440424,0.00111939496075628,-59.0203330502593,-2212.04098145878,0.000130892591039764
42900,0.000575528856842377,-0.000860033893221181,0.00103483900320169,-59.7025442207555,-2936.20982995997,0.000670866733247722,-0.000905556482454764,0.00112698478991259,-58.9616389053708,-2213.46770672433,0.000105648553269841
42920,0.000575747462752981,-0.000859805298791073,0.00103477064738796,-59.703117982145,-2936.19273085573,0.000651960233318929,-0.000927513241058286,0.00113372525691532,-58.9098435625161,-2214.8961543035,0.000101944847066431
42940,0.000575509759132706,-0.000859948273323408,0.00103475722546349,-59.7032306468317,-2936.20807214251,0.000631874865572289,-0.00094839377785865,0.00113961247958374,-58.864856071335,-2216.32614901298,0.000104879132797897
42960,0.000575852227154041,-0.0008598717603721,0.0010348841634713,-59.7021651776795,-2936.18995870836,0.000610671103051948,-0.000968136833144426,0.00114464322991647,-58.8265971210314,-2217.7575246448,0.000113726338643213
42980,0.000465807410650182,-0.000908296065842105,0.00102077337692598,-59.8214133086047,-2942.84959128052,0.000588412594230135,-0.000986684536032268,0.00114881493491939,-58.7949985422772,-2219.19012275396,0.000145522449468898
43000,0.000466074618578064,-0.000908355249441071,0.00102094799537971,-59.819927585193,-2942.83776352698,0.000565165973638583,-0.00100398256851162,0.0011521256770136,-58.7700028860255,-2220.62379154847,0.000137708680918637
43020,0.000465875551591459,-0.00090811499719905,0.00102064336460317,-59.8225196703447,-2942.84154914479,0.000541000664063671,-0.00101998031894348,0.00115457419404271,-58.7515630734202,-2222.05838486456,0.000134750260604377
43040,0.000435321130643831,-0.000987495703906978,0.00107919055408198,-59.3380372920757,-2946.21051047922,0.000515988670876954,-0.00103463102456759,0.00115615987885376,-58.7396421123775,-2223.4937612123,9.34290666818473e-05
43060,0.000435304621630634,-0.000987130177334113,0.00107884943371013,-59.3407832411263,-2946.20348219645,0.000490204369122048,-0.00104789190262345,0.0011568827784569,-58.7342128771173,-2224.92978287787,8.18899843372707e-05
43080,0.000356189192303481,-0.000956818142132902,0.00102096606105613,-59.8197738897217,-2949.58149997036,0.000463724283981197,-0.00105972426972769,0.00115674359276538,-58.73525794781,-2226.36631507063,0.000148840407949893
43100,0.000356366975844968,-0.000956474363028878,0.00102070594619821,-59.8219871041394,-2949.56541497048,0.0004366268652585,-0.00107009364914452,0.00115574367288119,-58.7427695085708,-2227.80322510359,0.000139107843150921
43120,0.000325421726339762,-0.00103576076298149,0.00108567935326502,-59.2859684244013,-2952.55800150732,0.000408992256571049,-0.00107896986569781,0.00115388501897677,-58.7567493021464,-2229.24038159637,9.40800727077084e-05
43140,0.000325709303799597,-0.00103559518912612,0.00108560763921538,-59.2865421857908,-2952.54090240308,0.000380902059899774,-0.00108632712802827,0.00115117027772873,-58.7772086410718,-2230.67765369095,7.49664588379703e-05
43160,0.000246402713685134,-0.0010049916508795,0.00103475722546349,-59.7032306468317,-2956.22403174539,0.000352439096201156,-0.0010921440979757,0.00114760273931105,-58.8041684754038,-2232.11491027007,0.000137256196406354
43180,0.00024675068471536,-0.00100503698011376,0.0010348841634713,-59.7021651776795,-2956.20591831125,0.000323687162786794,-0.00109640394693498,0.00114318633398391,-58.8376595176316,-2233.55201916851,0.000119445151781672
43200,0.000246414068536176,-0.00100490467890352,0.00103467545967552,-59.7039170268391,-2956.22227420572,0.000294730788173414,-0.00109909439899432,0.00113792562823675,-58.87772242669,-2234.98884636688,0.000105859382046588
43220,0.00016760743733059,-0.000974446464864705,0.000988755867712475,-60.0982185238406,-2960.24046765833,0.000265654985125472,-0.00110020776077208,0.0011318258205153,-58.9244080532267,-2236.42525515766,0.000159465435680875
43240,0.000136830782543694,-0.00105318608781675,0.00106203747514967,-59.4772031686021,-2962.59755014226,0.000236545002606337,-0.00109974093788497,0.00112489273653898,-58.9777777492773,-2237.86110527217,0.000110046716205324
43260,0.000136832261189458,-0.00105355736775765,0.00106240585223287,-59.4741909134096,-2962.60005081326,0.000207486077365516,-0.00109769543799522,0.00111713282419596,-59.0379037465339,-2239.29625195639,8.33074485537525e-05
43280,0.000136918204502789,-0.00105320756237962,0.00106207003732234,-59.4769368624603,-2962.59302253048,0.000178563185885963,-0.00109407736048155,0.00110855314805923,-59.1048696079493,-2240.73054498219,5.83493347973895e-05
43300,5.77042594377178e-05,-0.00102285418638292,0.00102448058456874,-59.7899253542271,-2966.77108452651,0.000149860797408553,-0.00108889737274144,0.00109916138349341,-59.1787707590807,-2242.16382757907,0.000113377819502567
43320,5.79766347048883e-05,-0.00102257735463688,0.00102421957430419,-59.7921385686447,-2966.75499952664,0.000121462628752401,-0.00108217067323006,0.00108896581038279,-59.2597151063571,-2243.59593526974,8.70737334742732e-05
43340,-2.13818992857634e-05,-0.000992062629315122,0.000992293024313231,-60.0672012333142,-2971.23470323951,9.34514016506954e-05,-0.00107391694137942,0.00107797530651319,-59.34782375085,-2245.02669458971,0.000141020620504532
43360,-2.10844386494576e-05,-0.000992003435599329,0.000992227478854539,-60.0677749947037,-2971.21760413527,6.59086032882155e-05,-0.00106416027451617,0.00106619934057649,-59.4432318082729,-2246.45592166922,0.000113023885741205
43380,-2.13497757986099e-05,-0.000991984887434367,0.000992214608753986,-60.0678876593904,-2971.23294542205,3.8914250748861e-05,-0.00105292911201932,0.00105364796485788,-59.546089347126,-2247.88342065095,8.57085258651425e-05
43400,-2.10387501576469e-05,-0.000992113279128638,0.000992336327880611,-60.0668221902381,-2971.21483198791,1.25466600506708e-05,-0.00104025614694263,0.00104033180761253,-59.656562459554,-2249.30898191294,5.87002172075768e-05
43420,-0.000100337429061923,-0.000961234725889676,0.000966457344080408,-60.2963461878935,-2975.95917570122,-1.31177795782411e-05,-0.00102617822535129,0.00102626206513063,-59.7748344821983,-2250.73238006119,0.00010874247274353
43440,-0.000100193534976572,-0.000961492759166055,0.000966699058849162,-60.2941740844744,-2975.94910548735,-3.80048255136495e-05,-0.00101073623373136,0.0010114504935684,-59.9011073868053,-2252.15337164796,7.93243680840084e-05
43460,-0.000179246457233286,-0.000930536968863382,0.000947643573740747,-60.4670995626139,-2980.90316333946,-6.20425950149084e-05,-0.000993974974758672,0.000995909400519288,-60.0356033649438,-2253.57169256454,0.000133270874203163
43480,-0.000179349257599611,-0.000930851907032511,0.00094797227228838,-60.4640873074214,-2980.90566401045,-8.51617713713436e-05,-0.000975943031852435,0.000979651636411857,-60.1785666347334,-2254.9870550471,0.000104424576128065
43500,-0.000179178417489377,-0.000930579661112176,0.000947672628585236,-60.466833256472,-2980.89863572768,-0.000107295802296677,-0.000956692622897675,0.00096269058575293,-60.3302655034608,-2256.39914421866,7.64787365229884e-05
43520,-0.000179417329892433,-0.000930809171079499,0.000947943189875551,-60.4643537819909,-2980.91019283816,-0.000128381090032376,-0.00093627944356462,0.000945040158257613,-60.4909947263412,-2257.8076140773,5.13285657321022e-05
43540,-0.000227487697532714,-0.000820941674909123,0.000851877858692977,-61.3924533886627,-2985.48836116955,-0.000148357172597116,-0.000914762500733792,0.000926714779967252,-60.6610782091572,-2259.21208281651,0.00012273543634585
43560,-0.000227790896122011,-0.000820985873449903,0.000852001465233698,-61.3911931670518,-2985.50721662391,-0.000167166895680676,-0.000892203936490741,0.000907729384398835,-60.8408721128235,-2260.61212734037,9.35269048605789e-05
43580,-0.000227530844076049,-0.000820999583485322,0.000851945186669326,-61.3917669284413,-2985.49011751967,-0.000184756574679937,-0.000868668843210645,0.00088809940381265,-61.0307684296709,-2262.00727680053,6.40468300943258e-05
43600,-0.000306772779819137,-0.000790250705006102,0.000847706149087408,-61.4350933309545,-2991.21605194395,-0.000201076146433127,-0.000844225070327507,0.000867840760758493,-61.2311991155543,-2263.39700494127,0.000118680286572729
43620,-0.000306613614701037,-0.000790396137099698,0.000847784148390473,-61.4342941599539,-2991.20246728493,-0.000216079310214754,-0.000818943023306906,0.000846969859986729,-61.4426408813279,-2264.78072098267,9.49283150642752e-05
43640,-0.000276051869816551,-0.000711177902141584,0.000762875247549505,-62.3509295221754,-2991.21429440428,-0.000229723657592889,-0.000792895455448078,0.000825503580929889,-61.6656207696538,-2266.15775870099,9.39364772931171e-05
43660,-0.000275995880462801,-0.000711404290100554,0.000763066045638194,-62.3487574187563,-2991.20422419041,-0.000241970790798867,-0.000766157253129578,0.000803459270979488,-61.9007226726533,-2267.52736327263,6.44638944456238e-05
43680,-0.000354979827589334,-0.000680511509759862,0.000767532795983989,-62.2980611688573,-2997.54820155413,-0.000252786429254348,-0.000738805215116588,0.000780854739819534,-62.1485949834599,-2268.88867532293,0.000117650528037362
43700,-0.000355132666328841,-0.000680732052094119,0.000767799021516765,-62.2950489136648,-2997.55070222513,-0.000262140503998652,-0.000710917826603147,0.000757708255213581,-62.409959621933,-2270.24071146078,9.77687232071386e-05
43720,-0.000324279958032921,-0.000601536268667472,0.000683376450943562,-63.306799820124,-2998.32849854535,-0.000270007239718845,-0.000682575028630342,0.000734038540684548,-62.6856227371771,-2271.58234035551,9.75336278906855e-05
43740,-0.000324493903919166,-0.00060164256644593,0.000683571555464639,-63.3043203456429,-2998.34005565583,-0.000276365224180002,-0.000653857983565547,0.000709864775720324,-62.9764874693279,-2272.91225311761,7.10128129171813e-05
43760,-0.000324286427571719,-0.000601617939623481,0.000683451411867757,-63.3058470998392,-2998.32572700607,-0.000281197464876731,-0.000624848837350816,0.000685206599349253,-63.2835692583465,-2274.22892633407,4.89523576076575e-05
43780,-0.000372835638806378,-0.000491848368309892,0.000617188164965323,-64.1916482088704,-3007.16320566234,-0.000284491432733175,-0.000595630479175866,0.000660084118140898,-63.6080143280541,-2275.53057554147,0.00013629169190564
43800,-0.000372708757710666,-0.000491954573029581,0.000617196176267275,-64.191535463946,-3007.14786318586,-0.000286239092768557,-0.000566286299315093,0.000634517920173221,-63.9511221594094,-2276.81509612501,0.000114027226958235
43820,-0.000372791086874616,-0.000491820937540444,0.000617139391917514,-64.1923346349466,-3007.16144784487,-0.000286436921638812,-0.00053689994582516,0.000608529097007677,-64.3143730202393,-2278.07998749719,9.74123136030862e-05
43840,-0.000372708757710666,-0.000491954573029581,0.000617196176267275,-64.191535463946,-3007.14786318586,-0.000285085912020961,-0.000507555080795024,0.00058213927652553,-64.6994619636973,-2279.32225477822,8.90007804982711e-05
43860,-0.000342074113686941,-0.000412773741468489,0.000536094078404716,-65.4151797976822,-3009.6492432272,-0.000282191563855991,-0.000478335136888389,0.000555370670717786,-65.1083411838922,-2280.53827980637,8.87931097758187e-05
43880,-0.000342087095886435,-0.00041293710885308,0.000536228157634374,-65.4130076942631,-3009.63917301333,-0.000277763862479317,-0.000449323074862811,0.000528246144239217,-65.5432732851057,-2281.72364974312,7.39013997053365e-05
43900,-0.00034201229831855,-0.000412791300188784,0.000536068157711949,-65.4155997794148,-3009.64295863115,-0.0002718172437291,-0.000420601142779862,0.000500789312282332,-66.0068989660139,-2282.8729261334,7.06281766019292e-05
43920,-0.000311472585300964,-0.000333874168123764,0.000456603910993327,-66.8092074585124,-3013.01191996557,-0.000264370546150623,-0.000392250637613629,0.000473024680519186,-66.5023239787465,-2283.97932891841,7.50094279555671e-05
43940,-0.000311333187580383,-0.000333806826856487,0.000456459583473673,-66.811953407563,-3013.0048916828,-0.000255446950439578,-0.000364351669916761,0.000444977846482286,-67.0332322024035,-2285.03429667774,6.36887661941651e-05
43960,-0.000311489418392465,-0.000333839305347973,0.00045658990304834,-66.8094739330819,-3013.01644879328,-0.00024507390633968,-0.000336982932276662,0.000416675792690633,-67.6040345939867,-2286.02686296148,6.64898686380141e-05
43980,-0.000280694674044927,-0.000254824197174426,0.000379110632273455,-68.424680709628,-3017.76576183425,-0.000233283047203772,-0.000310221472173388,0.000388147319854332,-68.2200681656131,-2286.9427529604,7.29158448969458e-05
44000,-0.000280789257578555,-0.000254757244397703,0.000379135675905905,-68.4241069482385,-3017.78286093849,-0.000220110092492563,-0.000284142469937756,0.000359423699885543,-68.8878657904974,-2287.76304375364,6.74199714889653e-05
44020,-0.000280713135858128,-0.000254865733887886,0.000379152221348517,-68.4237279051624,-3017.76298968688,-0.000205594738511636,-0.000258819022437666,0.000330539684272943,-69.6155278415016,-2288.46212339421,7.52223511349075e-05
44040,-0.000250081974946962,-0.000175720655538003,0.000305644798706077,-70.2956598078861,-3024.90611946993,-0.000189780537713228,-0.000234321933090014,0.00030153510711319,-70.413242331311,-2289.00448581953,8.40855104235069e-05
44060,-0.000250057082075291,-0.000175821273524496,0.000305682293435169,-70.2945943387338,-3024.88800603579,-0.000172714766937524,-0.000210719508847537,0.000272457523528403,-71.2940239033526,-2289.3395192412,8.48511669898067e-05
44080,-0.000250056823748091,-0.000175714440754628,0.000305620646869114,-70.2963461878935,-3024.90436193026,-0.00015444828498195,-0.00018807736469994,0.000243366735291288,-72.2747756763275,-2289.39268589253,9.64045360627514e-05
44100,-0.000250088469065501,-0.000175802345486229,0.00030569708379045,-70.2941740844744,-3024.89429171638,-0.000135035379935858,-0.00016645823627024,0.000214342945432362,-73.3778161129261,-2289.049889961,0.00011543190934622
44120,-0.000219363179365177,-9.67140604118035e-05,0.000239736968243399,-72.405299822775,-3036.20800980822,-0.000114533606739566,-0.00014592180104325,0.000185502342552538,-74.6330120335159,-2288.12826766016,0.000115804322177197
44140,-0.000219443489757106,-9.67380290319625e-05,0.000239820123129328,-72.4022875675825,-3036.21051047922,-9.30036154352133e-05,-0.000126524508714707,0.000157029053966198,-76.0803997148958,-2286.31826829131,0.000129901024593444
44160,-0.000140338106131761,-0.000127391335679223,0.000189534525717047,-74.4462333431924,-3017.76853337352,-7.05089706489337e-05,-0.00010831942116857,0.000129246322749494,-77.7716360876702,-2283.06153696024,7.2386781150848e-05
44180,-0.000109722201544523,-4.83588580089109e-05,0.000119906382898088,-78.4231539554316,-3036.21503930693,-4.71159628200828e-05,-9.13560625225715e-05,0.000102790291915586,-79.7609580115977,-2277.28196189677,7.59493299721016e-05
44200,-0.000109690821930921,-4.83777917478353e-05,0.000119885308317066,-78.4246807096279,-3036.20071065717,-2.28934117412273e-05,-7.5680279656492e-05,7.90671425437786e-05,-82.0400791230997,-2266.83065417197,9.09901987119504e-05
44220,-0.000109712501713337,-4.83482475614555e-05,0.000119893227809008,-78.4241069482385,-3036.21780976141,2.08753699238384e-06,-6.13341136409323e-05,6.13696285373585e-05,-84.2409301087596,-2248.05066219519,0.000112551683116845
44240,-0.000109700975180074,-4.8378252239866e-05,0.000119894784061873,-78.4239942033141,-3036.20246728493,2.77536220479022e-05,-4.83556823976937e-05,5.5754242501575e-05,-85.074441605983,-2220.14643955452,0.000137454599080943
44260,-0,0,0,-240,-2880,5.40296823002147e-05,-3.67790749405712e-05,6.53598265216967e-05,-83.693782183604,-2194.24389423826,6.53598265216967e-05
44280,-0,0,0,-240,-2880,8.08388780096997e-05,-2.6634257474972e-05,8.51134999228102e-05,-81.4000310128805,-2178.2356751641,8.51134999228102e-05
44300,-0,0,0,-240,-2880,0.000108102916621462,-1.79469916232362e-05,0.00010958254920557,-79.2051720168772,-2169.42613722853,0.00010958254920557
44320,-0,0,0,-240,-2880,0.000135742282463317,-1.07387649944342e-05,0.000136166399386767,-77.3186009264688,-2164.52332969498,0.000136166399386767
44340,7.9019309944245e-05,-3.06622797383433e-05,8.47598179730058e-05,-81.4361996926944,-2901.20800980822,0.000163676469723055,-5.02673428447772e-06,0.000163753640565848,-75.7161807201485,-2161.75908095588,8.84534673855817e-05
44360,0.000109721744878553,4.83690145159812e-05,0.000119910061564664,-78.4228874808622,-2856.21051047922,0.000191824218005787,-8.23681049436195e-07,0.000191825986414778,-74.3418511975224,-2160.2460229383,9.57117411324229e-05
44380,0.000109681130814901,4.83671801811815e-05,0.000119872159301126,-78.4256334299128,-2856.20348219645,0.000220103749748511,1.86201971668037e-06,0.000220111625705642,-73.1471403714256,-2159.5153043676,0.000119816045344462
44400,0.000109722201544523,4.83588580089109e-05,0.000119906382898088,-78.4231539554316,-2856.21503930693,0.000248433008866209,3.02641815012997e-06,0.00024845144213938,-72.0951695608719,-2159.30205566915,0.000145930525152841
44420,0.000188725128770299,1.77212766562926e-05,0.000189555316136727,-74.4452806229076,-2874.63565948009,0.000276729899863299,2.66999517767872e-06,0.000276742780127324,-71.1584740100156,-2159.44720571096,8.92825896201487e-05
44440,0.000188742876350733,1.76661204855147e-05,0.000189567837952953,-74.4447068615181,-2874.65275858434,0.000304912526756997,7.97655269650524e-07,0.000304913570093668,-70.3164649409866,-2159.85011381235,0.000117387958472121
44460,0.000188744974509617,1.7732352797716e-05,0.000189576110674258,-74.444327818442,-2874.63288733273,0.000332899431108727,-2.58129366143052e-06,0.000332909438600771,-69.5534778322753,-2160.44426110322,0.000145578678349035
44480,0.000267752489483744,-1.30067634451309e-05,0.000268068221764647,-71.4350933309545,-2882.78110312102,0.000360609828461983,-7.4531731649741e-06,0.000360686842251846,-68.8573940065102,-2161.18403477035,9.30232646552431e-05
44500,0.000267800972307163,-1.295370569865e-05,0.000268114078817187,-71.4336076075428,-2882.76927536748,0.000387963842510064,-1.37999798223575e-05,0.000388209199450852,-68.2186835457021,-2162.03716764157,0.000120165850204174
44520,0.000267731730693478,-1.29975230342297e-05,0.000268047039202358,-71.4357797109619,-2882.77934558136,0.000414882736315621,-2.1599443347754e-05,0.000415444606230085,-67.6297375031754,-2162.98021719437,0.000147402209917926
44540,0.000346871973807866,-4.36340009335476e-05,0.000349605623883303,-69.1284317952469,-2887.16973790572,0.000441289139893962,-3.08250970360909e-05,0.000442364433013819,-67.0843959689128,-2163.99575613813,9.52820511470225e-05
44560,0.000346739519515323,-4.36298090091281e-05,0.000349473682310829,-69.1317104789117,-2887.1717663403,0.000467107273540024,-4.14463603208687e-05,0.000468942433330406,-66.5776093470382,-2165.07056715394,0.000120387556072566
44580,0.000346857883970355,-4.36600810278766e-05,0.000349594900345747,-69.1286982237192,-2887.17426701129,0.000492263166213291,-5.3428633208856e-05,0.000495154161506192,-66.1051913317114,-2166.19444836963,0.000145733046066636
44600,0.000425777752807068,-7.42607210862585e-05,0.000432205216860796,-67.2861999068444,-2889.89354972243,0.000516684868377757,-6.67334022780085e-05,0.00052097658314951,-65.6636359385202,-2167.35940226914,9.12182229043279e-05
44620,0.000425884320651391,-7.43678290623135e-05,0.000432328611794476,-67.2837204323633,-2889.90510683291,0.000540302658682714,-8.13183579327833e-05,0.000546387809450845,-65.2499799766948,-2168.55907220398,0.000114629254247898
44640,0.000425828049288432,-7.42482686183355e-05,0.000432252626311989,-67.2852471865596,-2889.89077818315,0.000563049243869877,-9.71375225464276e-05,0.000571366913033034,-64.861698250827,-2169.78834284766,0.000139117123991777
44660,0.000425834000262922,-7.43802607423075e-05,0.000432281180446264,-67.2846734251701,-2889.90787728739,0.000584859951367652,-0.000114141389118674,0.000595893798779373,-64.4966226814996,-2171.04305166419,0.000163921323977467
44680,0.000504922815963177,-0.000104891862333632,0.000515702775699338,-65.7520106211323,-2891.73561630178,0.000605672913986304,-0.000132277070012014,0.000619949112417805,-64.1528791488462,-2172.31977708004,0.000104405612163609
44700,0.000504827700985575,-0.000105038597390872,0.000515639520037228,-65.7530760902845,-2891.75372973592,0.000625429246216331,-0.000151488455339167,0.000643514175542214,-63.8288376374466,-2173.61568063047,0.000129237463668485
44720,0.000504935735674014,-0.000104952332519584,0.000515727727838982,-65.7515903668728,-2891.74190198238,0.000644073211613877,-0.000171716380517881,0.000666570939403133,-63.5230724853361,-2174.92838771858,0.000154326521751885
44740,0.000583839424743347,-0.000135645268667449,0.000599389783693805,-64.4458132732936,-2893.07966441212,0.000661552380780076,-0.000192898802486467,0.000689101952193215,-63.2343303949571,-2176.25589641784,9.65260103326151e-05
44760,0.000553351603534436,-0.000214697402517317,0.000593542729533279,-64.5309602087445,-2901.20598137365,0.000677817779540166,-0.000214970984078589,0.000711090336213675,-62.9615044684714,-2177.59650692606,0.000124466476676895
44780,0.000553135169609715,-0.000214635958168403,0.000593318725811041,-64.5342388924093,-2901.20800980822,0.000692824026838487,-0.000237865685981061,0.000732519772246414,-62.7036129659174,-2178.94876641935,0.000141607192925114
44800,0.00055331765788087,-0.000214734556269002,0.000593524523654092,-64.5312266372168,-2901.21051047922,0.000706529462004705,-0.000261513365729821,0.000753374489305283,-62.4597817984374,-2180.31142552699,0.000160193988456034
44820,0.000632193243984332,-0.00024525580253488,0.000678099333738399,-63.3741336467137,-2901.20348219645,0.00071889626102999,-0.000285842383141854,0.000773639258390572,-62.2292300011021,-2181.68340366854,9.57323544585949e-05
44840,0.000632324238213736,-0.000245453374142449,0.000678292931638311,-63.3716541722326,-2901.21503930693,0.000729890541506432,-0.000310779211576944,0.00079329938921503,-62.0112576018006,-2183.06376121888,0.000117416560053173
44860,0.000601617939623481,-0.000324286427571719,0.000683451411867757,-63.3058470998392,-2908.32572700607,0.00073948245596635,-0.000336248654417303,0.000812340729176785,-61.8052354308618,-2184.45167698231,0.000138382512397912
44880,0.000601560870023229,-0.000324487391244922,0.000683496559918219,-63.3052733384497,-2908.34282611031,0.00074764627334889,-0.000362174066114836,0.000830749663989482,-61.6105965141368,-2185.84642983014,0.000150868255533004
44900,0.000680744089487673,-0.000354948944408923,0.000767724734855801,-62.295889337965,-2907.53813025572,0.000754360448376149,-0.000388477577161252,0.000848513119539905,-61.426828766402,-2187.24738363033,8.08921350332492e-05
44920,0.000680548356523578,-0.000355120572337833,0.000767630566395381,-62.2969548071173,-2907.55624368986,0.000759607678661427,-0.000415080322332434,0.000865618564651313,-61.2534687591871,-2188.65397480008,9.92247350024737e-05
44940,0.000650071872219931,-0.000434085722707369,0.00078168014795689,-62.1394183503998,-2913.73303189956,0.00076337494937784,-0.000441902671511576,0.000882054014460955,-61.0900963820787,-2190.06570196182,0.000113572408542121
44960,0.000649887274599856,-0.000434053363156227,0.00078150866390211,-62.1413240595108,-2913.73857447543,0.000765653565396678,-0.0004688644624416,0.000897808034239667,-60.9363302506779,-2191.48211729859,0.000120886917068433
44980,0.000650109946682184,-0.000434139975674961,0.00078174194031929,-62.1387317518868,-2913.7347890828,0.000766439170816459,-0.000495885234722838,0.000912869743489149,-60.7918237421867,-2192.90281929017,0.000131700286266096
45000,0.000649849230021519,-0.000433999137533579,0.00078144690999418,-62.1420104355515,-2913.73681751738,0.000765731755818224,-0.00052288446434873,0.00092722882015483,-60.6562615616034,-2194.32744657706,0.000146045750051346
45020,0.000619379321731547,-0.000513223425723375,0.00080438114653432,-61.8907623431087,-2919.64545930214,0.00076353565087418,-0.00054978179813171,0.00094087550489573,-60.5293567581013,-2195.75567275237,0.000148719742552984
45040,0.000619246473531794,-0.000512985244345864,0.000804126890421001,-61.8935082921593,-2919.63843101937,0.000759859508328008,-0.000576497287316898,0.000953800605305021,-60.4108481257648,-2197.18720191936,0.00015429129968004
45060,0.00069832177370108,-0.000543873893248109,0.000885128302214926,-61.0598754469407,-2917.91252574956,0.000754716271420073,-0.00060295161969713,0.000965995500011056,-60.3004979339038,-2198.62176488407,8.1673233898034e-05
45080,0.000667717008027609,-0.000622702378272939,0.000913019306869311,-60.7904007739986,-2923.00212014352,0.000748123130857973,-0.000629066349575476,0.000977452142610037,-60.1980899412339,-2200.05911587837,8.06575769494173e-05
45100,0.000667575238070199,-0.000622942769308992,0.00091307961992306,-60.7898270126091,-2923.01921924777,0.000740101469091335,-0.000654764124899179,0.00098816306539262,-60.1034276556826,-2201.49902972603,7.92000811724852e-05
45120,0.000667820388502552,-0.00062273837928193,0.000913119466625471,-60.789447969533,-2922.99934799616,0.000730676792450703,-0.000679968910900291,0.000998121382807209,-60.0163328079637,-2202.94129938113,8.50074188916076e-05
45140,0.000636864315096534,-0.000701898132322188,0.000947764287152007,-60.4659932008739,-2927.78110312102,0.000719878651379915,-0.000704606209614066,0.00100732079465246,-59.9366440117482,-2204.38573378065,8.30584957195181e-05
45160,0.000637118166521281,-0.000701886695014531,0.000947926416316088,-60.4645074774622,-2927.76927536748,0.000707740548993375,-0.00072860327461599,0.00101575558894381,-59.8642155879409,-2205.83215596203,7.55069303550065e-05
45180,0.000636910510365647,-0.000701794331536696,0.000947718461354039,-60.4664131865732,-2927.77481794335,0.000694299838266232,-0.00075188932039337,0.00102342064447524,-59.7989165334565,-2207.28040140577,7.61777058294041e-05
45200,0.000606475945748637,-0.000781011949482827,0.000988834029555349,-60.0975319253275,-2932.16973790572,0.00067959760813569,-0.000774395725706951,0.00103031143300312,-59.7406296186913,-2208.73031656871,7.34203781473417e-05
45220,0.000527275547581214,-0.000750057710839989,0.000916845719119413,-60.754074769091,-2934.89354972243,0.000663678558891128,-0.000796056230398843,0.00103642402108819,-59.6892505994603,-2210.18175757984,0.000143950148648825
45240,0.000527350226187689,-0.000750359564815177,0.000917135615691501,-60.7513288200404,-2934.9005780052,0.000646590867219522,-0.000816807125064235,0.00104175507156308,-59.6446875319038,-2211.63458907402,0.000136504976966903
45260,0.000527350985768407,-0.000750039031301757,0.000916873824834687,-60.7538085090275,-2934.88902183303,0.000628386041305678,-0.000836587433021654,0.00104630184459246,-59.606860180689,-2213.08868314238,0.000133036492315786
45280,0.00049659306561581,-0.000829418754347274,0.000966716164590565,-60.2940203890031,-2939.09002295803,0.00060911876642802,-0.000855339084117502,0.00105006219836434,-59.5756995118129,-2214.54391838348,0.000115472493861856
45300,0.000496713155913603,-0.00082914878369953,0.000966546255886422,-60.2955471431994,-2939.07569430827,0.000588846741520389,-0.000873007079817537,0.00105303458937051,-59.5511472633553,-2216.00017903754,0.000102039932061609
45320,0.000496498482204981,-0.00082935176614524,0.0009666101048717,-60.2949733818099,-2939.09279341251,0.000567630507170359,-0.000889539649127859,0.001055218072268,-59.5331555884481,-2217.45735419172,9.31791083537753e-05
45340,0.000466151713007814,-0.000908260166952653,0.00102089859947645,-59.8203478394525,-2942.83147784638,0.000545533265584311,-0.000904888394946797,0.00105661229936457,-59.5216867653709,-2218.91533704506,7.94531291763556e-05
45360,0.000465807410650182,-0.000908296065842105,0.00102077337692598,-59.8214133086047,-2942.84959128052,0.000522620693034683,-0.000919008430353988,0.00105721751964757,-59.5167129716613,-2220.37402422096,5.78143910176047e-05
45380,0.00038702969745578,-0.00087768904050076,0.000959234089535947,-60.3615079110641,-2946.20422419041,0.000498960745368425,-0.000931858504529752,0.0010570345774302,-59.5182161187234,-2221.8333151192,0.000124349870607134
45400,0.000386859903859278,-0.000877533921592235,0.000959023653910088,-60.3634136201751,-2946.20976676628,0.000474623457133973,-0.000943401117918258,0.00105606491057663,-59.5261877451563,-2223.29311129844,0.000109731166198356
45420,0.000387033372590993,-0.000877770292630575,0.00095930991766161,-60.360821312551,-2946.20598137365,0.00044968073492109,-0.000953602626295621,0.00105431054829072,-59.5406289675907,-2224.75331588083,9.83627715957889e-05
45440,0.000356280466132592,-0.000956473202017254,0.00102067465762837,-59.8222533642028,-2949.56994285988,0.000424206145539209,-0.000962433333502217,0.00105177410851828,-59.5615504880219,-2226.21383297151,6.8186663579974e-05
45460,0.000277230371249297,-0.000926142973544406,0.000966745822948668,-60.2937539144336,-2953.33552682812,0.000398274699638817,-0.000969867572534076,0.00104845879491067,-59.5889726581847,-2227.67456708527,0.00012869953376791
45480,0.000277337975334488,-0.000925822693224559,0.000966469871155955,-60.2962336034207,-2953.32397065596,0.000371962631422562,-0.000975883774812347,0.00104436839339229,-59.6229256014596,-2229.13542257375,0.000107051097283146
45500,0.000277155168943901,-0.000926054770921478,0.000966639760416854,-60.2947069032786,-2953.33829786447,0.000345347175088829,-0.000980464527416946,0.00103950726830781,-59.6634493940877,-2230.59630304512,8.72385883882013e-05
45520,0.000277331512051762,-0.000925904367195201,0.000966546255886422,-60.2955471431994,-2953.32572700607,0.000318506338667289,-0.000983596618155415,0.00103388035817401,-59.7105943078423,-2232.05711076928,7.08785028600007e-05
45540,0.00016736097706497,-0.000974396508829607,0.000988664884105564,-60.0990178211761,-2960.25405322934,0.000291518675898527,-0.000985271068336015,0.00102749317102238,-59.7644211174496,-2233.51774606071,0.000124633022205605
45560,0.00016770622435197,-0.000974380926330922,0.000988708029341271,-60.0986387781,-2960.23418197773,0.000264463056840697,-0.000985483153168712,0.00102035177934518,-59.8250014767279,-2234.97810662967,9.73917043387641e-05
45580,0.000167377643184524,-0.000974314372897584,0.000988586755258646,-60.0997042472523,-2960.25229541187,0.000237418437858534,-0.000984232409762259,0.00101246281465623,-59.8924183684124,-2236.43808689364,7.0739524834535e-05
45600,0.00016760743733059,-0.000974446464864705,0.000988755867712475,-60.0982185238406,-2960.24046765833,0.000210463631667677,-0.000981522632704697,0.00100383346166897,-59.9667666338089,-2237.89757723832,4.34364540951248e-05
45620,8.84518093704999e-05,-0.000943581771448745,0.000947718461354039,-60.4664131865732,-2964.6447155892,0.00018367707811256,-0.000977361857239019,0.000994471452083805,-60.0481535897638,-2239.35646321607,0.000101039328991219
45640,8.85405703570009e-05,-0.00094385757827585,0.000948001350562274,-60.4638208789491,-2964.64093019657,0.000157136616331687,-0.000971762330133188,0.000984385058022548,-60.1366997414734,-2240.81462466977,7.40546602151471e-05
45660,8.85510243216075e-05,-0.000943526431564715,0.000947672628585236,-60.466833256472,-2964.63843101937,0.000130919258984861,-0.000964740468320774,0.000973583085097995,-60.2325396017311,-2242.27193476591,4.73825143272061e-05
45680,9.34540142880694e-06,-0.000913131984838395,0.000913179806096681,-60.7888740198023,-2969.41362982058,0.000105100969189572,-0.000956316805456757,0.00096207486513452,-60.3358226288958,-2243.72825892,0.000105043122045313
45700,9.57207644208503e-06,-0.000912969128759951,0.000913019306869311,-60.7904007739986,-2969.39930117082,7.97564408023821e-05,-0.000946515926557281,0.000949870248547691,-60.4467142981869,-2245.18345359409,7.7789669257003e-05
45720,9.37267480038504e-06,-0.000913059528560208,0.000913107633155863,-60.7895605340778,-2969.41187202921,5.49588827067542e-05,-0.000935366390938257,0.00093697959640818,-60.5653973234145,-2246.63736494087,5.0751339494007e-05
45740,-6.93946222574239e-05,-0.000882345147851617,0.000885069812803229,-61.0604494308026,-2974.49693795214,3.07798077107044e-05,-0.000922900643680108,0.000923413772188755,-60.6920730496508,-2248.08982726635,0.000108072497247608
45760,-6.97301468472188e-05,-0.000882350127601785,0.000885101147360131,-61.060141925472,-2974.51856552742,7.28882665542016e-06,-0.000909154915907229,0.000909184133227309,-60.8269630408145,-2249.54066127723,8.15501008920278e-05
45780,-6.94271567381999e-05,-0.000882412764982411,0.000885139773084825,-61.059762882396,-2974.49869427581,-1.54465516418302e-05,-0.000894169114166815,0.000894302521906033,-60.9703108909738,-2250.98967206939,5.52459724569659e-05
45800,-0.000148684765986926,-0.000851542529005438,0.000864425727487079,-61.2654463179741,-2979.90436193026,-3.73611140746532e-05,-0.000877986699268309,0.000878781256591741,-61.1223842932369,-2252.43664680953,0.000114421368703475
45820,-0.000148572247158545,-0.00085178162910346,0.000864641923748718,-61.263274214555,-2979.89429171638,-5.83921299723337e-05,-0.000860654554929826,0.000862633122343539,-61.2834774071109,-2253.88135204643,9.06155745357221e-05
45840,-0.000148622032901659,-0.000851580393123815,0.000864452239638913,-61.2651799236659,-2979.89983429226,-7.84795303546703e-05,-0.000842222846631913,0.00084587136142173,-61.4539135730863,-2255.32353057827,7.07639338922195e-05
45860,-0.000148610116872043,-0.000851844405768428,0.000864710274297518,-61.2625876160419,-2979.89604889963,-9.75660792004779e-05,-0.000822744871126229,0.000828509663658228,-61.6340484329082,-2256.76289778308,5.87560779682297e-05
45880,-0.000196888622353698,-0.000741874374799233,0.000767556328614448,-62.2977948627154,-2984.86329045054,-0.000115597536214007,-0.000802276897007057,0.000810562156685112,-61.8242735269738,-2258.1991372956,0.000101275393728375
45900,-0.000197094516133538,-0.000742046439758259,0.000767775466557653,-62.2953153882343,-2984.87484756102,-0.000132522810680441,-0.000780877996854299,0.00079204339611023,-62.0250204547027,-2259.63189589081,7.5348490174817e-05
45920,-0.000196874328984506,-0.000741965276645944,0.000767640523397112,-62.2968421424306,-2984.86051891126,-0.000148294105921527,-0.000758609871444781,0.000772968355694159,-62.2367657032303,-2261.0607773902,5.13525131699148e-05
45940,-0.000276091399104593,-0.00071131701606235,0.000763019238289165,-62.3492902375605,-2991.21328151557,-0.000162867053963364,-0.00073553666653878,0.000753352417590656,-62.4600362738523,-2262.48533536442,0.000115785766836259
45960,-0.000275908635823884,-0.000711308761554402,0.000762945430280733,-62.3501304774813,-2991.20071065717,-0.000176200840060032,-0.000711724782803333,0.000733211362769504,-62.6954162656351,-2263.9050643432,9.97086636645258e-05
45980,-0.000276095501837223,-0.000711225634505492,0.000762935534178667,-62.350243142168,-2991.21605194395,-0.000188258316683153,-0.000687242679420353,0.000712561361720688,-62.9435546149019,-2265.31938915696,9.10524751470609e-05
46000,-0.000245248430262696,-0.00063235568290712,0.000678248112604264,-63.3722281219633,-2991.19793850981,-0.000199006106681177,-0.000662160671965295,0.00069141896560185,-63.2051742389077,-2266.72765192856,5.50153602458062e-05
46020,-0.000245379439836934,-0.000632158135236964,0.000678111331155116,-63.373979971123,-2991.21429440428,-0.000208414695333211,-0.000636550725168889,0.000669801098046184,-63.4810828965976,-2268.12909608503,3.72248194426189e-05
46040,-0.000324374592644774,-0.000601693160037959,0.000683559459878896,-63.3044740411142,-2998.32924053931,-0.000216458511024602,-0.000610486241126983,0.00064772504784078,-63.7721861648755,-2269.52284655761,0.000108273722330443
46060,-0.000324361622957198,-0.000601529786617447,0.000683409501423165,-63.3063797502252,-2998.33478311518,-0.000223115994328198,-0.000584041843646852,0.000625208462878962,-64.0795030392643,-2270.90788506205,0.000102744856152627
46080,-0.000293747631593665,-0.000522680546031962,0.000599568698538506,-64.4432209656695,-2999.3360837278,-0.000228369655311608,-0.00055729315930019,0.000602269345783039,-64.4041848184768,-2272.28301897225,7.39750821560419e-05
46100,-0.000293622982716061,-0.00052251211316943,0.000599360796505627,-64.4462333431924,-2999.3335845506,-0.000232206118921438,-0.000530316595865683,0.000578926051853882,-64.7475381321115,-2273.64684175988,6.19107511545728e-05
46120,-0.00029381223215136,-0.000522602036669213,0.000599531914490441,-64.4437538687113,-2999.34514166109,-0.000234616158325981,-0.000503189118792704,0.000555197290176222,-65.1110532453142,-2274.99768220768,6.22979657518587e-05
46140,-0.000293629912480177,-0.000522583632784103,0.000599426541585328,-64.4452806229076,-2999.33081301133,-0.000235594716120592,-0.000475988026341966,0.000531102129053219,-65.4964391520273,-2276.33353849549,7.44260341292356e-05
46160,-0.000342131380750251,-0.000412857699796101,0.000536195264782337,-65.4135405130673,-3009.64823033849,-0.000235140913377073,-0.000448790724071901,0.000506660007457452,-65.905667496425,-2277.6519916344,0.000112863379102064
46180,-0.000341985552479471,-0.000412932498515644,0.000536159832918377,-65.4141144969292,-3009.63113100906,-0.000233258046512495,-0.000421674499298276,0.000481890754861802,-66.3410281123248,-2278.95009029324,0.000109078380678677
46200,-0.000342113808892703,-0.000412795867039834,0.000536136443529295,-65.4144934176748,-3009.65100076687,-0.000229953571989793,-0.000394716296220848,0.000456814622985264,-66.8052000488272,-2280.22419535816,0.000113608052633233
46220,-0.000311369189640965,-0.000333910194251276,0.000456559733312736,-66.8100478828127,-3012.99934799616,-0.000225239078945964,-0.000367992492349014,0.000431452334690247,-67.3013435319736,-2281.4697668231,9.26282840818945e-05
46240,-0.000311401683707325,-0.000333753974563869,0.000456467659481958,-66.8117997319723,-3013.01570389063,-0.00021913024980598,-0.000341578676869037,0.000405825158007279,-67.8332206716785,-2282.68106645761,9.26026105483791e-05
46260,-0.000311420886946124,-0.000333892187730796,0.000456581823832232,-66.8096276285532,-3013.00563367676,-0.000211646809036879,-0.0003155494316286,0.000379955017833197,-68.4053563130936,-2283.8507347897,0.000101446159730493
46280,-0.000311384858722988,-0.000333788818236978,0.000456481659458487,-66.8115333376642,-3013.01117625263,-0.000202812460212066,-0.000289978115327339,0.000353864665353955,-69.0232560209389,-2284.96917593303,0.000117078364388349
46300,-0.000280784688162592,-0.000254858801300444,0.000379200540224909,-68.4226210523899,-3017.77103255073,-0.000192654811542387,-0.00026493665158493,0.000327577938456586,-69.6937070911747,-2286.02364047282,8.87042175967351e-05
46320,-0.000280676212263523,-0.000254782671358446,0.000379069051434094,-68.4256334299128,-3017.76853337352,-0.000181205290175955,-0.000240495321451976,0.000301120170078394,-70.4252030590998,-2286.99681895491,0.00010049175442941
46340,-0.000280807746624658,-0.000254798775571256,0.00037917727595022,-68.4231539554316,-3017.78009048401,-0.000168499045468277,-0.000216722561003417,0.000274518845931568,-71.2285567107523,-2287.86461332624,0.000118587699493875
46360,-0.000250038158953384,-0.000175789890335049,0.000305648763250902,-70.2955471431994,-3024.89077818315,-0.000154574841548251,-0.000193684764572618,0.000247804700656016,-72.1178091932906,-2288.59246946593,9.71260598087431e-05
46380,-0.000250100914382053,-0.000175752027775318,0.000305678331979673,-70.2947069032786,-3024.90334904155,-0.000139474939506301,-0.000171446094191621,0.000221013623932663,-73.1116190858988,-2289.12906656058,0.000110709743840539
46400,-0.000250038158953384,-0.000175789890335049,0.000305648763250902,-70.2955471431994,-3024.89077818315,-0.000123244969561898,-0.000150068295803433,0.000194190154044071,-74.2354558750413,-2289.3948659359,0.000129375860581926
46420,-0.000219404696965048,-9.6695585037393e-05,0.000239767506589296,-72.404193461035,-3036.21605194395,-0.000105933793588113,-0.000129610522745197,0.00016739431361385,-75.525185981583,-2289.25995424281,0.00011814837721055
46440,-0.000140371570289799,-0.000127438637023828,0.000189591096711092,-74.4436412239287,-3017.76474628823,-8.75933584034176e-05,-0.000110129167030829,0.000140716132221198,-77.0331222115002,-2288.49766216664,5.55441932281157e-05
46460,-0.000140364626863854,-0.000127367103829624,0.000189537879096964,-74.4460796676017,-3017.77934558136,-6.82785403028445e-05,-9.16776988982729e-05,0.000114309927570485,-78.838321008568,-2286.67753095774,8.04371649179365e-05
46480,-0.000140377339002906,-0.000127423633304256,0.000189585283263218,-74.4439075641826,-3017.76927536748,-4.80469812392696e-05,-7.43065150839453e-05,8.84871210410154e-05,-81.0623986917697,-2282.88692004078,0.000106519121348196
46500,-0.000109691740199029,-4.83574879824098e-05,0.000119877956738761,-78.4252133600139,-3036.20976676628,-2.69589171898859e-05,-5.80627962610047e-05,6.40161817488209e-05,-83.8742046590922,-2274.90573512758,8.3300138126205e-05
46520,-0.000109721744878553,-4.83690145159812e-05,0.000119910061564664,-78.4228874808622,-3036.21051047922,-5.07699920339886e-06,-4.2990374020001e-05,4.32891231060516e-05,-87.2724242292486,-2256.73521726597,0.000104782883005779
46540,-0.000109681130814901,-4.83671801811815e-05,0.000119872159301126,-78.4256334299128,-3036.20348219645,1.75338923519531e-05,-2.91296077941635e-05,3.39995798687524e-05,-89.3705289896313,-2218.95513674975,0.000128661362928772
46560,-0.000109722201544523,-4.83588580089109e-05,0.000119906382898088,-78.4231539554316,-3036.21503930693,4.08068397830455e-05,-1.65172720730538e-05,4.40229309543837e-05,-87.1264209280927,-2182.03648978907,0.000153859932659245
46580,-0,0,0,-240,-2880,6.46730857322555e-05,-5.18645418447834e-06,6.48807161268999e-05,-83.7576873040994,-2164.5850192585,6.48807161268999e-05
46600,-0,0,0,-240,-2880,8.90622359207894e-05,4.83353702688822e-06,8.91933010231186e-05,-80.9933552528241,-2156.89352228449,8.91933010231186e-05
46620,-0,0,0,-240,-2880,0.000113902466409966,1.35172514004698e-05,0.000114701734684776,-78.8086002804525,-2153.23213891017,0.000114701734684776
46640,-0,0,0,-240,-2880,0.000139120734708263,2.08431663143434e-05,0.000140673438885151,-77.0357579140714,-2151.47928154471,0.000140673438885151
46660,7.90497688674908e-05,-3.06609007111539e-05,8.47877160349478e-05,-81.4333412672889,-2901.19969511115,0.000164642994183812,2.67937440039784e-05,0.000166808933368575,-75.5556138930559,-2150.75680413299,0.000103088488297155
46680,0.000109692196884237,4.83473369250037e-05,0.000119874280164805,-78.4254797543221,-2856.21429440428,0.000190394411062996,3.1355477211674e-05,0.000192959057095532,-74.2906966347466,-2150.64807615681,8.24716355474518e-05
46700,0.000109711130062595,4.83787121819725e-05,0.000119904261191993,-78.4233076509029,-2856.20422419041,0.000216299583475337,3.45189230161019e-05,0.000219036676969397,-73.1896631578322,-2150.9327140471,0.000107485776531794
46720,0.000109691740199029,4.83574879824098e-05,0.000119877956738761,-78.4252133600139,-2856.20976676628,0.000242282761814686,3.62787247939155e-05,0.000244983841396171,-72.2172511962935,-2151.48396501696,0.000133140059836426
46740,0.00018876712457582,1.76926493346953e-05,0.000189594454457676,-74.4434873941418,-2874.64545930214,0.00026826806984114,3.66336222496448e-05,0.000270757787654243,-71.3483808630925,-2152.22401222662,8.17261326201366e-05
46760,0.000188705286312943,1.77102048643215e-05,0.000189534525717047,-74.4462333431924,-2874.63843101937,0.000294179725841191,3.55864494971302e-05,0.000296324326513721,-70.5646538798149,-2153.10253552171,0.0001069785843801
46780,0.00018876273132124,1.76771862411048e-05,0.00018958863797511,-74.4437538687113,-2874.64998812985,0.000319942263214976,3.31441212156225e-05,0.000321654449001217,-69.8522087445407,-2154.08559406774,0.000132088211682063
46800,0.000188725128770299,1.77212766562926e-05,0.000189555316136727,-74.4452806229076,-2874.63565948009,0.000345480749840432,2.93176069609823e-05,0.000346722469113592,-69.2003602654673,-2155.14948284562,0.000157183967419132
46820,0.000267782494143516,-1.299524236127e-05,0.000268097632391169,-71.434140426347,-2882.77833269264,0.000370721005605354,2.41218936744637e-05,0.00037150495252619,-68.6007078458496,-2156.27715413541,0.000109425860423732
46840,0.000267789434873007,-1.2923700985121e-05,0.000268101106817479,-71.4340278618022,-2882.76298968688,0.000395589817415436,1.75759365649195e-05,0.000395980071706787,-68.0465334009622,-2157.45603879974,0.00013138936664995
46860,0.000267752489483744,-1.30067634451309e-05,0.000268068221764647,-71.4350933309545,-2882.78110312102,0.000420015151138324,9.7025984894957e-06,0.000420127204074192,-67.5323839223566,-2158.67666895418,0.000153946852041914
46880,0.000346859976181117,-4.35938339771248e-05,0.000349588708966966,-69.1288520535061,-2887.16345164323,0.000443926359791778,5.28578037108913e-07,0.000443926674477577,-67.0537751697622,-2159.93177860316,0.000106623965735691
46900,0.000346751497598099,-4.36699530138465e-05,0.000349490580535092,-69.1312904971791,-2887.17805093636,0.000467254387436562,-9.9156734564519e-06,0.000467359586569925,-66.6069768910154,-2161.2156996181,0.000125141111741344
46920,0.000346845893429446,-4.36199146389612e-05,0.00034957798949874,-69.12911839376,-2887.16798072248,0.000489931968134115,-2.15960457184459e-05,0.000490407710574009,-66.1888542023614,-2162.52394593813,0.000144771114441445
46940,0.000425790196561908,-7.43110164508294e-05,0.000432226119819457,-67.2857798369456,-2889.89983429226,0.000511893819443858,-3.44748738648141e-05,0.000513053407856156,-65.796748466578,-2163.85292102825,9.48722937929215e-05
46960,0.000425903263667622,-7.43364462091626e-05,0.00043234187541544,-67.2834539577938,-2889.9005780052,0.000533076829865286,-4.85110529489689e-05,0.000535279580030325,-65.4283864773455,-2165.19970802528,0.000110241209302914
46980,0.000425777752807068,-7.42607210862585e-05,0.000432205216860796,-67.2861999068444,-2889.89354972243,0.000553420239717545,-6.3660162380145e-05,0.000557069634788409,-65.0818102755516,-2166.56191655915,0.00012808191249967
47000,0.000425884320651391,-7.43678290623135e-05,0.000432328611794476,-67.2837204323633,-2889.90510683291,0.000572865814905313,-7.98745997986041e-05,0.000578407463281825,-64.755322238157,-2167.93756917512,0.000147084615704899
47020,0.000504862356127811,-0.000104904783709878,0.000515646208441544,-65.7529634255978,-2891.73838844915,0.000591358013122913,-9.71037240701945e-05,0.000599277425666093,-64.4474416308959,-2169.32501592117,8.68467340233147e-05
47040,0.000504864374900318,-0.000105062387818248,0.000515680271464365,-65.7523896642083,-2891.75548755339,0.000608844141956793,-0.000115294006919241,0.000619664342387552,-64.1568698785191,-2170.72286927877,0.000104481950529967
47060,0.000504922815963177,-0.000104891862333632,0.000515702775699338,-65.7520106211323,-2891.73561630178,0.000625274508509342,-0.000134389192769163,0.00063955348965098,-63.8824625408671,-2172.1299540049,0.000123913770023955
47080,0.000583852771486185,-0.000135715875372786,0.00059941876647324,-64.4453932875943,-2893.08594958979,0.000640602560059645,-0.000154330466300424,0.000658930597850394,-63.6232065050198,-2173.54526804764,5.97247143026712e-05
47100,0.000553348382072435,-0.000214626304978077,0.000593514012244635,-64.5313804670037,-2901.19969511115,0.000654785015403589,-0.000175056627252865,0.000677781852178285,-63.3782012742792,-2174.96795178762,0.000108881357342918
47120,0.000553138368332343,-0.000214707009857317,0.000593347414760726,-64.5338189106767,-2901.21429440428,0.000667781986479,-0.000196504271924087,0.000696093894780191,-63.1466435056462,-2176.39726360642,0.000116079709036603
47140,0.000553314447855986,-0.000214663462582179,0.000593495813274151,-64.5316468072576,-2901.20422419041,0.000679557089950295,-0.000218607980838498,0.000713853828026437,-62.9278141448822,-2177.83256031531,0.000126304251342645
47160,0.000553172298635037,-0.000214669882758169,0.000593365612873359,-64.5335525163686,-2901.20976676628,0.000690077548424388,-0.000241300512036248,0.000731049218553969,-62.7210676557314,-2179.27328135355,0.000139471279608496
47180,0.000632363037578138,-0.000245410921450288,0.000678313741318962,-63.3713876976631,-2901.21051047922,0.000699314281051231,-0.000264512999413136,0.000747668101861202,-62.5258229496228,-2180.71893593538,6.962297311299e-05
47200,0.000601536268667472,-0.000324279958032921,0.000683376450943562,-63.306799820124,-2908.32849854535,0.00070724198320493,-0.00028817515551091,0.00076369898720725,-62.3415557068846,-2182.16909252353,0.000111701633161865
47220,0.00060164256644593,-0.000324493903919166,0.000683571555464639,-63.3043203456429,-2908.34005565583,0.000713839195088221,-0.000312215478178761,0.000779130862730126,-62.1677918429933,-2183.62337015209,0.000112866484030285
47240,0.000601617939623481,-0.000324286427571719,0.000683451411867757,-63.3058470998392,-2908.32572700607,0.000719088359033646,-0.000336561460489907,0.000793953200626335,-62.0041019239705,-2185.08143123111,0.000118110015957761
47260,0.000601604969932689,-0.000324449800988788,0.000683517529555297,-63.3050068599184,-2908.33829786447,0.000722975865354419,-0.000361139803297676,0.000808155962306073,-61.8500963728079,-2186.54297554581,0.000126795309554015
47280,0.000571043575341446,-0.000403337350989476,0.000699122152160801,-63.1089387347398,-2915.23418197773,0.000725492086654787,-0.000385876629820482,0.000821729603483001,-61.7054213385919,-2188.00773522544,0.000155432362880606
47300,0.000649871078541664,-0.000434145642838444,0.000781546452823191,-62.1409040738115,-2913.7448596531,0.000726631400492218,-0.000410697701607538,0.000834665079110775,-61.5697551244102,-2189.47547050293,8.0261777789435e-05
47320,0.000650126118385109,-0.000434047644135367,0.000781704117416527,-62.1391520101459,-2913.7285028203,0.000726392200328356,-0.000435528635264384,0.000846953848112828,-61.4428050886874,-2190.94596612525,7.62804600779145e-05
47340,0.000649887274599856,-0.000434053363156227,0.00078150866390211,-62.1413240595108,-2913.73857447543,0.000724776894795329,-0.000460295119317644,0.000858587877911634,-61.3243049491663,-2192.41902830009,7.9354174303923e-05
47360,0.00061940566327962,-0.000513130643829653,0.000804342236451562,-61.8911825131495,-2919.63917301333,0.000721791895253906,-0.000484923130564359,0.000869559648678896,-61.214012431855,-2193.89448208766,0.000106200773549462
47380,0.000619220148491547,-0.000513077977246947,0.000804165780814946,-61.8930882222605,-2919.6447155892,0.000717447591718719,-0.000509339149300632,0.00087986215731402,-61.1117072162452,-2195.37216916433,9.82985729161902e-05
47400,0.000619379321731547,-0.000513223425723375,0.00080438114653432,-61.8907623431087,-2919.64545930214,0.000711758317227972,-0.000533470372782743,0.00088948892111153,-61.017189136651,-2196.8519458967,9.45717593901761e-05
47420,0.000619246473531794,-0.000512985244345864,0.000804126890421001,-61.8935082921593,-2919.63843101937,0.000704742300775283,-0.000557244926308051,0.000898433981101619,-60.9302766058619,-2198.33368167736,9.627282027365e-05
47440,0.000588638080919229,-0.000592297165017123,0.000835051328958642,-61.565736569409,-2925.17752828151,0.000696421608975,-0.000580592071330625,0.000906691905080945,-60.8508052324262,-2199.8172574824,0.000108417240964521
47460,0.000588682701188231,-0.000592045863181396,0.00083490456148501,-61.5672633236053,-2925.16319963175,0.000686822076611081,-0.000603442409950063,0.000914257790257594,-60.7786266082813,-2201.30256461524,9.87988779624421e-05
47480,0.000588609727571419,-0.000592232295132304,0.000834985330882751,-61.5664230836845,-2925.17577049014,0.000675973226316982,-0.000625728085249209,0.000921127265564879,-60.7136072459174,-2202.7895036113,9.35646774622861e-05
47500,0.000558119874356325,-0.000671126785862483,0.000872873963899501,-61.1809692091545,-2930.25254260888,0.000663908177637211,-0.000647382976863994,0.000927296493612938,-60.6556276482408,-2204.277983278,0.000108420171447962
47520,0.000557839244595923,-0.000671220854340274,0.000872766897924433,-61.1820346783068,-2930.27065604302,0.000650663545713711,-0.000668342891227955,0.000932762172247396,-60.6045814969271,-2205.76791985253,9.28689051818835e-05
47540,0.000558143416251648,-0.000671196950737839,0.000872942964794856,-61.1802826146411,-2930.25429921023,0.000636279329948566,-0.000688545745945008,0.000937521535741321,-60.5603749467527,-2207.25923625935,8.00387512670743e-05
47560,0.000557885896274927,-0.000671127205428386,0.000872724698360596,-61.1824546640061,-2930.26437086535,0.000620798792961056,-0.000707931747781059,0.000941572355614931,-60.5229260156147,-2208.75186145511,7.28876320594195e-05
47580,0.000527425716672289,-0.000750340891980353,0.000917163748076182,-60.7510623915681,-2934.89604889963,0.000604268330198164,-0.000726443563724367,0.000944912941046441,-60.4921640618749,-2210.24572984809,8.04727876444042e-05
47600,0.000527218770166617,-0.000750151819519106,0.000916890060990861,-60.7536546991921,-2934.89983429226,0.000586737330613972,-0.00074402648467691,0.000947542138924011,-60.4680293412826,-2211.74078078305,5.98329237515134e-05
47620,0.000527350226187689,-0.000750359564815177,0.000917135615691501,-60.7513288200404,-2934.9005780052,0.000568258028801011,-0.000760628581264101,0.000949459333480192,-60.4504726379889,-2213.23695808302,4.21770199691585e-05
47640,0.000448251392083172,-0.000719400735523129,0.000847624167172999,-61.4359333865526,-2938.07337984229,0.000548885349063688,-0.000776200851347881,0.000950664445558969,-60.4394549642597,-2214.73420963943,0.000115557113391005
47660,0.000417552535839093,-0.000798737082579468,0.000901294095882813,-60.9026694772372,-2942.40096447264,0.000528676741841358,-0.000790697358810005,0.000951157931467278,-60.4349473253914,-2216.23248704665,0.000111414659349311
47680,0.000417678849074225,-0.000798492268607987,0.00090113568567153,-60.9041962314336,-2942.38663582288,0.000507692013021795,-0.000804075363227767,0.000950940781455916,-60.4369305463767,-2217.73174527344,9.01861443315184e-05
47700,0.000417544037196294,-0.000798661145030355,0.000901222862326172,-60.9033559915128,-2942.39920668128,0.000485993146612656,-0.00081629544006912,0.000950014517800707,-60.4453951583797,-2219.23194236838,7.06841491524614e-05
47720,0.000417763306427261,-0.000798559652806426,0.000901234541774425,-60.903243426968,-2942.38386367551,0.00046364412132749,-0.000827321591059026,0.000948381192492755,-60.4603413435102,-2220.73303919315,5.41506996072577e-05
47740,0.000386782340149572,-0.000877618787860191,0.000959070026357185,-60.3629936344758,-2946.21605194395,0.000440710721591069,-0.000837121344435318,0.000946043384541383,-60.4817789371885,-2222.23499918322,6.74411836258114e-05
47760,0.000308061176383204,-0.000847024455918004,0.000901305784580235,-60.9025568324546,-2950.01376994544,0.000417260343562845,-0.00084566584478989,0.000943004196891181,-60.5097274881458,-2223.73778812969,0.000109207618493054
47780,0.000307835289768559,-0.000846866795483925,0.00090108042644378,-60.9047288818196,-2950.02384160057,0.000393361796722985,-0.000852929932260192,0.000939267252951209,-60.5442163768712,-2225.2413739816,8.57411512600179e-05
47800,0.000307984776333496,-0.000847022831560449,0.000901278147764537,-60.9028231727086,-2950.0182990247,0.000369085101612488,-0.000858892210859456,0.00093483669274764,-60.5852849939513,-2226.74572666595,6.22425249659932e-05
47820,0.000307911655985318,-0.000846868433905197,0.000901108058024486,-60.904462533585,-2950.01931368485,0.00034450128432026,-0.000863535105759422,0.000929717168700915,-60.6329829806227,-2228.25081792339,4.02067015855026e-05
47840,0.00019818499155203,-0.00089546660836312,0.000917135615691501,-60.7513288200404,-2957.52044295324,0.000319682168330231,-0.000866844909344741,0.000923913841007488,-60.6873705348982,-2229.75662115643,0.00012482293707397
47860,0.000198232155136509,-0.000895159251383533,0.000916845719119413,-60.754074769091,-2957.51341467047,0.000294700164324759,-0.000868811815989001,0.00091743237268757,-60.7485187867726,-2231.26311129089,0.000100001320734345
47880,0.000198119944936973,-0.000895377948798745,0.000917034995939019,-60.7522818088853,-2957.52321398959,0.000269628058547121,-0.000869429945376133,0.000910278924216437,-60.8165102483634,-2232.77026464773,7.6070422594473e-05
47900,0.000198297205212384,-0.000895247852103658,0.000916946289752707,-60.7531220488061,-2957.51064313119,0.000244538800397594,-0.0008686973544056,0.000902460147846531,-60.8914393441798,-2234.27805882259,5.33217971685828e-05
47920,0.000119084720930045,-0.000864701126676013,0.000872862651986985,-61.1810817736993,-2962.15867741649,0.000219505289799182,-0.000866616037585663,0.000893983181525524,-60.973413029884,-2235.78647257508,0.000100438824842751
47940,0.000119317817771417,-0.000864680412184695,0.000872873963899501,-61.1809692091545,-2962.14333441073,0.000194600165029382,-0.000863191915987256,0.000884855642494985,-61.0625515076609,-2237.29548572317,7.52970612281687e-05
47960,0.000119029850665828,-0.00086461202441506,0.000872766897924433,-61.1820346783068,-2962.16144784487,0.000169895591574434,-0.000858434814764384,0.000875085620517209,-61.1589890492911,-2238.80507904459,5.1239452741514e-05
47980,0.000119300737937069,-0.000864752423363187,0.000872942964794856,-61.1802826146411,-2962.14509101208,0.000145463052682084,-0.000852358429348677,0.000864681670776787,-61.2628749390227,-2240.31523418055,2.89495734070287e-05
48000,4.00943213880901e-05,-0.000833890031249715,0.000834853363666472,-61.5677959739913,-2967.2472777917,0.000121373142145655,-0.000844980280423949,0.000853652806438101,-61.3743745512562,-2241.82593354545,8.20319470114359e-05
48020,4.01613987831269e-05,-0.000834136291697028,0.000835102563209027,-61.5652036663672,-2967.24349239907,9.76953599814445e-05,-0.000836321657822271,0.000842008490874348,-61.4936705804278,-2243.33716023743,5.75754506388867e-05
48040,4.0161452632484e-05,-0.000833912431204111,0.000834878964398015,-61.5675296257568,-2967.24274987598,7.44979115732292e-05,-0.000826407553530506,0.000829758629579138,-61.6209644437295,-2244.84889794988,3.51470567969105e-05
48060,-3.8951147539772e-05,-0.000803437512819263,0.00080438114653432,-61.8907623431087,-2972.7755616563,5.18475108380228e-05,-0.000815266584001444,0.000816913561749028,-61.7564778813811,-2246.36113088428,9.15659504851045e-05
48080,-3.87780267074336e-05,-0.000803216014007281,0.000804151540763971,-61.8932420320959,-2972.76400548413,2.98091880249875e-05,-0.000802930902032338,0.000803484051571139,-61.9004547833242,-2247.87384366041,6.85878073245493e-05
48100,-3.9013456580104e-05,-0.000803409783293871,0.000804356469288731,-61.8910288176782,-2972.78009048401,8.44610264899744e-06,-0.000789436098452229,0.000789481279188706,-62.0531632774313,-2249.3870212258,4.94739692189147e-05
48120,-3.88057153057503e-05,-0.00080327830682903,0.000804215096701438,-61.8925555718745,-2972.76576183425,-1.21806378470762e-05,-0.000774821093967761,0.000774916831405642,-62.2148981201916,-2250.90064875907,3.89706006306284e-05
48140,-0.000118078394408674,-0.000772637625888447,0.000781608219099996,-62.1402176477353,-2978.68900205226,-3.20121532257555e-05,-0.000759128021418292,0.000759802692056694,-62.3859834405984,-2252.41471156827,8.7120073945655e-05
48160,-0.000117815563318753,-0.000772712250836184,0.000781642328403751,-62.1398386046593,-2978.66913080065,-5.09919588755042e-05,-0.000742402098889814,0.000744151232147043,-62.5667758962714,-2253.92919498181,7.33764227923373e-05
48180,-0.000118045360836003,-0.000772580190469319,0.000781546452823191,-62.1409040738115,-2978.6872442348,-6.90661270034995e-05,-0.000724691493980954,0.000727975199678952,-62.7576683155536,-2255.44408422663,6.85003109348698e-05
48200,-0.000196898337532894,-0.000742108820518571,0.000767785423679482,-62.2952027434517,-2984.85950336524,-8.6183440188756e-05,-0.000706047179693507,0.000711287709240027,-62.9590939133578,-2256.95936429409,0.000116439814637945
48220,-0.000196979520884069,-0.000741888652924786,0.000767593450327887,-62.2973747928166,-2984.86957502037,-0.000102295536830126,-0.000686522782352313,0.000694102231334927,-63.1715311893224,-2258.47501978741,0.000109683346322835
48240,-0.000196989288445917,-0.000742123119189606,0.000767822573123595,-62.2947824851925,-2984.86578962774,-0.000117357048084558,-0.000666174421994853,0.000676432581456051,-63.3955096416576,-2259.9910347466,0.00011004316566943
48260,-0.000196888622353698,-0.000741874374799233,0.000767556328614448,-62.2977948627154,-2984.86329045054,-0.000131325725902594,-0.000645060545743865,0.000658292908938883,-63.6316164611328,-2261.50739244372,0.000116924808690971
48280,-0.000245410921450288,-0.000632363037578138,0.000678313741318962,-63.3713876976631,-2991.21051047922,-0.000144162561820506,-0.000623241754609848,0.000639697685567028,-63.8805044112322,-2263.02407514292,0.000101658389376919
48300,-0.000245213358434555,-0.000632232004083843,0.000678120120732769,-63.3738673866502,-2991.19895430705,-0.000155831896139875,-0.000600780624278421,0.000620661693970973,-64.1429011519149,-2264.54106381159,9.47535492401225e-05
48320,-0.000245414576981861,-0.000632281792055422,0.000678239322923702,-63.3723406865081,-2991.21328151557,-0.00016630151724203,-0.000577741520392295,0.000601200015820194,-64.419620333139,-2266.058337774,9.6091193428356e-05
48340,-0.000245252120732341,-0.000632274454715024,0.000678173715805096,-63.3731809264289,-2991.20071065717,-0.000175542750698773,-0.000554190408877965,0.000581328019809142,-64.7115748739112,-2267.57587428472,0.000104673370466231
48360,-0.000245414576981861,-0.000632281792055422,0.000678239322923702,-63.3723406865081,-2991.21328151557,-0.000183530537996864,-0.000530194661861119,0.000561061349447139,-65.019792961343,-2269.09364800451,0.0001193792964982
48380,-0.000293636836843249,-0.000522655168760893,0.000599492299686815,-64.444327818442,-2999.32804086396,-0.000190243504612848,-0.000505822859777316,0.000540415910684244,-65.3454374631463,-2270.61163034258,0.00010475451195736
48400,-0.000293766016374006,-0.000522498215522358,0.00059941876647324,-64.4453932875943,-2999.3461542981,-0.000195664017279937,-0.000481144590215512,0.000519407859347331,-65.6898296638165,-2272.12978862622,0.00010646184552351
48420,-0.000293676073845568,-0.000522687481361282,0.00059953968969631,-64.4436412239287,-2999.32979746531,-0.000199778230290735,-0.00045623024412123,0.000498053588431019,-66.0544785300348,-2273.64808503823,0.000115036382965688
48440,-0.000263027370740578,-0.000443480558436008,0.000515614588107643,-65.7534960759838,-3000.6720889743,-0.000202576120723976,-0.000431150809938243,0.000476369715240147,-66.4411171235568,-2275.16647524183,6.16958371901043e-05
48460,-0.000263076574091191,-0.000443630316955614,0.000515768496476565,-65.7509037683597,-3000.66830358167,-0.000204051512468548,-0.000405977666280267,0.000454373068369016,-66.851748361317,-2276.68490657368,7.00119989890054e-05
48480,-0.000263000387609396,-0.00044351494326884,0.00051563039940005,-65.7532297277493,-3000.66756105859,-0.000204202089061881,-0.00038078237377915,0.000432080674594596,-67.2887031535077,-2278.20331564344,8.59803186017682e-05
48500,-0.000263103570784983,-0.000443595913002317,0.000515752676185173,-65.751170196832,-3000.67283268725,-0.000203029395246003,-0.000355636466649243,0.000409509745604077,-67.7547151668766,-2279.72162508959,0.000106516528151398
48520,-0.000311351189136469,-0.000333858504013804,0.000456509653434655,-66.8110006872782,-3013.00212014352,-0.000200538827309724,-0.000330611244660184,0.000386677664669832,-68.2530182596397,-2281.23973912461,0.00011085993066447
48540,-0.000311454558627518,-0.000333822475789173,0.000456553816577932,-66.8101604473574,-3013.01469100192,-0.000196739612219247,-0.000305777566035219,0.000363601973188544,-68.7874753724463,-2282.75753730555,0.00011809333551289
48560,-0.000311351189136469,-0.000333858504013804,0.000456509653434655,-66.8110006872782,-3013.00212014352,-0.000191644775650282,-0.000281205641952729,0.000340300357184787,-69.3627519012281,-2284.27486564252,0.000130774421478164
48580,-0.000311419705404893,-0.000333805646752016,0.000456517735381663,-66.8108469155499,-3013.01293348839,-0.000185271098989086,-0.000256964833183107,0.000316790633721147,-69.9845533461556,-2285.79152361325,0.000147709111196913
48600,-0.000280713135858128,-0.000254865733887886,0.000379152221348517,-68.4237279051624,-3017.76298968688,-0.000177639065486541,-0.000233123449500027,0.000293090737304548,-70.6599581314761,-2287.30724470097,0.000105342256067399
48620,-0.000280759252928875,-0.000254745726038613,0.000379105714860803,-68.4247933743146,-3017.78110312102,-0.000168772795700087,-0.000209748552427299,0.000269218706285003,-71.3978953411081,-2288.8216663365,0.000120688492556921
48640,-0.000280743140579597,-0.000254877274047655,0.000379182193422185,-68.423041310649,-3017.76474628823,-0.000158699972453909,-0.000186905761859458,0.000245192669289145,-72.2098503678086,-2290.33428185171,0.000139694886646953
48660,-0.000250050606506368,-0.000175739590055539,0.000305630020330287,-70.2960797935854,-3024.89983429226,-0.000147451755535507,-0.000164659067187036,0.000221030831825354,-73.1109428378204,-2291.84436046854,0.000103195456332052
48680,-0.000250113630660118,-0.000175808572224096,0.000305721249358727,-70.2934874859613,-3024.89604889963,-0.000135062686379537,-0.000143070643379836,0.000196751463143676,-74.1216405864568,-2293.35080743753,0.000119618108014068
48700,-0.000250019236946663,-0.000175758515860404,0.000305615239706471,-70.2964998634842,-3024.89354972243,-0.000121570583073464,-0.000122200672647382,0.000172372883784819,-75.2706210519961,-2294.85190463578,0.000139167162978439
48720,-0.000171074475241125,-0.000206459773910516,0.000268127048844773,-71.433187437502,-3009.64545930214,-0.00010701642594462,-0.000102107172090297,0.000147913454473344,-76.5998464000124,-2296.34479262857,0.000122445494757147
48740,-0.0002193613406296,-9.67546614123219e-05,0.000239751667914591,-72.4047672565697,-3036.19895430705,-9.14442341398415e-05,-8.28458279479834e-05,0.000123391568455097,-78.1742903066276,-2297.82433366708,0.000128671060386751
48760,-0.000140388868252393,-0.000127393625891123,0.000189573653883854,-74.4444403829868,-3017.77833269264,-7.49009334880414e-05,-6.44698368011325e-05,9.88256530185592e-05,-80.1026061450285,-2299.2802776529,9.08189012989122e-05
48780,-0.000140347337022463,-0.000127412098587213,0.000189555316136727,-74.4452806229076,-3017.76576183425,-5.74362161550189e-05,-4.70297542695499e-05,7.42342017729045e-05,-82.587919139979,-2300.68879758507,0.00011547976117701
48800,-0.000109702348482524,-4.83477925186965e-05,0.000119883753294648,-78.4247933743146,-3036.21605194395,-3.91023923746175e-05,-3.05733515890368e-05,4.96359437988783e-05,-86.0840743169312,-2301.97888373146,7.28030531832304e-05
48820,-0.000109700514146227,-4.8388406580553e-05,0.000119898459937363,-78.4237279051624,-3036.19793850981,-1.99542348166997e-05,-1.51454804870377e-05,2.50510891240926e-05,-92.0234677589676,-2302.80110784671,9.57052077410235e-05
48840,-0.000109702348482524,-4.83477925186965e-05,0.000119883753294648,-78.4247933743146,-3036.21605194395,-4.88160021812952e-08,-7.87946742176224e-07,7.89457453302639e-07,-122.053425414287,-2253.54513893152,0.000119523370583765
48860,-0.000109711130062595,-4.83787121819725e-05,0.000119904261191993,-78.4233076509029,-3036.20422419041,2.05546607726837e-05,1.24606072342196e-05,2.40366555936051e-05,-92.3825191845371,-2128.7749984027,0.000143772734024801
48880,-7.90246140907196e-05,3.06671261083098e-05,8.47665161247655e-05,-81.4355133166538,-3081.20976676628,4.17950364409155e-05,2.45648104286098e-05,4.84794284464141e-05,-86.2888501794887,-2129.55534331291,0.000120973659162816
48900,-0,0,0,-240,-3240,6.36093766457192e-05,3.5492661623667e-05,7.28414842407065e-05,-82.7524242693542,-2130.83942418342,7.28414842407065e-05
48920,-0,0,0,-240,-3240,8.59331571136429e-05,4.52156178262173e-05,9.71028299635215e-05,-80.2553622567046,-2132.24791294436,9.71028299635215e-05
48940,-0,0,0,-240,-3240,0.000108700453409093,5.37086725406211e-05,0.000121245247648797,-78.3267055015823,-2133.706116456,0.000121245247648797
48960,-0,0,0,-240,-3240,0.000131844134476528,6.09504236245273e-05,0.000145250920602502,-76.7576221272801,-2135.18930021055,0.000145250920602502
48980,7.90352240069277e-05,-3.06768221227326e-05,8.47799153654627e-05,-81.434140426347,-3261.21328151557,0.000155296059459978,6.6923130590572e-05,0.000169102251587138,-75.4370121951345,-2136.68690473969,0.000123860670891274
49000,0.000109690821930921,4.83777917478353e-05,0.000119885308317066,-78.4246807096279,-3216.20071065717,0.00017898727713954,7.16127611634696e-05,0.00019278182730559,-74.2986781506635,-2138.1936647536,7.30880462745146e-05
49020,0.000109702348482524,4.83477925186965e-05,0.000119883753294648,-78.4247933743146,-3216.21605194395,0.000202848227491781,7.50090269887076e-05,0.000216272415084195,-73.2999774004638,-2139.70666166716,9.6886408746904e-05
49040,0.000109700514146227,4.8388406580553e-05,0.000119898459937363,-78.4237279051624,-3216.19793850981,0.000226808944711229,7.71054084104335e-05,0.00023955696902232,-72.4118238086683,-2141.2241480591,0.000120577985982082
49060,0.000188731811126212,1.76859716389311e-05,0.000189558671982564,-74.4451268511793,-3234.64647282496,0.000250799261120128,7.78991682588107e-05,0.000262618639463799,-71.6134890585337,-2142.7450144759,8.64754149798169e-05
49080,0.000188756051184879,1.77125032416613e-05,0.000189585283263218,-74.4439075641826,-3234.63917301333,0.000274749011435548,7.73913545968248e-05,0.000285440783790863,-70.8896794954923,-2144.26852327836,0.000104672606310079
49100,0.000188716354289749,1.76903618741e-05,0.000189543692270808,-74.4458132732936,-3234.6447155892,0.000298588236663297,7.55867924792631e-05,0.000308006977633624,-70.2287888963902,-2145.79416550715,0.000124192701931817
49120,0.00018876712457582,1.76926493346953e-05,0.000189594454457676,-74.4434873941418,-3234.64545930214,0.000322247387190739,7.24940647322809e-05,0.00033030102629672,-69.6218015377182,-2147.32157918567,0.000144291980502474
49140,0.000267750203352834,-1.29560027010859e-05,0.000268063480171161,-71.4352469684192,-3242.77029002764,0.00034565752433348,6.81254818266933e-05,0.000352306976091121,-69.0615751438754,-2148.85050034494,0.000112444465384517
49160,0.000267812504273088,-1.29837158465907e-05,0.000268127048844773,-71.433187437502,-3242.7755616563,0.000368750519879013,6.24970409602799e-05,0.00037400912561037,-68.542356022628,-2150.38073244077,0.000126038992548338
49180,0.000267759435609677,-1.29352384352501e-05,0.000268071698900479,-71.4349806662678,-3242.76576183425,0.000391459252950456,5.56283744773451e-05,0.000395392036803374,-68.0594416325248,-2151.91212657888,0.000141430597205026
49200,0.000267782494143516,-1.299524236127e-05,0.000268097632391169,-71.434140426347,-3242.77833269264,0.000413717803708741,4.75426877888396e-05,0.000416440545897937,-67.6089398578465,-2153.44456834315,0.000157993530135755
49220,0.000346807817551419,-4.35656793832336e-05,0.000349533447233453,-69.1302251964261,-3247.15993871821,0.000435461643248769,3.82666869839583e-05,0.000437139774069629,-67.1875935305547,-2154.97796879074,0.000120648402376618
49240,0.000346777559984355,-4.36840414270446e-05,0.000349518199217297,-69.1306041171717,-3247.17980847602,0.000456627819218673,2.7830496384108e-05,0.000457475137918321,-66.7926500650994,-2156.51225815285,0.000131077872168379
49260,0.000346833895236397,-4.3579754767958e-05,0.0003495610760804,-69.1295386480195,-3247.16169504188,0.000477155136577309,1.62675662465594e-05,0.000477432359684276,-66.421762969424,-2158.04738134323,0.000143406163665481
49280,0.000425790196561908,-7.43110164508294e-05,0.000432226119819457,-67.2857798369456,-3249.89983429226,0.000496984332982113,3.61457095702212e-06,0.000496997477209774,-66.0729163153396,-2159.58329469294,0.000105550946151503
49300,0.00042589081455173,-7.42861235792725e-05,0.000432320961874359,-67.2838741278346,-3249.89429171638,0.000516058248344687,-1.00887020354602e-05,0.000516156853672744,-65.7443660320692,-2161.11996354443,0.000110686381500531
49320,0.000425790196561908,-7.43110164508294e-05,0.000432226119819457,-67.2857798369456,-3249.89983429226,0.000534321987978091,-2.4799472161969e-05,0.000534897186996128,-65.4345937207413,-2162.65736044951,0.000119291838639002
49340,0.000425903263667622,-7.43364462091626e-05,0.00043234187541544,-67.2834539577938,-3249.9005780052,0.000551723079010718,-4.04720942045904e-05,0.00055320551906355,-65.1422699159079,-2164.19546380347,0.0001302974300194
49360,0.000504838585560059,-0.000104941466137913,0.00051563039940005,-65.7532297277493,-3251.74291664254,0.000568211619438233,-5.70581949355426e-05,0.000571069244552639,-64.8662245705006,-2165.73425680119,7.94288932565725e-05
49380,0.000504948643364889,-0.000105012811390449,0.000515752676185173,-65.751170196832,-3251.74818827119,0.00058374041958731,-7.45068174818771e-05,0.000588476119576017,-64.6054231235915,-2167.27372662802,8.44911809873303e-05
49400,0.000504862356127811,-0.000104904783709878,0.000515646208441544,-65.7529634255978,-3251.73838844915,0.000598265135423307,-9.27645729819141e-05,0.000605414269953711,-64.3589469338884,-2168.81386382775,9.41884488493285e-05
49420,0.000504888166164299,-0.000105025708729468,0.000515696092506891,-65.752123185677,-3251.75095930754,0.000611744393444881,-0.000111775799133526,0.000621872199236454,-64.1259771572839,-2170.354661809,0.000107069216066535
49440,0.00055331122254373,-0.000214592376479859,0.000593467098528731,-64.5320670615171,-3261.19793850981,0.000624139906742655,-0.00013148272509542,0.00063783879639549,-63.905781368589,-2171.89611645269,0.000109196687946997
49460,0.000553175493504271,-0.000214740945873396,0.000593394304361185,-64.5331325306693,-3261.21605194395,0.000635416581915282,-0.000151825642293204,0.000653303343195674,-63.6977023871691,-2173.43822580185,0.000103546762612915
49480,0.00055331122254373,-0.000214592376479859,0.000593467098528731,-64.5320670615171,-3261.19793850981,0.000645542616584026,-0.00017274308062547,0.000668255521286677,-63.5011488862379,-2174.98098981505,0.000101281753589305
49500,0.000553175493504271,-0.000214740945873396,0.000593394304361185,-64.5331325306693,-3261.21605194395,0.000654489587156058,-0.000194171989525825,0.000682685418924503,-63.3155874577827,-2176.52441017033,0.00010338098247604
49520,0.000553314447855986,-0.000214663462582179,0.000593495813274151,-64.5316468072576,-3261.20422419041,0.000662232526689008,-0.000216047923379183,0.000696583537417706,-63.1405358715474,-2178.06849011017,0.000108926877437916
49540,0.000632196912725757,-0.000245337008866478,0.000678132128998124,-63.3737135768149,-3261.20976676628,0.000668749992567614,-0.000238305230711188,0.00070994079721023,-62.9755573218702,-2179.61323431865,3.72232931099663e-05
49560,0.000601686672396852,-0.000324456301147555,0.000683592527090773,-63.3040538710734,-3268.33552682812,0.000674024123850207,-0.000260877246627945,0.000722748543644481,-62.8202554954028,-2181.15864882678,9.63068172891933e-05
49580,0.000601573864740323,-0.000324324029900615,0.000683430458137171,-63.3061134019907,-3268.33025519946,0.000678040688112766,-0.000283696487915276,0.000734998552374014,-62.6742703257065,-2182.70474093984,8.65896774704863e-05
49600,0.00060164256644593,-0.000324493903919166,0.000683571555464639,-63.3043203456429,-3268.34005565583,0.000680789117704928,-0.000306694850261968,0.000746683034468217,-62.5372743249962,-2184.2515191848,8.11232573759522e-05
49620,0.000601617939623481,-0.000324286427571719,0.000683451411867757,-63.3058470998392,-3268.32572700607,0.000682262535277835,-0.00032980380696271,0.000757794641133622,-62.4089694046654,-2185.79899327163,8.08331137814099e-05
49640,0.000570928147809957,-0.000403485024995716,0.000699113091965457,-63.1090512992846,-3275.24952498349,0.000682457768564734,-0.000352954608624771,0.000768326468126552,-62.2890841103287,-2187.34717407262,0.000122442555038375
49660,0.000571043575341446,-0.000403337350989476,0.000699122152160801,-63.1089387347398,-3275.23418197773,0.000681375354366385,-0.00037607848319229,0.000778272059795371,-62.177371211518,-2188.89607361134,0.000113649229369989
49680,0.000570846008041054,-0.00040346836485653,0.000699036398434595,-63.1100042038921,-3275.25229541187,0.00067901953174845,-0.000399106835744843,0.000787625412765577,-62.0736055955791,-2190.44570506275,0.000108261415875956
49700,0.000650088035704836,-0.000433993404772313,0.000781642328403751,-62.1398386046593,-3273.72674621896,0.000675398224504275,-0.000421971447555418,0.000796380979315517,-61.9775824233436,-2191.99608276709,2.80202268439795e-05
49720,0.000619220148491547,-0.000513077977246947,0.000804165780814946,-61.8930882222605,-3279.6447155892,0.000670523012906538,-0.000444604673689032,0.000804533670335426,-61.8891155127189,-2193.5472222494,8.556037165252e-05
49740,0.00061940566327962,-0.000513130643829653,0.000804342236451562,-61.8911825131495,-3279.63917301333,0.000664409094917827,-0.000466939638723214,0.0008120788580061,-61.8080359192647,-2195.09914025116,6.44896721340538e-05
49760,0.000619220148491547,-0.000513077977246947,0.000804165780814946,-61.8930882222605,-3279.6447155892,0.000657075236888696,-0.000488910429894351,0.000819012378045543,-61.7341906906463,-2196.65185476969,4.49118922179405e-05
49780,0.000588702956550261,-0.000592268805420642,0.000835076947906846,-61.5654700948395,-3285.1729994538,0.000648543714003642,-0.000510452287216362,0.000825330531664771,-61.6674417725188,-2198.20538510767,0.000101364978684286
49800,0.000588617862039238,-0.000592074233253449,0.000834878964398015,-61.5675296257568,-3285.16772782514,0.000638840240585102,-0.000531501789935293,0.00083103008711794,-61.6076650494018,-2199.75975193053,7.86848663742609e-05
49820,0.000588702956550261,-0.000592268805420642,0.000835076947906846,-61.5654700948395,-3285.1729994538,0.000627993890534054,-0.0005519970388635,0.000836108280943425,-61.5547495045442,-2201.3149773343,5.62635999110598e-05
49840,0.000588682701188231,-0.000592045863181396,0.00083490456148501,-61.5672633236053,-3285.16319963175,0.000616037008086757,-0.000571877833992576,0.000840562818797336,-61.5085964871416,-2202.87108492266,3.39854013844156e-05
49860,0.000557932905448687,-0.000671267519139232,0.000872862651986985,-61.1810817736993,-3290.26788561464,0.00060300510923261,-0.000591085846948681,0.000844391875981568,-61.4691190751074,-2204.42809989478,9.19815422202332e-05
49880,0.000558119874356325,-0.000671126785862483,0.000872873963899501,-61.1809692091545,-3290.25254260888,0.000588936774031654,-0.000609564787736314,0.000847594097581401,-61.4362415252266,-2205.98604914385,6.88444690507943e-05
49900,0.000557839244595923,-0.000671220854340274,0.000872766897924433,-61.1820346783068,-3290.27065604302,0.000573873530199911,-0.000627260565313132,0.000850168598256286,-61.4098988026184,-2207.54496136673,4.67932188055082e-05
49920,0.000479093647384157,-0.000640536050026685,0.000799885713303871,-61.9394412008397,-3293.20507831924,0.000557859728293669,-0.000644121441585847,0.000852114961705589,-61.3900361829221,-2209.10486718846,7.88476412740191e-05
49940,0.000448194156075898,-0.000719484693410796,0.000847665161247655,-61.4355133166538,-3298.07966441212,0.000540942408861302,-0.000660098178288665,0.000853433239735061,-61.3766089227053,-2210.66579929871,0.000110131723736153
49960,0.000448362115336403,-0.000719599198256193,0.000847851161820215,-61.4336076075428,-3298.07412183625,0.00052317116201313,-0.000675144176441535,0.000854123951042873,-61.3695819925959,-2212.22779260397,8.70209309834277e-05
49980,0.000448194156075898,-0.000719484693410796,0.000847665161247655,-61.4355133166538,-3298.07966441212,0.000504597979714492,-0.000689215607888136,0.000854188079575312,-61.3689298712672,-2213.79088439818,6.40125679802942e-05
50000,0.000448304846490422,-0.000719683199633891,0.000847892176648703,-61.433187437502,-3298.08040812506,0.000485277101390314,-0.000702271538643557,0.000853627072627487,-61.3746363958919,-2215.35511455053,4.08670230237649e-05
50020,0.000417602937866669,-0.000798500794315064,0.000901108058024486,-60.904462533585,-3302.39116401627,0.000465264853174374,-0.000714274043599847,0.000852442838529275,-61.3866946688471,-2216.92052571438,9.67770825497555e-05
50040,0.000417552535839093,-0.000798737082579468,0.000901294095882813,-60.9026694772372,-3302.40096447264,0.000444619481351927,-0.00072518831238058,0.000850637744055041,-61.405107018117,-2218.48716356074,7.83711754228786e-05
50060,0.000338644542234847,-0.000767835753516445,0.000839197158219459,-61.5227199093428,-3306.20071065717,0.000423400980461318,-0.000734982745952574,0.000848214611465513,-61.4298850118674,-2220.05507703656,9.09009016832578e-05
50080,0.000338508813189366,-0.000767984322907622,0.000839278342886764,-61.521879669422,-3306.21328151557,0.00040167091655931,-0.000743629043772229,0.000845176715220667,-61.4610495270106,-2221.62431865307,6.76951322022375e-05
50100,0.000338718846063871,-0.000767903599023589,0.000839289219561542,-61.5217671048773,-3306.19793850981,0.000379492246195045,-0.000751102281249608,0.000841527778401002,-61.4986308722621,-2223.19494480737,4.40993700317715e-05
50120,0.000307757269648962,-0.000846941509878278,0.000901123997115092,-60.9043088961203,-3310.03012677824,0.000356929131584972,-0.000757380977253165,0.000837271968764608,-61.5426689680146,-2224.76701614144,0.000102171233771291
50140,0.000308061176383204,-0.000847024455918004,0.000901305784580235,-60.9025568324546,-3310.01376994544,0.000334046752581715,-0.000762447151554025,0.000832413894539991,-61.5932135843047,-2226.34059794352,8.84792098961429e-05
50160,0.000228810675677839,-0.000816199669375615,0.000847665161247655,-61.4355133166538,-3314.33986912043,0.000310911115937169,-0.000766286371976925,0.000826958599865104,-61.6503246408763,-2227.91576059807,9.60823581516704e-05
50180,0.000228939855211213,-0.000816356622620138,0.000847851161820215,-61.4336076075428,-3314.33432654456,0.000287588862460859,-0.000768887791222069,0.000820911559975789,-61.7140725721885,-2229.49258009104,7.54519450091735e-05
50200,0.000228810675677839,-0.000816199669375615,0.000847665161247655,-61.4355133166538,-3314.33986912043,0.000264147072603719,-0.000770244173155154,0.000814278676034551,-61.7845387633545,-2231.07113857734,5.79704112506728e-05
50220,0.000228861356733316,-0.000816421228665853,0.000847892176648703,-61.433187437502,-3314.34061283338,0.000240653071057018,-0.000770351908647785,0.000807066269748935,-61.8618160613298,-2232.65152502221,4.75544611326736e-05
50240,0.000149852734513835,-0.000785544791613978,0.000799710236068742,-61.9413469019701,-3319.19985564248,0.000217174230932856,-0.000769211020783095,0.000799281077641307,-61.9460093698591,-2234.2338359235,6.92746414617365e-05
50260,0.000149749274741136,-0.000785732597052767,0.000799875339885398,-61.9395538456223,-3319.20965609885,0.000193777778078072,-0.000766825159570406,0.000790930245108286,-62.0372363351133,-2235.81817613225,4.79165973149178e-05
50280,0.000119262898373006,-0.000864591337012115,0.000872778218658513,-61.1819220136201,-3322.14610655809,0.000170530596113106,-0.000763201586087405,0.000782021320180608,-62.135628132906,-2237.40465978252,0.000113614516784367
50300,0.000119012729503514,-0.00086468400711627,0.000872835873430123,-61.1813482522306,-3322.16320566234,0.000147499032750347,-0.000758351146166161,0.000772562247041504,-62.2413303686118,-2238.9934113503,0.000110082454507999
50320,4.02733574080271e-05,-0.000834024358401858,0.000834996151921999,-61.5663105191398,-3327.23544953523,0.000124748707944115,-0.000752288233729065,0.000762561359328496,-62.3545041033445,-2240.58456686353,0.000117545220765122
50340,4.00719129860544e-05,-0.000833957163283121,0.000834919342452666,-61.567109551877,-3327.24903502746,0.000102344324454205,-0.000745030743836518,0.000752027373178386,-62.4753270231681,-2242.17827528543,0.000108562246226079
50360,4.02509690695781e-05,-0.000834091522652033,0.000835062158567269,-61.5656239246264,-3327.23720613657,8.03494813309729e-05,-0.000736600015675775,0.000740969380098603,-62.6039947696705,-2243.7747001056,0.000105415770253216
50380,4.00943213880901e-05,-0.000833890031249715,0.000834853363666472,-61.5677959739913,-3327.2472777917,5.88264909008307e-05,-0.000727020765599055,0.000729396839617462,-62.740722455204,-2245.3740211712,0.000108498544300675
50400,-3.88888302932211e-05,-0.000803465234194554,0.000804405820267907,-61.8904959146364,-3332.77103255073,3.78361997419999e-05,-0.000716321010466376,0.000717319571771526,-62.8857463891071,-2246.97643680555,0.00011610704527759
50420,-3.88680081032575e-05,-0.000803250610058501,0.000804190440513483,-61.892821874026,-3332.77029002764,1.743781419087e-05,-0.000704531981503618,0.000704747749428949,-63.0393260469675,-2248.58216626543,0.000113647319581128
50440,-3.8951147539772e-05,-0.000803437512819263,0.00080438114653432,-61.8907623431087,-3332.7755616563,-2.31126912992631e-06,-0.000691688028984677,0.000691691890516072,-63.2017463203072,-2250.19145260298,0.000117602839367018
50460,-0.000117897468838999,-0.000772588788912892,0.000781532628821428,-62.1410577112763,-3338.67643114141,-2.13556272874479e-05,-0.000677826517949319,0.000678162850097334,-63.3733200929763,-2251.80456601261,0.000135278287867413
50480,-0.000118053986356821,-0.000772728111526065,0.000781693979788367,-62.1392646549285,-3338.68623159778,-3.96419690251578e-05,-0.000662987715368261,0.00066417181243818,-63.5543911975266,-2253.42180775959,0.000134875494478771
50500,-8.71835070535855e-05,-0.000693587484898109,0.000699045465695506,-63.1098915392054,-3337.16446718924,-5.7119286341062e-05,-0.000647214669011846,0.000649730283006899,-63.7453378182621,-2255.04351481423,5.52656803113159e-05
50520,-8.73441289680053e-05,-0.000693635436300887,0.000699113091965457,-63.1090512992846,-3337.17703804764,-7.37389991961926e-05,-0.000630553078431568,0.000634850080508763,-63.9465764199848,-2256.67006534136,6.45328089459985e-05
50540,-0.000166203969899306,-0.000663011736689957,0.000683526387639075,-63.3048942953736,-3344.0729221609,-8.94550929735974e-05,-0.000613051158456238,0.000619543329028285,-64.1585662990803,-2258.30188523751,9.15775599522347e-05
50560,-0.000166393153354699,-0.000662877841986795,0.000683442546876028,-63.3059597645259,-3344.09103559505,-0.000104224248265064,-0.000594759495539023,0.000603822450278433,-64.3818148765803,-2259.93945595376,9.22230008339719e-05
50580,-0.00016623743682174,-0.00066305905165108,0.000683580420563295,-63.3042077008603,-3344.07467876225,-0.00011800596265976,-0.000575730897500384,0.000587700156167969,-64.6168838776338,-2261.58332391185,9.97621251137199e-05
50600,-0.000166312394775759,-0.000662864038834066,0.000683409501423165,-63.3063797502252,-3344.08475041737,-0.000130762664154366,-0.00055602023695454,0.000571189441638876,-64.8643965806725,-2263.23411190324,0.000112602759057338
50620,-0.000166318230943443,-0.000663072890113258,0.000683613495732278,-63.3037874426011,-3344.08096502475,-0.000142459815897291,-0.000535684289063387,0.000554303578100336,-65.1250463594437,-2264.89253297563,0.000129603547968247
50640,-0.000214632748019264,-0.000553206225150191,0.000593383808396576,-64.5332861681341,-3351.20523885056,-0.000153066011956461,-0.000514781563933459,0.000537056107480432,-65.3996068038393,-2266.55940746487,7.2573532221103e-05
50660,-0.000214734556269002,-0.00055331765788087,0.000593524523654092,-64.5312266372168,-3351.21051047922,-0.000162553063858765,-0.000493372134285273,0.000519460837271759,-65.6889437762992,-2268.23568403305,7.94756185840028e-05
50680,-0.000214632748019264,-0.000553206225150191,0.000593383808396576,-64.5332861681341,-3351.20523885056,-0.000170896077658839,-0.00047151745879045,0.000501531836779461,-65.9940298630892,-2269.92246585866,9.26604062347713e-05
50700,-0.000214771702374643,-0.000553283708437019,0.000593506315183522,-64.5314931117863,-3351.21503930693,-0.000178073521322773,-0.000449280201687969,0.000483283435082431,-66.3159618077783,-2271.62104350768,0.000110288194783555
50720,-0.000293629912480177,-0.000522583632784103,0.000599426541585328,-64.4452806229076,-3359.33081301133,-0.000184067282254687,-0.000426724049149572,0.000464730221224349,-66.6559816920534,-2273.33293656281,0.000145578259766056
50740,-0.000263096156743323,-0.000443534521918834,0.000515696092506891,-65.752123185677,-3360.67560372359,-0.000188862714804414,-0.000403913522941436,0.000445887047421492,-67.0155028658617,-2275.05994685434,8.4145275934329e-05
50760,-0.000262980783060412,-0.000443610708397503,0.000515702775699338,-65.7520106211323,-3360.66026071783,-0.000192448677650162,-0.000380913791977762,0.000426769036421545,-67.3961419536053,-2276.8042272409,9.43699169340878e-05
50780,-0.000263061760196291,-0.000443507539099957,0.000515655337329181,-65.7528096538695,-3360.67384621006,-0.000194817560931207,-0.00035779048222496,0.00040739159443704,-67.7997587176778,-2278.56837150205,0.000109565891465566
50800,-0.000263015173134414,-0.000443637712493791,0.000515743542126946,-65.7513240266189,-3360.66201731918,-0.000195965303119109,-0.000334609485618864,0.000387770431947416,-68.2285061914612,-2280.35553329432,0.000127995466031261
50820,-0.000232360244632269,-0.000364455944345288,0.000432226119819457,-67.2857798369456,-3362.5196992403,-0.000195891397516352,-0.000311436768433731,0.000367921595388685,-68.6848944046773,-2282.16958572782,6.43506785069491e-05
50840,-0.000232405516588718,-0.000364580087879266,0.000432355137148759,-67.2831875293215,-3362.51591384767,-0.000194598888482542,-0.000288338179782937,0.00034786151457035,-69.1718723295764,-2284.01533868447,8.51009381788931e-05
50860,-0.000232338566463787,-0.000364485482533099,0.000432239374009163,-67.285513488711,-3362.51517132458,-0.000192094357296147,-0.000265379260700646,0.000327607072748806,-69.6929346154839,-2285.89883972932,0.00010696559997229
50880,-0.000232427205603697,-0.00036455053330505,0.00043234187541544,-67.2834539577938,-3362.52044295324,-0.000188387897826654,-0.000242625054434774,0.000307175710444402,-70.2522625720957,-2287.82779857554,0.000129635192086205
50900,-0.000201660367205549,-0.000285480712265969,0.000349522732847753,-69.130491452485,-3365.2369541251,-0.000183493082009396,-0.000220139918450735,0.000286585580308575,-70.8549133024973,-2289.81219836892,6.78193894679344e-05
50920,-0.000201767216847941,-0.000285480447339062,0.000349584175281827,-69.1289646982887,-3365.25128277486,-0.000177426915282188,-0.00019798733871034,0.000265855781498458,-71.5070778150965,-2291.86519683808,9.08157163591695e-05
50940,-0.000201660367205549,-0.000285480712265969,0.000349522732847753,-69.130491452485,-3365.2369541251,-0.000170209782140891,-0.000176229746771432,0.000245006721506926,-72.2164400210092,-2294.00449045862,0.000113687786337838
50960,-0.000171065690375125,-0.000206428849898051,0.000268097632391169,-71.434140426347,-3369.64823033849,-0.000161865381936692,-0.000154928340204426,0.00022406068925184,-72.9926866478415,-2296.25444311294,5.23158501227443e-05
50980,-0.000171012621711901,-0.000206477327307333,0.000268101106817479,-71.4340278618022,-3369.63288733273,-0.000152420655185361,-0.000134142906879145,0.00020304279251705,-73.8482484441516,-2298.64952598195,7.46855380780362e-05
51000,-0.000171045839487281,-0.000206417782765144,0.000268076444783175,-71.4348268945395,-3369.64647282496,-0.000141905700546873,-0.000113931653596172,0.000181982552841905,-74.7994049400455,-2301.24010767078,9.69681998705043e-05
51020,-0.000171043547943218,-0.00020646855442654,0.000268114078817187,-71.4336076075428,-3369.63917301333,-0.000130353682785566,-9.43510395653691e-05,0.00016091675264815,-75.8679748042948,-2304.10267945313,0.00011927280605902
51040,-0.000171025992415649,-0.000206406716163849,0.000268055260271649,-71.4355133166538,-3369.6447155892,-0.0001178007319431,-7.54556152025817e-05,0.000139894825894063,-77.0839669577992,-2307.35897360684,0.000141354586750267
51060,-0.000140392344081296,-0.000127429400650222,0.000189600270112455,-74.4432209656695,-3377.77103255073,-0.000104285834099176,-5.72978667342759e-05,0.000118989834549257,-78.4898027868955,-2311.2142434852,7.88803658237742e-05
51080,-0.000140338106131761,-0.000127391335679223,0.000189534525717047,-74.4462333431924,-3377.76853337352,-8.98507139631265e-05,-3.99280669879283e-05,9.83229440826304e-05,-80.1469025170582,-2316.04048435841,0.000100989109007631
51100,-0.000140398110059839,-0.000127414394213248,0.000189594454457676,-74.4434873941418,-3377.7755616563,-7.45397097247559e-05,-2.33941328680639e-05,7.81246041813941e-05,-82.144243399939,-2322.57564326013,0.000123115976481595
51120,-0.000109690821930921,-4.83777917478353e-05,0.000119885308317066,-78.4246807096279,-3396.20071065717,-5.8399640495941e-05,-7.74148985796291e-06,5.89105141318262e-05,-84.5961437402756,-2332.44886350587,6.54377133179396e-05
51140,-0.000109722201544523,-4.83588580089109e-05,0.000119906382898088,-78.4231539554316,-3396.21503930693,-4.14796667446002e-05,6.9870560303277e-06,4.20640191281578e-05,-87.521784674939,-2349.56144893335,8.78647469509671e-05
51160,-0.000109690821930921,-4.83777917478353e-05,0.000119885308317066,-78.4246807096279,-3396.20071065717,-2.38311441724337e-05,2.07514385164304e-05,3.1599772674317e-05,-90.0063208328502,-2381.04836115779,0.000110230371230986
51180,-0.00010971204612966,-4.83584018841951e-05,0.000119896906126681,-78.4238404697071,-3396.21328151557,-5.50747140249839e-06,3.35144431797333e-05,3.39639535816563e-05,-89.3796352267724,-2420.6679181701,0.000132520776306701
51200,-3.0656053782837e-05,-7.904446036339e-05,8.4781014075533e-05,-81.4340278618022,-3351.19793850981,1.34360679798986e-05,4.52418111277995e-05,4.71948026469434e-05,-86.5221165129263,-2446.54054676223,0.000131875670548898
51220,-0,0,0,-240,-3240,3.29424686802583e-05,5.59023339692938e-05,6.48866487496793e-05,-83.7568931120186,-2460.51025404899,6.48866487496793e-05
51240,-0,0,0,-240,-3240,5.29531716369841e-05,6.54679397435446e-05,8.4202669320398e-05,-81.4934828130607,-2468.96736152137,8.4202669320398e-05
51260,-0,0,0,-240,-3240,7.34082362707238e-05,7.39137696637738e-05,0.000104173002732415,-79.6448963469277,-2474.80339110947,0.000104173002732415
51280,-0,0,0,-240,-3240,9.42465164292864e-05,8.12182453827029e-05,0.000124413862740856,-78.1026245188799,-2479.2464235298,0.000124413862740856
51300,7.90241554980415e-05,-3.065697531686e-05,8.47624167172999e-05,-81.4359333865526,-3261.20348219645,0.000115405839607969,8.73631266682135e-05,0.000144743993716031,-76.7879889734412,-2482.87399256611,0.00012350049154251
51320,0.000109721744878553,4.83690145159812e-05,0.000119910061564664,-78.4228874808622,-3216.21051047922,0.000136823188861406,9.2333559295037e-05,0.000165063839717529,-75.6469611308876,-2485.98700630882,5.16465823030459e-05
51340,0.000109690821930921,4.83777917478353e-05,0.000119885308317066,-78.4246807096279,-3216.20071065717,0.000158434886875299,9.61181130297755e-05,0.000185311373184685,-74.6419585148874,-2488.75595699004,6.82284555255698e-05
51360,0.000109722201544523,4.83588580089109e-05,0.000119906382898088,-78.4231539554316,-3216.21503930693,0.000180176781713424,9.87088096482269e-05,0.000205443670554185,-73.7461446846092,-2491.28412306227,8.65965674657922e-05
51380,0.000109690821930921,4.83777917478353e-05,0.000119885308317066,-78.4246807096279,-3216.20071065717,0.000201984433603016,0.000100101140871214,0.000225428369602519,-72.9398285992919,-2493.6375186108,0.000105798939503279
51400,0.000188742876350733,1.76661204855147e-05,0.000189567837952953,-74.4447068615181,-3234.65275858434,0.000223793302339315,0.000100294076224592,0.00024523936041688,-72.2081965036266,-2495.86022685225,8.97547292993526e-05
51420,0.000188744974509617,1.7732352797716e-05,0.000189576110674258,-74.444327818442,-3234.63288733273,0.000245538934627225,9.92900607867385e-05,0.000264854459258112,-71.5398542121748,-2497.98277209061,9.93841719705057e-05
51440,0.000188731811126212,1.76859716389311e-05,0.000189558671982564,-74.4451268511793,-3234.64647282496,0.000267157150961068,9.70950028669148e-05,0.000284254081573794,-70.9258658121537,-2500.02694311376,0.000111607921621986
51460,0.000188756051184879,1.77125032416613e-05,0.000189585283263218,-74.4439075641826,-3234.63917301333,0.000288584231358322,9.37182516512552e-05,0.000303420449675432,-70.3591030469972,-2502.00870102023,0.000125469276510403
51480,0.000267740968380469,-1.29767642342098e-05,0.000268055260271649,-71.4355133166538,-3242.77481794335,0.000309757099530406,8.91725648958276e-05,0.000322337101556104,-69.8337940713398,-2503.94000132583,0.000110452889136163
51500,0.000267821744731518,-1.29629434310737e-05,0.000268135273422636,-71.4329210090297,-3242.77103255073,0.000330613504868421,8.34740667974299e-05,0.000340988576684152,-69.3452033976361,-2505.8299743805,0.000115077808820393
51520,0.000298386417127845,6.6077385045503e-05,0.000305615239706471,-70.2964998634842,-3227.51341467047,0.000351092201782844,7.6642196147062e-05,0.000359360209793697,-68.889400237568,-2507.68571254337,5.37542088557801e-05
51540,0.000267812504273088,-1.29837158465907e-05,0.000268127048844773,-71.433187437502,-3242.7755616563,0.000371133125857246,6.86996449649066e-05,0.000377437992691348,-68.4630877227574,-2509.51280860751,0.00013170923383726
51560,0.000346793742449055,-4.35917535267928e-05,0.000349522732847753,-69.130491452485,-3247.16446718924,0.000390677566279861,5.96722877757707e-05,0.00039520848007444,-68.0634749046627,-2511.31573243553,0.000112201836973156
51580,0.000377494540273176,3.53631595229251e-05,0.000379147307767707,-68.4238404697071,-3234.64823033849,0.000409668334136954,4.95891017774088e-05,0.000412658724625613,-67.6881793679712,-2513.09809972872,3.51785509169547e-05
51600,0.000346793742449055,-4.35917535267928e-05,0.000349522732847753,-69.130491452485,-3247.16446718924,0.000428049925976818,3.8482078125933e-05,0.000429776231852868,-67.3351521240563,-2514.86286727908,0.000115493208474168
51620,0.000346817718150444,-4.36720644840026e-05,0.000349556545982728,-69.1296512125642,-3247.17703804764,0.000445768682286377,2.63861246112869e-05,0.000446548928650976,-67.0026189648961,-2516.61247711575,0.000121241260149926
51640,0.000425878355599787,-7.4235808550795e-05,0.000432300045153328,-67.284294382094,-3249.88800603579,0.000462772940356093,1.33389600343513e-05,0.000462965141431428,-66.6890341517316,-2518.34896448022,9.5029208547068e-05
51660,0.000425821567461026,-7.4329949070079e-05,0.000432260278817897,-67.2850934148313,-3249.90159152802,0.000479013181143576,-6.18999420896763e-07,0.000479013581090945,-66.3930434640995,-2520.07403978845,9.08991301627134e-05
51680,0.00042589081455173,-7.42861235792725e-05,0.000432320961874359,-67.2838741278346,-3249.89429171638,0.00049444216965585,-1.5444761450529e-05,0.000494683332840564,-66.1134544378473,-2521.78915160154,9.03415418496776e-05
51700,0.000504814810652627,-0.000104978142559139,0.000515614588107643,-65.7534960759838,-3251.74744455825,0.000509015088546925,-3.1092886186647e-05,0.000509963849640197,-65.8492121822858,-2523.49553554796,7.40045501548264e-05
51720,0.000504972431960562,-0.000104976115938495,0.000515768496476565,-65.7509037683597,-3251.74365916562,0.000522689664460891,-4.75156216531607e-05,0.00052484494818501,-65.5993795735317,-2525.19425272136,6.01299320720197e-05
51740,0.000504838585560059,-0.000104941466137913,0.00051563039940005,-65.7532297277493,-3251.74291664254,0.000535426286833572,-6.46630457138721e-05,0.000539316806815234,-65.3631209102619,-2526.88622010428,5.05762653925091e-05
51760,0.000504948643364889,-0.000105012811390449,0.000515752676185173,-65.751170196832,-3251.74818827119,0.000547188118786349,-8.24832141090575e-05,0.000553369964807184,-65.1396883340601,-2528.572234888,4.78722888270631e-05
51780,0.000504862356127811,-0.000104904783709878,0.000515646208441544,-65.7529634255978,-3251.73838844915,0.00055794119979886,-0.000100922314106212,0.000566995322659319,-64.9284104747566,-2530.25299407003,5.32280349966056e-05
51800,0.000553246568048494,-0.000214737754859128,0.000593459407558239,-64.5321796260618,-3261.21328151557,0.000567654539909965,-0.000119924823361893,0.000580184143129382,-64.728682899344,-2531.92911037163,9.59014162161352e-05
51820,0.000553240147875646,-0.000214595605640799,0.000593402001329459,-64.5330198659826,-3261.20071065717,0.000576300205126274,-0.000139433673467324,0.000592928052739266,-64.5399600347045,-2533.60112525585,7.86198593769554e-05
51840,0.000553246568048494,-0.000214737754859128,0.000593459407558239,-64.5321796260618,-3261.21328151557,0.000583853393896543,-0.000159390417755171,0.000605219043683095,-64.3617483004733,-2535.26951965,6.32463873513089e-05
51860,0.00055331122254373,-0.000214592376479859,0.000593467098528731,-64.5320670615171,-3261.19793850981,0.000590292504334873,-0.000179735402821916,0.000617049475894351,-64.1936002445719,-2536.93472283222,5.08195219921094e-05
51880,0.000553172298635037,-0.000214669882758169,0.000593365612873359,-64.5335525163686,-3261.20976676628,0.000595599192118389,-0.00020040794330375,0.000628412079285016,-64.0351095115844,-2538.597119843,4.47598503979766e-05
51900,0.000601693160037959,-0.000324374592644774,0.000683559459878896,-63.3044740411142,-3268.32924053931,0.000599758418800286,-0.000221346499361266,0.000639299955968485,-63.8859065095597,-2540.25705770277,0.000103046257716096
51920,0.000601529786617447,-0.000324361622957198,0.000683409501423165,-63.3063797502252,-3268.33478311518,0.000602758490521964,-0.000242488856384257,0.000649706582517725,-63.745654662949,-2541.91485065748,8.18819859284829e-05
51940,0.00060173077510831,-0.000324418689096139,0.000683613495732278,-63.3037874426011,-3268.33099772255,0.000604591086935408,-0.00026377230636836,0.000659625812115189,-63.6140471624346,-2543.57078462896,6.07137967986894e-05
51960,0.000601536268667472,-0.000324279958032921,0.000683376450943562,-63.306799820124,-3268.32849854535,0.000605251280322943,-0.000285133830446643,0.000669051876611774,-63.4908041363398,-2545.22512101088,3.93220118585191e-05
51980,0.000571010307215566,-0.000403501680844822,0.000699189800691494,-63.1080983104396,-3275.24675394715,0.000604737544863063,-0.000306510282051711,0.000677979388455449,-63.3756701821316,-2546.87809992442,0.000102688159001781
52000,0.000570961424531938,-0.000403320734411097,0.000699045465695506,-63.1098915392054,-3275.2369541251,0.000603051755994715,-0.000327838570150096,0.000686403342420744,-63.2684122074017,-2548.52994302523,8.20204029185158e-05
52020,0.000570928147809957,-0.000403485024995716,0.000699113091965457,-63.1090512992846,-3275.24952498349,0.000600199179976095,-0.000349055842058723,0.000694319117207139,-63.1688175364858,-2550.1808559369,6.18007223198866e-05
52040,0.000571010803318285,-0.000403287968371748,0.000699066894466906,-63.1096252831465,-3275.23242565406,0.000596188453567673,-0.000370099665263783,0.000701722476763982,-63.076692248582,-2551.83103037307,4.16578628264424e-05
52060,0.000540223429517159,-0.000482465544892174,0.00072430266864577,-62.8015982933349,-3281.76756922162,0.000591031554065314,-0.000390908207780342,0.000708609571492581,-62.9918597152378,-2553.48064599761,0.000104710130833222
52080,0.000540387521558609,-0.000482381811352866,0.000724369301793173,-62.8007992605976,-3281.75398372939,0.000584743759622579,-0.000411420416459463,0.00071497693913666,-62.9141593141101,-2555.12987206631,8.36839017996001e-05
52100,0.000540223429517159,-0.000482465544892174,0.00072430266864577,-62.8015982933349,-3281.76756922162,0.000577343600126695,-0.000431576192796348,0.000720821505503161,-62.8434452956845,-2556.77886888443,6.298915162799e-05
52120,0.000540360742157336,-0.000482464434889341,0.000724404350206374,-62.8003790063382,-3281.76026940999,0.00056885279869541,-0.000451316565680472,0.000726140584901586,-62.7795857861001,-2558.4277891097,4.22135883575612e-05
52140,0.000540195534400827,-0.000482410851138637,0.000724245431247515,-62.8022847154492,-3281.76581198586,0.000559296204034428,-0.000470583860634662,0.000730931880367209,-62.7224619097932,-2560.07677892632,2.24658248197805e-05
52160,0.000509717602600888,-0.000561569376325183,0.000758401080449819,-62.4020211391102,-3287.77103255072,0.000548701713841516,-0.000489321865030686,0.000735193483628443,-62.6719670192929,-2561.72597911024,8.2094237419384e-05
52180,0.000509565342716892,-0.000561352424527046,0.000758138102868189,-62.4050335166332,-3287.76853337352,0.000537100189484755,-0.00050747598881463,0.000738923874812518,-62.6280060210557,-2563.37552600516,6.05048602312555e-05
52200,0.000509657576852994,-0.000561592440239356,0.000758377817830704,-62.4022875675825,-3287.7755616563,0.000524525362253073,-0.000524993420306637,0.000742121921931955,-62.590494787344,-2565.02555242431,3.95036618902399e-05
52220,0.00047899187925731,-0.000640423654929231,0.00079973475489525,-61.9410805998186,-3293.20609386525,0.000511013731407081,-0.00054182327657544,0.000744786880070758,-62.5593596470611,-2566.6761884918,0.000103669829876452
52240,0.000478897681441759,-0.000640590697016499,0.000799812121935131,-61.9402403598978,-3293.21866472365,0.000496604454392589,-0.000557916748034053,0.000746918390360991,-62.5345369476835,-2568.32756243712,8.45488713625703e-05
52260,0.000479075413992935,-0.000640470732079646,0.000799822487145204,-61.9401277953531,-3293.20332171789,0.00048133922952454,-0.000573227236788768,0.000748516478693532,-62.5159726832551,-2569.9798013519,6.72815912393239e-05
52280,0.000478814174095313,-0.000640543576358361,0.000799724381601896,-61.9411932645053,-3293.22143515203,0.000465262171486097,-0.000587710488387326,0.000749581554186352,-62.5036221834314,-2571.63303192123,5.45434868639265e-05
52300,0.000479075413992935,-0.000640470732079646,0.000799822487145204,-61.9401277953531,-3293.20332171789,0.00044841968002438,-0.000601324716562606,0.000750114407395476,-62.4974498598657,-2573.28738113691,4.9721067526866e-05
52320,0.000448194156075898,-0.000719484693410796,0.000847665161247655,-61.4355133166538,-3298.07966441212,0.000430860302229334,-0.000614030720650083,0.000750116208289897,-62.4974290065782,-2574.94297700326,0.000106869092165094
52340,0.000448362115336403,-0.000719599198256193,0.000847851161820215,-61.4336076075428,-3298.07412183625,0.000412634588813351,-0.000625791995337526,0.000749588503989812,-62.5035416519059,-2576.59994924272,0.00010038051340215
52360,0.000369169541985178,-0.000688817567302486,0.00078150866390211,-62.1413240595108,-3301.81106141128,0.000393794944807332,-0.000636574832444553,0.000748533216268738,-62.515778460269,-2578.25843001056,5.7755638768778e-05
52380,0.000369325258519593,-0.000688998776975405,0.00078174194031929,-62.1387317518868,-3301.80727601865,0.000374395475117814,-0.0006463484144494,0.00074695263882655,-62.5341386825236,-2579.91855462696,4.29506754306914e-05
52400,0.000338570261268271,-0.00076776791570431,0.000839105115107878,-61.5236726296276,-3306.20348219645,0.00035449182540428,-0.000655084899504308,0.000744849434340275,-62.5586301542628,-2581.5804623348,0.000113802277413358
52420,0.000338583101611869,-0.000768052214149872,0.000839370430952648,-61.520926680577,-3306.21051047922,0.00033414101873616,-0.000662759497709179,0.000742226631296507,-62.5892693420346,-2583.24429709299,0.000105386375949337
52440,0.000338644542234847,-0.000767835753516445,0.000839197158219459,-61.5227199093428,-3306.20071065717,0.000313401288515644,-0.000669350538424981,0.000739087620606026,-62.6260814380585,-2584.91020841414,0.000101668871587837
52460,0.000259473589182438,-0.00073730750078489,0.000781632198797412,-62.139951169204,-3310.61198687056,0.000292331908155883,-0.000674839528471511,0.000735436152030691,-62.6691005042593,-2586.57835225809,7.0582693988723e-05
52480,0.000259674385700481,-0.000737247545240752,0.000781642328403751,-62.1398386046593,-3310.5966438648,0.000270993018010165,-0.000679211201031957,0.000731276330409738,-62.7183696675413,-2588.24889199186,5.91297614275886e-05
52500,0.000259475697681937,-0.000737241272865919,0.000781570426835924,-62.1406376373966,-3310.61022935703,0.000249445450065691,-0.000682453555160973,0.000726612611719839,-62.77394136831,-2589.92199942913,5.56982933181984e-05
52520,0.000229011407515714,-0.00081636355520685,0.000847877160349479,-61.4333412672888,-3314.32979746531,0.00022775055088554,-0.000684557885744998,0.000721449798921816,-62.8358776659005,-2591.59785596392,0.000131811700018354
52540,0.000228810675677839,-0.000816199669375615,0.000847665161247655,-61.4355133166538,-3314.33986912043,0.000205970003359701,-0.000685518803927379,0.000715793037701554,-62.9042506034831,-2593.27665381384,0.000132661919578471
52560,0.000149894934088929,-0.000785690413679826,0.000799861186340418,-61.9397075410936,-3319.19884098232,0.000184165647735205,-0.000685334247872022,0.000709647812025118,-62.979142638071,-2594.95859739249,0.000106046413562499
52580,0.000149786061587119,-0.000785532543267306,0.00079968571375121,-61.9416132502046,-3319.20438355819,0.000162399302479824,-0.000684005483901703,0.000703019939584601,-63.0606471403217,-2596.64390483126,0.000102307563890673
52600,0.000149882685361949,-0.000785757120123154,0.000799924415926618,-61.9390209425806,-3319.20059816556,0.000140732585482686,-0.000681537098015678,0.000695915567140349,-63.1488689707022,-2598.33280967576,0.000104620922075286
52620,0.000149852734513835,-0.000785544791613978,0.000799710236068742,-61.9413469019701,-3319.19985564248,0.000119226736101151,-0.000677936977784408,0.000688341165737449,-63.2439251401468,-2600.02556278552,0.000111881157376715
52640,7.07705973387811e-05,-0.000755068498303281,0.000758377817830704,-62.4022875675825,-3324.64545930214,9.79424385902548e-05,-0.000673216284773138,0.000680303525906454,-63.3459455630686,-2601.72243447019,8.6244384262278e-05
52660,7.08851066251704e-05,-0.000754900515081195,0.00075822126454691,-62.4040807963483,-3324.63565948009,7.6939647393526e-05,-0.00066738941746847,0.000671809752749946,-63.4550739147772,-2603.42371690207,8.77202922321825e-05
52680,7.07263190458502e-05,-0.000754989080546352,0.000758294615535414,-62.4032405564275,-3324.64823033849,5.62774148322146e-05,-0.000660473964991473,0.000662867261110212,-63.571468603517,-2605.12972685109,9.56131680331067e-05
52700,7.0867563079049e-05,-0.000754962355560173,0.000758281194419147,-62.4033942900344,-3324.63741610786,3.60137216502071e-05,-0.00065249065156607,0.000653483770669336,-63.695303873873,-2606.84080879819,0.000108236964027092
52720,-8.28603222254677e-06,-0.00072425527093518,0.00072430266864577,-62.8015982933349,-3330.65547878245,1.62053109322268e-05,-0.000643463272072878,0.000643667301180622,-63.8267710564302,-2608.55733849232,8.44225856610126e-05
52740,-8.13789908675878e-06,-0.000724380853073388,0.000724426563359514,-62.8001126660843,-3330.64364989157,-3.09247415211894e-06,-0.00063341861877999,0.000633426167768219,-63.9660799849722,-2610.27972703067,9.1102054754095e-05
52760,-8.26316659431966e-06,-0.000724198291050686,0.000724245431247515,-62.8022847154492,-3330.65372154669,-2.1825848299941e-05,-0.000622386399544894,0.000622768976421007,-64.1134606036696,-2612.00842555659,0.000102711282666683
52780,-8.19490815563874e-06,-0.000724357995799204,0.000724404350206374,-62.8003790063382,-3330.64817897082,-3.99427372851796e-05,-0.000610399147713379,0.000611704619723484,-64.269164792109,-2613.74393069076,0.000118298536387762
52800,-8.72877806850392e-05,-0.000693531164942376,0.000699002598996062,-63.1104241895914,-3337.17352329835,-5.73929259804803e-05,-0.000597492123964272,0.000600242272879825,-64.4334684410706,-2615.48679083438,0.000100584291665253
52820,-8.72680018670953e-05,-0.000693743947615732,0.000699211247766606,-63.1078318819673,-3337.16973790572,-7.41282007825968e-05,-0.000583703210466971,0.000588391390199341,-64.6066738166561,-2617.23761351548,0.000110822462546106
52840,-8.72074915387969e-05,-0.000693507194618052,0.000698968794416095,-63.1108442594902,-3337.16723872852,-9.01024860282772e-05,-0.000569072797564886,0.000576161702056638,-64.7891122601697,-2618.99707398717,0.00012446806884932
52860,-8.73723145890149e-05,-0.000693687581749348,0.000699168350563654,-63.1083647850091,-3337.178795839,-0.00010527197402168,-0.000553643663445331,0.000563563212592508,-64.9811472768148,-2620.76592533523,0.000141183203185604
52880,-0.000166217813892963,-0.000662930969806566,0.000683451411867757,-63.3058470998392,-3344.07569430827,-0.000119595248305576,-0.000537460847035594,0.000550606198215649,-65.1831780805863,-2622.54501041632,0.000133852214513295
52900,-0.0001357025308522,-0.000583923390171227,0.000599484530633403,-64.4444403829868,-3343.08317916141,-0.000133033399836375,-0.000520571514625168,0.000537301207248938,-65.3956436724913,-2624.3352760248,6.34080783148566e-05
52920,-0.000135547916116469,-0.000583967276326567,0.000599492299686815,-64.444327818442,-3343.06783615565,-0.000145550135729741,-0.00050302482048995,0.000523659060878251,-65.6190275492625,-2626.13778979121,8.15581115159917e-05
52940,-0.000135673896209419,-0.000583881405017568,0.000599437153701649,-64.4451268511793,-3343.08142164788,-0.000157111880278153,-0.000484871762014505,0.000509690855836739,-65.8538631569592,-2627.95376044516,0.000101303981010251
52960,-0.000214626304978077,-0.000553348382072435,0.000593514012244635,-64.5313804670037,-3351.19969511115,-0.000167687867967752,-0.000466165029709078,0.000495407969240742,-66.100740230763,-2629.78456225115,9.90159269930127e-05
52980,-0.000214669882758169,-0.000553172298635037,0.000593365612873359,-64.5335525163686,-3351.20976676628,-0.000177250228226752,-0.000446958852567024,0.00048082206614762,-66.3603121933906,-2631.63176465076,0.000112612284724595
53000,-0.000214663462582179,-0.000553314447855986,0.000593495813274151,-64.5316468072576,-3351.20422419041,-0.000185774061683477,-0.000427308839214258,0.000465945110570991,-66.6333048241474,-2633.49716844915,0.000129274943022453
53020,-0.000184002756649859,-0.000474147684544317,0.000508599096748593,-65.8724883089809,-3351.20976676628,-0.000193237507724313,-0.000407271815322413,0.000450789380916984,-66.9205264604812,-2635.38285028716,6.75104622380299e-05
53040,-0.000184026345014843,-0.000474301374458088,0.000508750911028525,-65.8698960013568,-3351.20598137365,-0.000199621803169585,-0.00038690565775508,0.000435367491096393,-67.2228800573247,-2637.2912176874,8.87762897010724e-05
53060,-0.000183939090549256,-0.000474205841036268,0.000508630286853822,-65.8719556585949,-3351.20071065717,-0.000204911331909432,-0.000366269125927999,0.000419692418984377,-67.5413775098845,-2639.22507770908,0.000109955306265923
53080,-0.000263130560383554,-0.000443561506892496,0.000515736853641956,-65.7514366714015,-3360.67736151496,-0.000209093665379393,-0.00034542169089185,0.000403777544497431,-67.8771567475717,-2641.18772327589,0.000112033073270045
53100,-0.000262973397388634,-0.000443549325944725,0.000515646208441544,-65.7529634255978,-3360.6630328652,-0.000212159593766254,-0.000324423362617515,0.000387636700325341,-68.2315022385019,-2643.18304267703,0.000129510763171288
53120,-0.000232419334620591,-0.000364499297911906,0.000432294442809239,-67.2844069466388,-3362.52321398959,-0.000214103147881526,-0.000303334516009522,0.000371284239546348,-68.6058697105118,-2645.21565976829,6.38483613088578e-05
53140,-0.000232324729277575,-0.000364566248034113,0.000432300045153328,-67.284294382094,-3362.50787098383,-0.000214921611618961,-0.000282215716090786,0.000354735125903154,-69.0019161104252,-2647.29111529813,8.41693448684763e-05
53160,-0.000232389786626621,-0.000364477620321686,0.000432260278817897,-67.2850934148313,-3362.52145647606,-0.000214615525034027,-0.000261127542962416,0.000338005055108972,-69.4215360897419,-2649.41610398103,0.000104867358435927
53180,-0.00023235427242326,-0.0003645879436263,0.000432334218575163,-67.2836077875807,-3362.50962758517,-0.000213188677992996,-0.000240130416949957,0.000321110618897853,-69.8669066477801,-2651.59878811227,0.000125924564546628
53200,-0.000232360244632269,-0.000364455944345288,0.000432226119819457,-67.2857798369456,-3362.5196992403,-0.000210648094465822,-0.000219284424501656,0.000304069529106591,-70.3405419689623,-2653.84921772692,0.000146786197030104
53220,-0.000201709756883529,-0.000285513475548824,0.00034957798949874,-69.12911839376,-3365.24046765833,-0.000207004007507346,-0.000198649145320023,0.000286900927256216,-70.8453609624689,-2656.17990127272,8.70255189916497e-05
53240,-0.000201693118523959,-0.000285431330254568,0.000349501299498031,-69.131024102871,-3365.2460102342,-0.000202269825003338,-0.000178283481203022,0.00026962581808267,-71.3847704835367,-2658.60659231266,0.000107149401056359
53260,-0.000201750840422411,-0.000285505153607783,0.000349594900345747,-69.1286982237192,-3365.24675394715,-0.000196462086333887,-0.000158245487141589,0.000252267686332084,-71.9627675181013,-2661.1493915908,0.000127369516089588
53280,-0.000171014924172569,-0.000206426561061616,0.000268063480171161,-71.4352469684192,-3369.64018767348,-0.000189600410024641,-0.000138592205066252,0.000234853389983278,-72.5840633325309,-2663.83431785682,7.03343453631533e-05
53300,-0.000171085545080135,-0.000206439917562345,0.000268118823096244,-71.4334539120714,-3369.64998812985,-0.000181707432655713,-0.000119379500851959,0.000217414480442296,-73.2542306799941,-2666.69558876108,8.77059898379476e-05
53320,-0.000171003852114006,-0.000206446405426591,0.000268071698900479,-71.4349806662678,-3369.63565948009,-0.000172808739093423,-0.000100661904881037,0.000199989198211648,-73.9798692150967,-2669.77899847543,0.000105799896846267
53340,-0.000171065690375125,-0.000206428849898051,0.000268097632391169,-71.434140426347,-3369.64823033849,-0.000162932784379695,-8.24924567857184e-05,0.000182625566808877,-74.7687684630053,-2673.1470216987,0.000124202953659022
53360,-0.000140356567929064,-0.000127432866943943,0.000189576110674258,-74.444327818442,-3377.76298968688,-0.000152110807422306,-6.49225546616541e-05,0.000165386323009073,-75.6300081649906,-2676.88668097244,6.36058274664656e-05
53380,-0.000140373865917611,-0.000127387863986872,0.000189558671982564,-74.4451268511793,-3377.77657517911,-0.000140376736813255,-4.80018092961448e-05,0.000148357008375207,-76.573838656402,-2681.1218826683,7.93860547426386e-05
53400,-0.000140371570289799,-0.000127438637023828,0.000189591096711092,-74.4436412239287,-3377.76474628823,-0.000127767089035047,-3.17779037636104e-05,0.000131659652924117,-77.6109458822416,-2686.03293979295,9.64875579314962e-05
53420,-0.000140358866307339,-0.000127382102073129,0.000189543692270808,-74.4458132732936,-3377.77481794335,-0.000114320859342499,-1.62964587791332e-05,0.00011547654934898,-78.7501240422564,-2691.88713445505,0.000114096441455209
53440,-0.000109711130062595,-4.83787121819725e-05,0.000119904261191993,-78.4233076509029,-3396.20422419041,-0.000100079405702442,-1.60090424272999e-06,0.00010009220918807,-79.9919945020235,-2699.0835553684,4.77591188125433e-05
53460,-0.000109691281881351,-4.83676395901324e-05,0.000119881632789577,-78.4249470117794,-3396.20523885056,-8.50863260529977e-05,1.2267642746071e-05,8.59661441483929e-05,-81.3134510459329,-2708.20429837026,6.54373082828619e-05
53480,-0.000109721744878553,-4.83690145159812e-05,0.000119910061564664,-78.4228874808622,-3396.21051047922,-6.93873293471396e-05,2.52704929718547e-05,7.38457804411937e-05,-82.6334863058789,-2720.01135230499,8.39621470623029e-05
53500,-0.000109690821930921,-4.83777917478353e-05,0.000119885308317066,-78.4246807096279,-3396.20071065717,-5.30301006564093e-05,3.73714930553541e-05,6.48754196041558e-05,-83.7583964037005,-2735.17320574717,0.000102778291382988
53520,-0,0,0,-240,-3240,-3.60641608507805e-05,4.85371258821259e-05,6.04688042445715e-05,-84.3693723874707,-2753.38683246552,6.04688042445715e-05
53540,-0,0,0,-240,-3240,-1.85407211494302e-05,5.87366033213924e-05,6.15933998937835e-05,-84.2093164525816,-2772.48124406073,6.15933998937835e-05
53560,-0,0,0,-240,-3240,-5.12533052406941e-07,6.79419509113173e-05,6.79438840791845e-05,-83.3569925976738,-2789.56778656864,6.79438840791845e-05
53580,-0,0,0,-240,-3240,1.79662659356611e-05,7.61280843176442e-05,7.82193833620877e-05,-82.1337122421084,-2803.27886341937,7.82193833620877e-05
53600,-0,0,0,-240,-3240,3.68403103400652e-05,8.32728773419388e-05,9.10581164243907e-05,-80.8136267499952,-2813.86482256748,9.10581164243907e-05
53620,-0,0,0,-240,-3240,5.60531680332083e-05,8.93572213024894e-05,0.000105483034870358,-79.5363476707672,-2822.09976476926,0.000105483034870358
53640,0.000109691740199029,4.83574879824098e-05,0.000119877956738761,-78.4252133600139,-3216.20976676628,7.55475043910631e-05,9.4365075638596e-05,0.000120880903868211,-78.3528460257452,-2828.68032916502,5.72933413308358e-05
53660,0.000109711130062595,4.83787121819725e-05,0.000119904261191993,-78.4233076509029,-3216.20422419041,9.52652487729471e-05,9.82835095908865e-05,0.000136876279468991,-77.273436163443,-2834.10658383093,5.1953558979721e-05
53680,0.000109691281881351,4.83676395901324e-05,0.000119881632789577,-78.4249470117794,-3216.20523885056,0.000115147762889157,0.000101102734870929,0.000153234363955214,-76.2928765997363,-2838.71602466115,5.3016633797925e-05
53700,0.000109721744878553,4.83690145159812e-05,0.000119910061564664,-78.4228874808622,-3216.21051047922,0.000135136010516952,0.000102816129225418,0.000169802525797868,-75.4011170790241,-2842.73487318672,6.00863811368408e-05
53720,0.000188725128770299,1.77212766562926e-05,0.000189555316136727,-74.4452806229076,-3234.63565948009,0.000155170728114545,0.00010342025084884,0.000186477084783185,-74.5874905761581,-2846.31680978778,9.20337545741868e-05
53740,0.000188747270136588,1.76815797614626e-05,0.000189573653883854,-74.4444403829868,-3234.64823033849,0.000175192595800422,0.000102914843615769,0.000203184425239112,-73.8421917045288,-2849.56839165488,8.63043362967198e-05
53760,0.000188725128770299,1.77212766562926e-05,0.000189555316136727,-74.4452806229076,-3234.63565948009,0.000195142408279267,0.000101302833149092,0.000219870015038579,-73.1566798776508,-2852.56515411397,8.3827549541038e-05
53780,0.000188747270136588,1.76815797614626e-05,0.000189573653883854,-74.4444403829868,-3234.64823033849,0.000214961245112386,9.85903137162104e-05,0.000236491832541693,-72.5236770683605,-2855.36180896684,8.50493722151548e-05
53800,0.000188744974509617,1.7732352797716e-05,0.000189576110674258,-74.444327818442,-3234.63288733273,0.0002345906399521,9.47865260439483e-05,0.000253016311475398,-71.9370295958191,-2857.99879163547,8.96614223315939e-05
53820,0.000267761729904484,-1.29860019307389e-05,0.000268076444783175,-71.4348268945395,-3242.77657517911,0.000253972748177771,8.99038261045072e-05,0.000269415765621091,-71.3915398781325,-2860.50654348124,0.000103809694779352
53840,0.000267810207313626,-1.29329332659709e-05,0.000268122300274016,-71.4333412672888,-3242.76474628823,0.000273050512484775,8.39576449906664e-05,0.000285666708806919,-70.8828073746263,-2862.9083699043,9.70321851407682e-05
53860,0.000298408094488778,6.60478498565098e-05,0.000305630020330287,-70.2960797935854,-3227.5196992403,0.000291767825975489,7.69664400077771e-05,0.000301748731831526,-70.4070909289853,-2865.22238657829,1.2779232246889e-05
53880,0.000346845893429446,-4.36199146389612e-05,0.00034957798949874,-69.12911839376,-3247.16798072248,0.000310069692216521,6.89516371348084e-05,0.000317643734858439,-69.9611941236367,-2867.46287045605,0.000118426530998793
53900,0.000377441485234185,3.54116368890466e-05,0.000379099009234987,-68.4249470117794,-3234.64018767348,0.000327902381925721,5.99375650399785e-05,0.000333335392323532,-69.5423714420741,-2869.64121467284,5.52778790138634e-05
53920,0.000346857883970355,-4.36600810278766e-05,0.000349594900345747,-69.1286982237192,-3247.17426701129,0.00034521358566826,4.99513808478294e-05,0.000348808773081386,-69.1482520084523,-2871.76661490254,9.36259019257653e-05
53940,0.000346793742449055,-4.35917535267928e-05,0.000349522732847753,-69.130491452485,-3247.16446718924,0.000361952562344563,3.90229878937409e-05,0.000364050066573198,-68.7767777038741,-2873.84657042448,8.39939600245524e-05
53960,0.000346817718150444,-4.36720644840026e-05,0.000349556545982728,-69.1296512125642,-3247.17703804764,0.000378070282834871,2.7184945707424e-05,0.000379046382433542,-68.4261528770267,-2875.8872552095,7.74431319913022e-05
53980,0.000425846969952739,-7.4216887329372e-05,0.000432265876727264,-67.2849809305007,-3249.88624971211,0.000393519568588537,1.44723725036017e-05,0.000393785602108547,-68.0948033383166,-2877.89379641725,9.43972758541419e-05
54000,0.000425852942157371,-7.43488866067352e-05,0.000432294442809239,-67.2844069466388,-3249.90334904155,0.000408255224610326,9.22840469601836e-07,0.000408256267626303,-67.7813427834059,-2879.87048598321,7.73014395721074e-05
54020,0.000425878355599787,-7.4235808550795e-05,0.000432300045153328,-67.284294382094,-3249.88800603579,0.000422234166563344,-1.34237358354748e-05,0.00042244749744462,-67.4845451656202,-2881.82094320712,6.09211646447006e-05
54040,0.000425821567461026,-7.4329949070079e-05,0.000432260278817897,-67.2850934148313,-3249.90159152802,0.000435415541626761,-2.85252176401221e-05,0.000436348922230298,-67.2033218478245,-2883.74824101085,4.6798694016642e-05
54060,0.000504959513916099,-0.000104915635399433,0.000515743542126946,-65.7513240266189,-3251.73737290313,0.000447760842702109,-4.43373663202317e-05,0.000449950635414061,-66.9367026108606,-2885.65500494562,8.33151527231283e-05
54080,0.000504814810652627,-0.000104978142559139,0.000515614588107643,-65.7534960759838,-3251.74744455825,0.000459234015774018,-6.08139736053931e-05,0.000463243154973291,-66.6838197846731,-2887.54349154026,6.34671779831188e-05
54100,0.000504972431960562,-0.000104976115938495,0.000515768496476565,-65.7509037683597,-3251.74365916562,0.000469801559972868,-7.79069972278376e-05,0.000476217393602963,-66.4438949250388,-2889.41565082761,4.43816113288647e-05
54120,0.000504838585560059,-0.000104941466137913,0.00051563039940005,-65.7532297277493,-3251.74291664254,0.000479432620236204,-9.55667016432493e-05,0.000488864635466222,-66.2162275704273,-2891.27317664231,2.70804225108715e-05
54140,0.000474272278183603,-0.000184058191087716,0.000508735305989222,-65.8701624298291,-3261.21051047922,0.000488099072132941,-0.000113741803367505,0.000501176517856065,-66.0001857130327,-2893.11754738021,7.16629235583952e-05
54160,0.000553240147875646,-0.000214595605640799,0.000593402001329459,-64.5330198659826,-3261.20071065717,0.000495775598798816,-0.000132379620560471,0.000513145016836429,-65.7951976836583,-2894.95005926205,0.000100307739498665
54180,0.000553283708437019,-0.000214771702374643,0.000593506315183522,-64.5314931117863,-3261.21503930693,0.000502439759629623,-0.000151426226361032,0.000524762435857042,-65.6007452136498,-2896.77185365437,8.1226574849122e-05
54200,0.000553240147875646,-0.000214595605640799,0.000593402001329459,-64.5330198659826,-3261.20071065717,0.000508072050647752,-0.000170826605578616,0.000536021396795803,-65.4163574776044,-2898.58393965137,6.2895805691889e-05
54220,0.000553246568048494,-0.000214737754859128,0.000593459407558239,-64.5321796260618,-3261.21328151557,0.000512655956323071,-0.000190524814245963,0.000546914832855154,-65.2416059596497,-2900.38721284612,4.72637731606429e-05
54240,0.000522655168760893,-0.000293636836843249,0.000599492299686815,-64.444327818442,-3269.32804086396,0.000516177992735835,-0.00021046414159066,0.000557435982943592,-65.0761000131554,-2902.18247102217,8.34245230423267e-05
54260,0.000522537457878228,-0.000293733733765962,0.000599437153701649,-64.4451268511793,-3269.34162635619,0.000518627741994305,-0.000230587273958438,0.000567578387253862,-64.919483006895,-2903.97042733879,6.32673791500497e-05
54280,0.000601737250228772,-0.000324336974556722,0.000683580420563295,-63.3042077008603,-3268.32471146005,0.000519997877758075,-0.000250836460190412,0.000577335883722602,-64.7714289706441,-2905.75172146583,0.00010992565953414
54300,0.000601529786617447,-0.000324361622957198,0.000683409501423165,-63.3063797502252,-3268.33478311518,0.000520284181909896,-0.000271153678018692,0.000586702605285433,-64.6316396654134,-2907.52692903193,9.71181429439147e-05
54320,0.00060173077510831,-0.000324418689096139,0.000683613495732278,-63.3037874426011,-3268.33099772255,0.000519485552235041,-0.000291480800955825,0.000595672977653674,-64.4998420192447,-2909.29656967838,8.85956046348667e-05
54340,0.000570912043594714,-0.000403353490636356,0.00069902403387153,-63.1101578413569,-3275.24148231849,0.000517604001176862,-0.000311759765229201,0.000604241717568444,-64.3757858763781,-2911.0611139545,0.000105977157540599
54360,0.000571010307215566,-0.000403501680844822,0.000699189800691494,-63.1080983104396,-3275.24675394715,0.000514644645646823,-0.000331932736261732,0.000612403831385096,-64.2592420177316,-2912.82098924646,9.10999540769335e-05
54380,0.000570961424531938,-0.000403320734411097,0.000699045465695506,-63.1098915392054,-3275.2369541251,0.000510615687971679,-0.000351942274248582,0.000620154613952081,-64.1500004160023,-2914.57658489656,7.92549940992455e-05
54400,0.000570928147809957,-0.000403485024995716,0.000699113091965457,-63.1090512992846,-3275.24952498349,0.000505528388003251,-0.000371731498320606,0.0006274896476603,-64.0478686957781,-2916.32825664059,7.27008599610883e-05
54420,0.000540359595372146,-0.000482327120773068,0.000724312048597832,-62.8014858090043,-3281.75222740572,0.000499397026523172,-0.000391244248859121,0.000634404801657052,-63.9526707721549,-2918.07633047053,9.98700235446028e-05
54440,0.000540251325687224,-0.000482520249002644,0.000724359914410217,-62.8009118251424,-3281.76932673515,0.000492238860035401,-0.000410425247477487,0.000640896231145033,-63.8642456464191,-2919.82110600986,8.66192016984683e-05
54460,0.000540387521558609,-0.000482381811352866,0.000724369301793173,-62.8007992605976,-3281.75398372939,0.000484074067106953,-0.000429220254220037,0.000646960376745114,-63.7824463398841,-2921.56285947453,7.74426000923644e-05
54480,0.000540223429517159,-0.000482465544892174,0.00072430266864577,-62.8015982933349,-3281.76756922162,0.000474925686425991,-0.000447576221547475,0.000652593963902451,-63.7071389497916,-2923.30184628181,7.403418221505e-05
54500,0.000509754548095311,-0.000561486281159194,0.000758364386844369,-62.4024413973694,-3287.76474628823,0.000464819546750478,-0.000465441444638625,0.000657794002274732,-63.6382018141139,-2925.03830335712,0.000106036620882236
54520,0.000509528408292517,-0.000561435465229357,0.000758174769083231,-62.4046134467343,-3287.77481794335,0.000453784189007791,-0.000482765707646365,0.000662557785157456,-63.5755247725591,-2926.77245118394,9.64175748597231e-05
54540,0.000509717602600888,-0.000561569376325183,0.000758401080449819,-62.4020211391102,-3287.77103255072,0.000441850780697029,-0.000499500425393855,0.000666882888797737,-63.5190085155063,-2928.50449563209,9.19698873819355e-05
54560,0.000509588401303496,-0.000561412412107839,0.000758198018469974,-62.4043470984998,-3287.77029002764,0.000429053022963358,-0.000515598780238305,0.000670767171749799,-63.4685640100724,-2930.2346295972,9.26543902330931e-05
54580,0.000478981211671708,-0.000640637819936624,0.000799899879652227,-61.9392873710528,-3293.2158936873,0.000415427050514774,-0.000531015853597614,0.000674208774098504,-63.4241119980996,-2931.96303447743,0.000126712694330097
54600,0.00047899187925731,-0.000640423654929231,0.00079973475489525,-61.9410805998186,-3293.20609386525,0.000401011324779464,-0.000545708751883873,0.000677206116691244,-63.3855825578286,-2933.68988151112,0.000122686102454859
54620,0.000478897681441759,-0.000640590697016499,0.000799812121935131,-61.9402403598978,-3293.21866472365,0.000385846520528558,-0.000559636726384021,0.000679757900227587,-63.3529147257748,-2935.41533299521,0.000123337195964797
54640,0.000479057179479869,-0.000640405425575708,0.000799759270229494,-61.9408143437597,-3293.20156539422,0.00036997540637946,-0.000572761286849273,0.000681863104324381,-63.3260561726835,-2937.13954340218,0.00012835327314397
54660,0.000369185635312099,-0.000688949098900694,0.000781632198797412,-62.139951169204,-3301.81457616057,0.000353442719482113,-0.000585046308424104,0.000683520986477799,-63.3049629307284,-2938.86266041113,0.000105088673355658
54680,0.000369374899846708,-0.000688859138660199,0.000781642328403751,-62.1398386046593,-3301.79923315481,0.000336295034763463,-0.000596458131611007,0.000684731080915312,-63.2895991688503,-2940.58482586628,9.81438922074653e-05
54700,0.000369177590029878,-0.000688883327657317,0.000781570426835924,-62.1406376373966,-3301.81281864704,0.000318580629158565,-0.000606965655077036,0.000685493197426614,-63.279937012522,-2942.30617667545,9.62837345058002e-05
54720,0.000369382977805512,-0.000688924918183022,0.000781704117416527,-62.1391520101459,-3301.80098975616,0.000300349341145158,-0.000616540420917379,0.000685807420017683,-63.2759564078889,-2944.02684565956,0.000100025788849444
54740,0.000369169541985178,-0.000688817567302486,0.00078150866390211,-62.1413240595108,-3301.81106141128,0.000281652426084769,-0.000625156692307676,0.000685674105575316,-63.2776450263874,-2945.74696236359,0.000108221774983737
54760,0.000338654201017119,-0.000768049006051753,0.000839396177953908,-61.5206602521047,-3306.20598137365,0.000262542407697642,-0.000632791523147068,0.000685093882330343,-63.2849982114876,-2947.46665383779,0.000155201777580084
54780,0.000259544016395185,-0.000737177152023846,0.000781532628821428,-62.1410577112763,-3310.60394420556,0.00024307292618889,-0.000639424819704084,0.000684067648335769,-63.2980189642466,-2949.18604539928,9.91302944943527e-05
54800,0.000259537721914601,-0.000737375848968586,0.000781717961760355,-62.1389981803591,-3310.60921583422,0.00022329858340669,-0.00064503939393513,0.000682596569783085,-63.3167179697858,-2950.90526138102,9.91932260184185e-05
54820,0.000259610235395469,-0.000737179238424902,0.000781556590329075,-62.1407914091248,-3310.59941601217,0.000203274785507164,-0.000649621008457436,0.000680682079279482,-63.3411136634621,-2952.6244258787,0.000104115928412292
54840,0.000259473589182438,-0.00073730750078489,0.000781632198797412,-62.139951169204,-3310.61198687056,0.000183057583574197,-0.000653158412987473,0.000678325874016566,-63.3712323383898,-2954.34366350204,0.000113668266856921
54860,0.000259676458784952,-0.000737181314486072,0.000781580548423837,-62.1405251530659,-3310.59488754113,0.00016270351265213,-0.000655643372181108,0.000675529913856046,-63.4071082952383,-2956.06310014012,0.000126697230897154
54880,0.000180438365175511,-0.000706630678662157,0.000729304408086055,-62.7418232290372,-3315.67560372359,0.000142269429661118,-0.000657070684841334,0.000672296419367201,-63.4487840355989,-2957.7828637498,6.25544612783285e-05
54900,0.000180629925337091,-0.000706591491457915,0.000729313859547455,-62.7417106644924,-3315.66026071783,0.0001218123506439,-0.000657438194373546,0.000668627869738123,-63.4963105021851,-2959.50308517609,7.66521604852295e-05
54920,0.000180445778903666,-0.000706569299296248,0.000729246771561001,-62.7425096972297,-3315.67384621006,0.000101389287838781,-0.000656746790589693,0.000664527000684184,-63.5497473671137,-2961.22389901498,9.34463009075639e-05
54940,0.000149961638648223,-0.000785702654495696,0.000799885713303871,-61.9394412008397,-3319.19431190307,8.10570870152763e-05,-0.000655000402753794,0.000659996802236976,-63.6091633732293,-2962.94544452949,0.000147752887775978
54960,7.07614474963999e-05,-0.000754865417158996,0.000758174769083231,-62.4046134467343,-3324.6447155892,6.08722655501867e-05,-0.000652205983981525,0.000655040516498424,-63.6746367315387,-2964.66786663193,0.000103134645681676
54980,7.08324562856008e-05,-0.00075508606262068,0.000758401080449819,-62.4020211391102,-3324.64093019657,4.08908517090481e-05,-0.000648373487014974,0.000649661635328305,-63.7462555801049,-2966.39131694503,0.000110833539495146
55000,7.08232737780932e-05,-0.000754882970468369,0.000758198018469974,-62.4043470984998,-3324.64018767348,2.11682255824475e-05,-0.000643515831491829,0.000643863898005572,-63.8241185096973,-2968.11595495836,0.000121935488907585
55020,7.07705973387811e-05,-0.000755068498303281,0.000758377817830704,-62.4022875675825,-3324.64545930214,1.75896213414658e-06,-0.000637648862781802,0.000637651288836394,-63.9083351633934,-2969.84194929707,0.000136198298813218
55040,-8.14920021420756e-06,-0.000724243999989652,0.000724289845976831,-62.8017520650632,-3330.64466543759,-1.72833232012651e-05,-0.00063079130254124,0.000631028034735822,-63.9990269177922,-2971.56947912409,9.38980237445231e-05
55060,-8.30890496107752e-06,-0.00072431225842362,0.000724359914410217,-62.8009118251424,-3330.65723629598,-3.59061259289678e-05,-0.000622964691138468,0.000623998602790482,-64.0963276551035,-2973.29873569894,0.000105037783676965
55080,-8.11504917252591e-06,-0.000724323844255631,0.000724369301793173,-62.8007992605976,-3330.64189329022,-5.40582004845975e-05,-0.000614193322126814,0.000616567697811688,-64.2003846369393,-2975.02992412079,0.000119329397286879
55100,-8.28603222254677e-06,-0.00072425527093518,0.00072430266864577,-62.8015982933349,-3330.65547878245,-7.16897043990371e-05,-0.000604504168972008,0.000608740259898554,-64.3113594923397,-2976.76326528923,0.000135500376629948
55120,-5.6503455753079e-05,-0.000614623330109404,0.000617215098994519,-64.1912691657943,-3335.25254260888,-8.87523382163593e-05,-0.000593926804240336,0.000600521462009485,-64.4294293350557,-2978.49899811988,3.83188805053003e-05
55140,-8.7315951000818e-05,-0.00069358329736551,0.00069905784144346,-63.1097377674771,-3337.17528053411,-0.000105199480793596,-0.000582493311547234,0.0005919167076173,-64.5547880265946,-2980.23738206179,0.000112520245231487
55160,-5.65267672430957e-05,-0.000614670183494743,0.000617263889995532,-64.190582571281,-3335.25429921023,-0.000120986319578525,-0.000570238190408583,0.000582931628345565,-64.6876476071708,-2981.97869997045,7.82894366877972e-05
55180,-5.66206545767294e-05,-0.000614506550851657,0.000617109552319762,-64.1927546206459,-3335.26437086535,-0.00013606997553503,-0.000557198254442871,0.000573572081778992,-64.8282399161358,-2983.72326140293,9.79613976932358e-05
55200,-0.000135647173440969,-0.00058402266103691,0.000599568698538506,-64.4432209656695,-3343.07587901949,-0.000150409622336637,-0.000543412523068664,0.000563844149317257,-64.9768184325666,-2985.47140641368,4.3210105336566e-05
55220,-0.000135603287283522,-0.0005838680462958,0.000599408163947883,-64.445546925059,-3343.07513649641,-0.000163966599526027,-0.000528922107155509,0.000553754134249083,-65.133660367527,-2987.22350994734,6.18347289908707e-05
55240,-0.000135689176571735,-0.000583994023062156,0.00059955030782332,-64.4434873941418,-3343.08040812506,-0.000176704519306243,-0.00051377008883859,0.000543308559962443,-65.2990690498808,-2988.97998694636,8.13244076367297e-05
55260,-0.000135561298801421,-0.000583896662967189,0.000599426541585328,-64.4452806229076,-3343.07060830302,-0.000188589366690838,-0.00049800139595653,0.000532514168453295,-65.4733766517104,-2990.74129831713,0.000100945395531034
55280,-0.0001357025308522,-0.000583923390171227,0.000599484530633403,-64.4444403829868,-3343.08317916141,-0.000199589592722941,-0.000481662671414899,0.000521377919131455,-65.6569473115481,-2992.50795793179,0.000120576993141464
55300,-0.000214592376479859,-0.00055331122254373,0.000593467098528731,-64.5320670615171,-3351.19793850981,-0.000209676200517648,-0.000464802137860531,0.000509906988011771,-65.8501807242059,-2994.28054088737,8.86455123373381e-05
55320,-0.000184060932736396,-0.000474211344041566,0.000508679492192776,-65.8711154186741,-3351.21328151557,-0.000218822823902356,-0.000447469458126448,0.000498108767456044,-66.053516279415,-2996.05969329505,4.38579244804317e-05
55340,-0.000183936322697022,-0.00047426676218034,0.000508686084453198,-65.8710028541293,-3351.19793850981,-0.000227005798418666,-0.000429715591729723,0.000485990866469033,-66.2674378525884,-2997.8461439476,6.1966011066207e-05
55360,-0.00018403184141802,-0.000474179512669627,0.000508639291533118,-65.8718018868666,-3351.21152400204,-0.000234204224547408,-0.000411592647997721,0.000473561111876417,-66.4924793685621,-2999.64071829983,8.02146100055445e-05
55380,-0.000183965404266923,-0.000474298613204945,0.000508726296209687,-65.870316259616,-3351.19969511115,-0.000240400022914819,-0.000393153736061939,0.000460827550388327,-66.7292312937821,-3001.44435531996,9.88400590271318e-05
55400,-0.000184002756649859,-0.000474147684544317,0.000508599096748593,-65.8724883089809,-3351.20976676628,-0.000245577981427623,-0.00037445281233583,0.000447798452016394,-66.9783482411291,-3003.25812792584,0.000117177539874751
55420,-0.000232405516588718,-0.000364580087879266,0.000432355137148759,-67.2831875293215,-3362.51591384767,-0.000249725794133381,-0.000355544525775382,0.000434482315019138,-67.2405579238189,-3005.08326792888,1.95354395076567e-05
55440,-0.000232338566463787,-0.000364485482533099,0.000432239374009163,-67.285513488711,-3362.51517132458,-0.000252834091774571,-0.000336484061448138,0.00042088787292117,-67.5166717487265,-3006.92119669293,3.47008089321022e-05
55460,-0.000232427205603697,-0.00036455053330505,0.00043234187541544,-67.2834539577938,-3362.52044295324,-0.000254896463924123,-0.000317326982818833,0.000407024104133804,-67.8075974183296,-3008.77356309314,5.22965705376019e-05
55480,-0.000232316882297091,-0.000364515019105347,0.000432252626311989,-67.2852471865596,-3362.51064313119,-0.000255909472669719,-0.000298129073208033,0.000392900244965531,-68.1143540082818,-3010.64229088511,7.04535601170847e-05
55500,-0.000232419334620591,-0.000364499297911906,0.000432294442809239,-67.2844069466388,-3362.52321398959,-0.000255872657835122,-0.000278946176911461,0.000378525807100559,-68.4380901172389,-3012.5296383146,8.87096098668125e-05
55520,-0.000201668675494738,-0.000285521787670723,0.0003495610760804,-69.1295386480195,-3365.23418197773,-0.00025478853369899,-0.000259834040356603,0.000363910600879553,-68.7801058607163,-3014.43827381583,5.90049124879776e-05
55540,-0.000201717813056951,-0.000285447701543415,0.00034952892072173,-69.1303376807568,-3365.24776746996,-0.000252662577304256,-0.00024084815385404,0.000349064766461653,-69.1418797068165,-3016.37137308011,6.77088521414317e-05
55560,-0.000201693371712106,-0.000285538174758809,0.000349588708966966,-69.1288520535061,-3365.23593857908,-0.000249503208325889,-0.000222043594282625,0.000333998815457269,-69.525101468636,-3018.33274485125,7.94817100148411e-05
55580,-0.000201717813056951,-0.000285447701543415,0.00034952892072173,-69.1303376807568,-3365.24776746996,-0.000245321760636072,-0.000203474869231623,0.000318723686992994,-69.9317131862467,-3020.3269958271,9.28485297767277e-05
55600,-0.000171043547943218,-0.00020646855442654,0.000268114078817187,-71.4336076075428,-3369.63917301333,-0.000240132445617656,-0.00018519576299721,0.000303250823692922,-70.3639602164954,-3022.35974953721,7.22897464172122e-05
55620,-0.000171014924172569,-0.000206426561061616,0.000268063480171161,-71.4352469684192,-3369.64018767348,-0.000233952307381224,-0.000167259184899374,0.000287592275734592,-70.8244556516588,-3024.43794085141,7.41295997600664e-05
55640,-0.00017106340158377,-0.00020647962972657,0.000268135273422636,-71.4329210090297,-3369.64093019657,-0.000226801170001582,-0.000149717020319476,0.000271760845022658,-71.3162623145101,-3026.57021822044,7.95530807379577e-05
55660,-0.000171014924172569,-0.000206426561061616,0.000268063480171161,-71.4352469684192,-3369.64018767348,-0.000218701576946478,-0.000132619984885384,0.000255770287855872,-71.8429981549043,-3028.76750216905,8.78716537891334e-05
55680,-0.000140398110059839,-0.000127414394213248,0.000189594454457676,-74.4434873941418,-3377.7755616563,-0.000209678722886784,-0.000116017482216156,0.000239635604640064,-72.4089730954435,-3031.04377495904,7.02117719242761e-05
55700,-0.000140347337022463,-0.000127412098587213,0.000189555316136727,-74.4452806229076,-3377.76576183425,-0.000199760378092312,-9.99574656172827e-05,0.000223373462139561,-73.0193684893098,-3033.41721983677,6.54497236104258e-05
55720,-0.000140388868252393,-0.000127393625891123,0.000189573653883854,-74.4444403829868,-3377.77833269264,-0.000188976805642347,-8.44863041160665e-05,0.000207002822816448,-73.6804746439778,-3035.9119018995,6.48214927452175e-05
55740,-0.000140356567929064,-0.000127432866943943,0.000189576110674258,-74.444327818442,-3377.76298968688,-0.000177360671694672,-6.96486532035397e-05,0.000190545907216744,-74.4000075022312,-3038.56031093182,6.86171921102321e-05
55760,-0.000109701892347941,-4.83579452086012e-05,0.00011988743074033,-78.4245269378997,-3396.21152400204,-0.000164946949113134,-5.54873306656339e-05,0.00017402970978005,-75.1875320812319,-3041.40731739714,5.57031815427482e-05
55780,-0.000109710669578645,-4.83888681563369e-05,0.000119907937939262,-78.423041310649,-3396.19969511115,-0.000151772814654298,-4.20431977833275e-05,0.000157488468618931,-76.0550247992028,-3044.51652232489,4.25381191503366e-05
55800,-0.000109691740199029,-4.83574879824098e-05,0.000119877956738761,-78.4252133600139,-3396.20976676628,-0.000137877540139058,-2.9355046315916e-05,0.000140967850302851,-77.0175984600995,-3047.98080941,3.39931185322531e-05
55820,-0.000109711130062595,-4.83787121819725e-05,0.000119904261191993,-78.4233076509029,-3396.20422419041,-0.000123302377804029,-1.74594914929167e-05,0.00012453236613555,-78.094355203129,-3051.94055547211,3.37745499331607e-05
55840,-3.06618211456091e-05,-7.90294607357416e-05,8.47691154852252e-05,-81.4352469684192,-3351.20523885056,-0.000108090440284238,-6.39087138081744e-06,0.000108279206304103,-79.3090987261155,-3056.61631348125,0.000106167583212524
55860,-0,0,0,-240,-3240,-9.22865754700171e-05,3.81884716930188e-06,9.23655542163076e-05,-80.6897991909381,-3062.36956528422,9.23655542163076e-05
55880,-0,0,0,-240,-3240,-7.59372366901029e-05,1.31401556862585e-05,7.70657356260733e-05,-82.2627734340864,-3069.81722921941,7.70657356260733e-05
55900,-0,0,0,-240,-3240,-5.90903485397881e-05,2.15460841554078e-05,6.28959699264234e-05,-84.0275436236187,-3080.03334738121,6.28959699264234e-05
55920,-0,0,0,-240,-3240,-4.17951687637766e-05,2.90122737775423e-05,5.08777766980401e-05,-85.8694375025661,-3094.76659378188,5.08777766980401e-05
55940,-0,0,0,-240,-3240,-2.41021466071808e-05,3.55170422210958e-05,4.29228815343185e-05,-87.3462226062341,-3115.83887336158,4.29228815343185e-05
55960,0.000109700514146227,4.8388406580553e-05,0.000119898459937363,-78.4237279051624,-3216.19793850981,-6.06277799375594e-06,4.10414412026994e-05,4.1486831320266e-05,-87.6417946886582,-3141.5968504903,0.0001159961969521
55980,0.000109701892347941,4.83579452086012e-05,0.00011988743074033,-78.4245269378997,-3216.21152400204,1.22705419623155e-05,4.55693062302026e-05,4.7192455650781e-05,-86.5225484727061,-3165.07069520231,9.74712498397266e-05
56000,0.000109710669578645,4.83888681563369e-05,0.000119907937939262,-78.423041310649,-3216.19969511115,3.08446688351713e-05,4.90872984202168e-05,5.79737566640873e-05,-84.7353711339949,-3182.14375670923,7.88690933008808e-05
56020,0.000109691740199029,4.83574879824098e-05,0.000119877956738761,-78.4252133600139,-3216.20976676628,4.96058605509114e-05,5.15849382404599e-05,7.15663835489019e-05,-82.9058185671195,-3193.87955875808,6.01724967759881e-05
56040,0.000109721286578822,4.83791715738741e-05,0.000119913739707701,-78.4226210523899,-3216.20598137365,6.84999305576691e-05,5.30546311234326e-05,8.66431438144357e-05,-81.245315957643,-3202.24146777529,4.14856615497715e-05
56060,0.000188720742617092,1.77058184445233e-05,0.000189549504617494,-74.445546925059,-3234.64018767348,8.74724019596351e-05,5.34916848984809e-05,0.000102531855819869,-79.7828236370657,-3208.55311232481,0.000107386473653571
56080,0.00018876712457582,1.76926493346953e-05,0.000189594454457676,-74.4434873941418,-3234.64545930214,0.000106468662248876,5.28943189907377e-05,0.000118883914061403,-78.497538098035,-3213.58151691011,8.95108621785797e-05
56100,0.000188720742617092,1.77058184445233e-05,0.000189549504617494,-74.445546925059,-3234.64018767348,0.000125434118159925,5.12636653939869e-05,0.000135505281772278,-77.360875527548,-3217.77065810969,7.16332738820878e-05
56120,0.00018876712457582,1.76926493346953e-05,0.000189594454457676,-74.4434873941418,-3234.64545930214,0.000144314350201043,4.86037614136229e-05,0.000152279208355907,-76.3471877918099,-3221.38694237377,5.41437530983108e-05
56140,0.000267759435609677,-1.29352384352501e-05,0.000268071698900479,-71.4349806662678,-3242.76576183425,0.00016305526647954,4.49215342370433e-05,0.000169130021477334,-75.4355859196353,-3224.59718104428,0.000119625955282646
56160,0.000267782494143516,-1.299524236127e-05,0.000268097632391169,-71.434140426347,-3242.77833269264,0.000181603255304102,4.02267773659899e-05,0.000186005204105422,-74.6094980960018,-3227.51013316707,0.000101288916426179
56180,0.000298445488655844,6.61207593782691e-05,0.000305682293435169,-70.2945943387338,-3227.50787098383,0.000199905336222187,3.45321190159405e-05,0.000202865991959807,-73.8558150220824,-3230.19931208948,0.000103479485124294
56200,0.000298433703474154,6.60439168475322e-05,0.000305654174389722,-70.2953933714711,-3227.52145647606,0.000217909309011279,2.78529825748969e-05,0.000219682169490586,-73.1641038234558,-3232.7159988526,8.91219701545551e-05
56220,0.000377520876892271,3.5455934890366e-05,0.000379182193422185,-68.423041310649,-3234.63464393407,0.000235563900243612,2.02075392490884e-05,0.000236429050119662,-72.5259832519619,-3235.09696032409,0.000142773585753321
56240,0.000346765582471188,-4.36438903425196e-05,0.000349501299498031,-69.131024102871,-3247.17352329835,0.000252818906974907,1.16166530497546e-05,0.000253085650229453,-71.9346495664388,-3237.36919448338,0.00010899406173188
56260,0.000346871973807866,-4.36340009335476e-05,0.000349605623883303,-69.1284317952469,-3247.16973790572,0.000269625337200588,2.10381828254705e-06,0.000269633544856527,-71.3845215721237,-3239.5529446026,8.97718829800343e-05
56280,0.000346779664088575,-4.3617823846695e-05,0.000349512016935765,-69.1307577546365,-3247.16899538264,0.000285935546663369,-8.30491025564336e-06,0.000286056128023915,-70.8709748829119,-3241.66367062741,7.03491897006733e-05
56300,0.000346857883970355,-4.36600810278766e-05,0.000349594900345747,-69.1286982237192,-3247.17426701129,0.000301703371646516,-1.95809941788739e-05,0.00030233812163852,-70.3901417886013,-3243.71337268625,5.11735518279273e-05
56320,0.000425828049288432,-7.42482686183355e-05,0.000432252626311989,-67.2852471865596,-3249.89077818315,0.000316884257380648,-3.16934952693374e-05,0.000318465241773843,-69.9387592181936,-3245.71150068155,0.000116960072375282
56340,0.000425903263667622,-7.43364462091626e-05,0.00043234187541544,-67.2834539577938,-3249.9005780052,0.000331435381703447,-4.46091658434826e-05,0.000334423967326149,-69.514052106449,-3247.66559268124,9.90348015635768e-05
56360,0.000425828049288432,-7.42482686183355e-05,0.000432252626311989,-67.2852471865596,-3249.89077818315,0.000345315773670571,-5.82925454659508e-05,0.000350201376928483,-69.113643013637,-3249.5817315239,8.20780824975949e-05
56380,0.000425852942157371,-7.43488866067352e-05,0.000432294442809239,-67.2844069466388,-3249.90334904155,0.000358486426715134,-7.27060637155101e-05,0.000365785032279875,-68.7354813916946,-3251.46487703093,6.73865436855244e-05
56400,0.000504922815963177,-0.000104891862333632,0.000515702775699338,-65.7520106211323,-3251.73561630178,0.000370910406147249,-8.78101487102252e-05,0.00038116289379323,-68.3777876908535,-3253.319111489,0.000135096672516329
56420,0.000504851486239297,-0.000105001922639749,0.000515655337329181,-65.7528096538695,-3251.74920179401,0.000382552950628322,-0.000103563341072466,0.000396323259030463,-68.0390087893913,-3255.1478236232,0.000122306996241076
56440,0.000504959513916099,-0.000104915635399433,0.000515743542126946,-65.7513240266189,-3251.73737290313,0.000393381567396688,-0.000119922413005376,0.000411254717551674,-67.717782143397,-3256.95384826026,0.000112582598671387
56460,0.000504814810652627,-0.000104978142559139,0.000515614588107643,-65.7534960759838,-3251.74744455825,0.000403366120916644,-0.000136842492122371,0.000425946117664666,-67.4129067165818,-3258.73957361416,0.000106335193714196
56480,0.000474301374458088,-0.000184026345014843,0.000508750911028525,-65.8698960013568,-3261.20598137365,0.000412478914819168,-0.000154277189697207,0.000440386542064204,-67.1233192252754,-3260.50702459934,6.860778933852e-05
56500,0.000474176764414449,-0.000183970926873655,0.000508614692911351,-65.8722219607464,-3261.20523885056,0.000420694766822894,-0.00017217873293616,0.000454565290038374,-66.8480745891288,-3262.25792817822,5.47665947840708e-05
56520,0.00055331765788087,-0.000214734556269002,0.000593524523654092,-64.5312266372168,-3261.21051047922,0.000427991076496566,-0.000190498100918664,0.000468471864698732,-66.5863297336458,-3263.99376509424,0.000127648571356774
56540,0.000553240147875646,-0.000214595605640799,0.000593402001329459,-64.5330198659826,-3261.20071065717,0.000434347885662463,-0.000209185163796042,0.000482095964027733,-66.3373300858687,-3265.71581117796,0.00011901530529778
56560,0.00055331765788087,-0.000214734556269002,0.000593524523654092,-64.5312266372168,-3261.21051047922,0.000439747931291685,-0.000228188824868638,0.000495427474884312,-66.1003982489164,-3267.42517059248,0.000114363893520173
56580,0.000522583632784103,-0.000293629912480177,0.000599426541585328,-64.4452806229076,-3269.33081301133,0.000444176690766433,-0.00024745716512753,0.000508456469319816,-65.8749244514202,-3269.12280278844,9.09921488627103e-05
56600,0.000522569745925762,-0.000293772978866056,0.000599484530633403,-64.4444403829868,-3269.34338386972,0.000447622419354237,-0.000266937589832907,0.000521173202663319,-65.6603584529972,-3270.80954451033,7.96067827812382e-05
56620,0.000522655168760893,-0.000293636836843249,0.000599492299686815,-64.444327818442,-3269.32804086396,0.000450076179912356,-0.000286576976771572,0.000533568113121496,-65.4562026488905,-3272.48612787802,7.29215417178472e-05
56640,0.000522537457878228,-0.000293733733765962,0.000599437153701649,-64.4451268511793,-3269.34162635619,0.000451531864596352,-0.000306321825690289,0.000545631822422493,-65.2620061724763,-3274.15319533296,7.21127889878522e-05
56660,0.000601737250228772,-0.000324336974556722,0.000683580420563295,-63.3042077008603,-3268.32471146005,0.000451986208695285,-0.000326118408567141,0.00055735513746363,-65.077359827492,-3275.81131206061,0.000149761637102089
56680,0.000570862660509137,-0.000403386237047918,0.000699002598996062,-63.1104241895914,-3275.2460102342,0.00045143879642099,-0.000345912920226111,0.000568729052619424,-64.9018917187609,-3277.46097637044,0.000132533925695438
56700,0.000571059717605836,-0.000403468918172487,0.000699211247766606,-63.1078318819673,-3275.24222484157,0.000449892058766221,-0.000365651628930254,0.000579744752697476,-64.7352634699218,-3279.10262841024,0.000126932064169397
56720,0.000570912043594714,-0.000403353490636356,0.00069902403387153,-63.1101578413569,-3275.24148231849,0.000447351263412161,-0.000385281026504344,0.000590393616378681,-64.5771669392322,-3280.73665751422,0.000124875459395048
56740,0.000571010307215566,-0.000403501680844822,0.000699189800691494,-63.1080983104396,-3275.24675394715,0.000443824496679656,-0.000404747977548842,0.000600667220000249,-64.4273213601025,-3282.36340842654,0.000127191916634473
56760,0.000570961424531938,-0.000403320734411097,0.000699045465695506,-63.1098915392054,-3275.2369541251,0.00043932263770551,-0.000423999867389049,0.000610557341734958,-64.2854708430758,-3283.98318658976,0.000133253130311651
56780,0.00054033394203428,-0.000482547060542089,0.000724439393291195,-62.7999588362974,-3281.7665556988,0.000433859324798625,-0.000442984748268358,0.000620055965952348,-64.1513821904434,-3285.59626265618,0.000113587062062205
56800,0.000540304909440396,-0.000482355041250475,0.000724289845976831,-62.8017520650632,-3281.75675587675,0.000427450914215644,-0.000461651483466962,0.000629155287867023,-64.0248429785277,-3287.20287634617,0.000114737358968575
56820,0.000540251325687224,-0.000482520249002644,0.000724359914410217,-62.8009118251424,-3281.76932673515,0.000420116431359277,-0.000479949888852366,0.000637847718274082,-63.9056598740809,-3288.80323975807,0.000120162388402067
56840,0.000540387521558609,-0.000482381811352866,0.000724369301793173,-62.8007992605976,-3281.75398372939,0.000411877514691631,-0.000497830871584356,0.000646125888516313,-63.7936571521255,-3290.39754021222,0.000129435293977289
56860,0.000509551455947489,-0.000561495463670445,0.000758234687930257,-62.4039270246201,-3287.77657517911,0.00040275835239162,-0.00051524656547739,0.000653982655471427,-63.6886753923201,-3291.98594270055,0.00011637752167479
56880,0.000509754548095311,-0.000561486281159194,0.000758364386844369,-62.4024413973694,-3287.76474628823,0.000392785612057735,-0.000532150462734103,0.000661411106670949,-63.5905703304056,-3293.568591997,0.000120591551281309
56900,0.000509528408292517,-0.000561435465229357,0.000758174769083231,-62.4046134467343,-3287.77481794335,0.000381988363610015,-0.000548497541648604,0.000668404565460186,-63.4992118474043,-3295.14561447766,0.000128194589839805
56920,0.00043066737352454,-0.000530898318822709,0.000683613495732278,-63.3037874426011,-3290.95086267059,0.000370397995643298,-0.000564244389948852,0.000674956596208471,-63.4144830806603,-3296.71711968917,6.88793029127168e-05
56940,0.000399897119422145,-0.000609780051697972,0.000729211504003407,-62.7429297711095,-3296.74291664254,0.000358048125470457,-0.000579349323440171,0.000681061009545762,-63.336279643616,-3298.28320169871,5.17432847533721e-05
56960,0.000399935831974441,-0.000609961454755338,0.000729384429491291,-62.7408702401922,-3296.74818827119,0.000344974503115972,-0.00059377249961499,0.000686711867597427,-63.2645089432608,-3299.84394025242,5.72959853604496e-05
56980,0.000399957572417932,-0.000609767139837689,0.000729233861364296,-62.742663468958,-3296.73838844915,0.000331214909566461,-0.000607476025963695,0.000691903489252484,-63.1990895850893,-3301.39940176483,6.87808323495338e-05
57000,0.000399875349597988,-0.000609974351258228,0.000729362053036083,-62.7411367147617,-3296.7527170989,0.000316809049516939,-0.000620424062626452,0.000696630455364778,-63.1399508586024,-3302.94964015922,8.37210049917828e-05
57020,0.000400018027078549,-0.00060975421762957,0.000729256215540782,-62.7423972128991,-3296.73385997811,0.000301798438993033,-0.000632582919193892,0.000700887613982796,-63.087032295163,-3304.49469757301,0.000100837676980389
57040,0.000369185635312099,-0.000688949098900694,0.000781632198797412,-62.139951169204,-3301.81457616057,0.000286226288123812,-0.000643921145340532,0.000704670085522152,-63.040283293438,-3306.03460494189,9.43915774194016e-05
57060,0.000369374899846708,-0.000688859138660199,0.000781642328403751,-62.1398386046593,-3301.79923315481,0.000270137379426776,-0.000654409615097958,0.000707973267924873,-62.9996628069926,-3307.56938247315,0.000105046918720931
57080,0.000290147671251607,-0.000658211354087647,0.000719324584441978,-62.8615019302268,-3306.21152400204,0.000253577941920582,-0.000664021604474964,0.000710792841718446,-62.965139091106,-3309.09904001632,3.70284230410601e-05
57100,0.000290333208938021,-0.000658264017471868,0.000719447627635572,-62.8600163029762,-3306.19969511115,0.000236595521473278,-0.000672732862330393,0.000713124775085298,-62.9366895042243,-3310.62357733763,5.56514737055404e-05
57120,0.000290144927894459,-0.000658150441194176,0.000719267740432566,-62.8621883523411,-3306.20976676628,0.000219238847711201,-0.000680521674215352,0.000714965328825532,-62.914300362995,-3312.14298430288,7.43514914029461e-05
57140,0.000290275029443245,-0.000658327719472931,0.000719482438246207,-62.859596044717,-3306.20598137365,0.000201557697885272,-0.000687368919090422,0.000716311061277394,-62.8979668482601,-3313.65724097261,9.33496448519767e-05
57160,0.000259544016395185,-0.000737177152023846,0.000781532628821428,-62.1410577112763,-3310.60394420556,0.000183602758076567,-0.000693258118748023,0.00071715883316276,-62.8876929612093,-3315.16631761055,8.77265991526966e-05
57180,0.000259537721914601,-0.000737375848968586,0.000781717961760355,-62.1389981803591,-3310.60921583422,0.000165425482123676,-0.000698175479820286,0.000717505812351466,-62.8834915291771,-3316.67017460658,0.000101949902500334
57200,0.000180575928556091,-0.000706522723333359,0.000729233861364296,-62.742663468958,-3315.6630328652,0.000147077948684546,-0.000702109928293376,0.000717349478564935,-62.8853842608421,-3318.1687623121,3.37873854498887e-05
57220,0.000180438365175511,-0.000706630678662157,0.000729304408086055,-62.7418232290372,-3315.67560372359,0.000128612716799693,-0.000705053136390421,0.000716687627949979,-62.8934018522705,-3319.66202078692,5.18496525465024e-05
57240,0.000180637306383632,-0.000706530106539934,0.000729256215540782,-62.7423972128991,-3315.65850439416,0.000110082680408797,-0.00070699954188994,0.000715518377652573,-62.907584143448,-3321.14987945217,7.0556187652088e-05
57260,0.000180438365175511,-0.000706630678662157,0.000729304408086055,-62.7418232290372,-3315.67560372359,9.15409221704289e-05,-0.00070794635967527,0.000713840170212688,-62.927980329321,-3322.632256645,8.89071785030321e-05
57280,0.000180629925337091,-0.000706591491457915,0.000729313859547455,-62.7417106644924,-3315.66026071783,7.30405670352794e-05,-0.000707893585666556,0.000711651777950908,-62.9546492258066,-3324.10905906711,0.000107597237274587
57300,0.000101415860125394,-0.000675897325726578,0.000683463511541995,-63.3056933281109,-3321.46664270509,5.46346359405945e-05,-0.000706843992998245,0.000708952307198491,-62.9876595958366,-3325.58018111887,5.60908116490725e-05
57320,0.000101572770491886,-0.000675991984917051,0.000683580420563295,-63.3042077008603,-3321.45481381421,3.63759000647145e-05,-0.00070480312061121,0.000705741202516062,-63.0270905377276,-3327.0455041066,7.12791235459906e-05
57340,0.00010142857360471,-0.000675840803068276,0.000683409501423165,-63.3063797502252,-3321.46488546933,1.83167360026995e-05,-0.000701779254163865,0.000702018250754625,-63.0730319426178,-3328.50489531106,8.70653822987138e-05
57360,0.000101503513788075,-0.000676035833544332,0.000683613495732278,-63.3037874426011,-3321.4611000767,5.08982294256544e-07,-0.0006977833994581,0.000697783585090878,-63.1255850253106,-3329.95820689893,0.0001033094962471
57380,2.24556341879607e-05,-0.000645191688587018,0.00064558234992025,-63.8009670327899,-3328.00664833691,-1.69962023237298e-05,-0.000692829248418124,0.00069303768898744,-63.1848629362142,-3331.40527465834,6.18529264530572e-05
57400,2.24015828227999e-05,-0.000645346753424728,0.00064573544355936,-63.7989075018726,-3328.01191996557,-3.4148478560524e-05,-0.000686933137685303,0.000687781400037958,-63.2509914632753,-3332.84591653541,7.01949912623817e-05
57420,2.25073148773351e-05,-0.000645209693150274,0.000645602143241531,-63.8007007306384,-3328.00212014352,-5.08984637091494e-05,-0.000680114000089292,0.000682015913835894,-63.3241098320762,-3334.27993094143,8.12817259461263e-05
57440,2.23679171616551e-05,-0.000645277034416692,0.000645664599357709,-63.7998604907176,-3328.01469100192,-6.71978659378286e-05,-0.000672393308975856,0.000675742787710013,-63.4043716177111,-3335.70709479944,9.35805634103136e-05
57460,-5.64801508203287e-05,-0.000614576482701518,0.000617166315126204,-64.191955714201,-3335.25078628521,-8.29996153471971e-05,-0.000663795015757484,0.000668963944538315,-63.4919457794724,-3337.1271612865,5.59083714212197e-05
57480,-5.66673068452726e-05,-0.000614600212293959,0.000617207100264471,-64.1913817303391,-3335.26788561464,-9.82579914700788e-05,-0.000654345480685175,0.000661681676473549,-63.5870178365708,-3338.53985722621,5.75280054151877e-05
57500,-5.6503455753079e-05,-0.000614623330109404,0.000617215098994519,-64.1912691657943,-3335.25254260888,-0.000112928746846199,-0.000644073397180143,0.000653898648736502,-63.6897912018772,-3339.94488006964,6.3648408663645e-05
57520,-5.66439774311479e-05,-0.000614553378587238,0.000617158322727815,-64.1920681985316,-3335.26612810111,-0.00012696922637055,-0.000633009709891119,0.000645617903454957,-63.8004886963304,-3341.34189439648,7.27067865029633e-05
57540,-0.000135576536110586,-0.000584009282783589,0.00059953968969631,-64.4436412239287,-3343.069592757,-0.000140338482084357,-0.000621187526735759,0.000636842863605953,-63.9193542696962,-3342.73052784921,3.74819683691255e-05
57560,-0.000135645268667449,-0.000583839424743347,0.000599389783693805,-64.4458132732936,-3343.07966441212,-0.000152997383114245,-0.000608642025179638,0.000627577337110398,-64.0466549583498,-3344.11036639663,3.02698672639481e-05
57580,-0.000135647173440969,-0.00058402266103691,0.000599568698538506,-64.4432209656695,-3343.07587901949,-0.000164908720474501,-0.000595410353002191,0.000617825521122858,-64.182683116745,-3345.48094880039,3.13993258381724e-05
57600,-0.000104941466137913,-0.000504838585560059,0.00051563039940005,-65.7532297277493,-3341.74291664254,-0.000176037306461472,-0.000581531523897047,0.000607592006655973,-64.3277589650474,-3346.84176012715,0.00010457736515171
57620,-0.000105012811390449,-0.000504948643364889,0.000515752676185173,-65.751170196832,-3341.74818827119,-0.000186350068376591,-0.000567046308100819,0.000596881783534,-64.4822335061466,-3348.19222411626,0.000102332152032905
57640,-0.000183939090549256,-0.000474205841036268,0.000508630286853822,-65.8719556585949,-3351.20071065717,-0.000195816136357213,-0.000551997118478607,0.000585700245916418,-64.6464918725185,-3349.5316941637,7.86927383132353e-05
57660,-0.000184060932736396,-0.000474211344041566,0.000508679492192776,-65.8711154186741,-3351.21328151557,-0.000204406925080624,-0.000536427892300218,0.000574053198456876,-64.8209571790196,-3350.8594426272,6.5458828905599e-05
57680,-0.000183907247676831,-0.000474234914407921,0.000508645878575218,-65.871689402536,-3351.19618218614,-0.000212096209144055,-0.000520383969097666,0.000561946863348412,-65.0060949713801,-3352.17464808002,5.40772854103984e-05
57700,-0.000184060932736396,-0.000474211344041566,0.000508679492192776,-65.8711154186741,-3351.21328151557,-0.000218860191931249,-0.000503911964891908,0.00054938788844805,-65.2024183813145,-3353.47638004664,4.57505772576298e-05
57720,-0.000153280268914185,-0.00039522230181695,0.000423905070377665,-67.4546277750818,-3351.19793850981,-0.000224677567807038,-0.000487059643190936,0.000536383356845613,-65.4104941220854,-3354.76358062488,0.000116325713235885
57740,-0.00015335986784835,-0.000395149593891356,0.000423866076277599,-67.4554268078191,-3351.21152400204,-0.000229529577487655,-0.000469875783086466,0.000522940798248502,-65.6309494903142,-3356.03504223496,0.000106704395495965
57760,-0.000153331044701556,-0.000395224605611419,0.000423925580910108,-67.4542075208224,-3351.20422419041,-0.000233400056461957,-0.000452410044827694,0.000509068202716926,-65.8644805780452,-3357.28938051552,9.83931964245777e-05
57780,-0.000232360244632269,-0.000364455944345288,0.000432226119819457,-67.2857798369456,-3362.5196992403,-0.000236275476351414,-0.000434712833237835,0.000494774037421886,-66.111861948855,-3358.52500109432,7.03658971112733e-05
57800,-0.000232405516588718,-0.000364580087879266,0.000432355137148759,-67.2831875293215,-3362.51591384767,-0.000238144979135378,-0.000416835159343837,0.00048006726732052,-66.3739580950179,-3359.74005856806,5.25693249347179e-05
57820,-0.000201676745318178,-0.000285456021797357,0.000349512016935765,-69.1307577546365,-3365.24148231849,-0.000239000404155059,-0.000398828500614502,0.000464957380937967,-66.6517370743187,-3360.93240548446,0.000119358177189985
57840,-0.000201750840422411,-0.000285505153607783,0.000349594900345747,-69.1286982237192,-3365.24675394715,-0.000238836307848464,-0.000380744660132475,0.000449454422790654,-66.9462868320786,-3362.09952838649,0.000102205163750545
57860,-0.000201660367205549,-0.000285480712265969,0.000349522732847753,-69.130491452485,-3365.2369541251,-0.000237649976233495,-0.000362635625195002,0.000433569034715753,-67.2588348491487,-3363.23846694508,8.51359650621932e-05
57880,-0.000201742512497858,-0.000285464073904978,0.000349556545982728,-69.1296512125642,-3365.24952498349,-0.000235441430055401,-0.000344553425570981,0.000417312508869828,-67.5907719438334,-3364.34571076212,6.80232939871235e-05
57900,-0.000171012621711901,-0.000206477327307333,0.000268101106817479,-71.4340278618022,-3369.63288733273,-0.000232213422691483,-0.000326549991939621,0.00040069685663087,-67.9436812897649,-3365.41706635737,0.000134770111050041
57920,-0.000171045839487281,-0.000206417782765144,0.000268076444783175,-71.4348268945395,-3369.64647282496,-0.000227971430783589,-0.000308677014771268,0.000383734898988375,-68.3193740369433,-3366.4474838661,0.000117036205829293
57940,-0.000171012621711901,-0.000206477327307333,0.000268101106817479,-71.4340278618022,-3369.63288733273,-0.000222723637687408,-0.000290985804101508,0.000366440386656974,-68.7199333455163,-3367.43082858262,9.90742742758721e-05
57960,-0.000171045839487281,-0.000206417782765144,0.000268076444783175,-71.4348268945395,-3369.64647282496,-0.000216480909821486,-0.00027352715055822,0.000348828161720979,-69.1477692141064,-3368.35957593794,8.10432777092617e-05
57980,-0.000171043547943218,-0.00020646855442654,0.000268114078817187,-71.4336076075428,-3369.63917301333,-0.000209256765953159,-0.000256351187937272,0.000330914378131301,-69.6056872492825,-3369.2243985535,6.28373070447912e-05
58000,-0.00014035310302696,-0.000127397100325874,0.000189549504617494,-74.445546925059,-3377.77029002764,-0.000201067339607424,-0.00023950725780086,0.000312716807345072,-70.096975528895,-3370.01359862579,0.000127494729038556
58020,-0.000140392344081296,-0.000127429400650222,0.000189600270112455,-74.4432209656695,-3377.77103255073,-0.000191931334653257,-0.000223043776320589,0.00029425526907284,-70.6255150346849,-3370.712314618,0.000108620331356569
58040,-0.00014035310302696,-0.000127397100325874,0.000189549504617494,-74.445546925059,-3377.77029002764,-0.00018186997429815,-0.000207008103837399,0.000275552250227729,-71.1959207613606,-3371.30139206238,8.97862042869648e-05
58060,-0.000140398110059839,-0.000127414394213248,0.000189594454457676,-74.4434873941418,-3377.7755616563,-0.000170906943549714,-0.000191446417332582,0.000256633813171582,-71.8137224614527,-3371.75574363878,7.09287593692985e-05
58080,-0.000109690821930921,-4.83777917478353e-05,0.000119885308317066,-78.4246807096279,-3396.20071065717,-0.000159068325462305,-0.000176403586281592,0.000237530960968016,-72.4855954848914,-3372.04191437851,0.000137217862980705
58100,-0.00010971204612966,-4.83584018841951e-05,0.000119896906126681,-78.4238404697071,-3396.21328151557,-0.000146382531228201,-0.000161923052060237,0.000218281745084827,-73.2196516569054,-3372.11437826683,0.00011933840223067
58120,-0.000109700514146227,-4.8388406580553e-05,0.000119898459937363,-78.4237279051624,-3396.19793850981,-0.00013288022442915,-0.000148046711303076,0.000198934619340118,-74.0257926552506,-3371.90975551399,0.000102318505994603
58140,-0.00010971204612966,-4.83584018841951e-05,0.000119896906126681,-78.4238404697071,-3396.21328151557,-0.000118594239629388,-0.000134814803447996,0.000179553960975509,-74.9161001971873,-3371.33752736222,8.69114649095722e-05
58160,-3.06609007111539e-05,-7.90497688674908e-05,8.47877160349478e-05,-81.4333412672889,-3351.19969511115,-0.000103559495568088,-0.00012226580276807,0.000160229509294753,-75.905149946849,-3370.26469767064,8.47456825933415e-05
58180,-0,0,0,-240,-3240,-8.78129032132113e-05,-0.000110436315131352,0.000141093180808018,-77.0098795135756,-3368.48979580089,0.000141093180808018
58200,-0,0,0,-240,-3240,-7.13932689204685e-05,-9.93609797291145e-05,0.000122350329545448,-78.2478971311352,-3365.69816014715,0.000122350329545448
58220,-0,0,0,-240,-3240,-5.43411930355376e-05,-8.90723760337742e-05,0.00010434008545534,-79.6309762384589,-3361.38649305306,0.00010434008545534
58240,-0,0,0,-240,-3240,-3.66989641452382e-05,-7.96009361426767e-05,8.76534255127771e-05,-81.1446221385282,-3354.75144246487,8.76534255127771e-05
58260,-0,0,0,-240,-3240,-1.85104493712502e-05,-7.09748627595703e-05,7.33489460024168e-05,-82.6921224485812,-3344.61729716827,7.33489460024168e-05
58280,7.90453796972672e-05,-3.0676365181286e-05,8.47892176648703e-05,-81.433187437502,-3261.21051047922,1.79019046666587e-07,-6.3220052950711e-05,6.32203064126533e-05,-83.9828680715416,-3329.83775704175,8.53170232480273e-05
58300,0.000109690821930921,4.83777917478353e-05,0.000119885308317066,-78.4246807096279,-3216.20071065717,1.93227605126974e-05,-5.63600278655505e-05,5.95803811236273e-05,-84.4979344603655,-3311.07597199039,0.000138334368042992
58320,0.00010971204612966,4.83584018841951e-05,0.000119896906126681,-78.4238404697071,-3216.21328151557,3.88728659081012e-05,-5.04158685357139e-05,6.36620727287417e-05,-83.9223845119124,-3292.36618642274,0.000121550590090908
58340,0.000109700514146227,4.8388406580553e-05,0.000119898459937363,-78.4237279051624,-3216.19793850981,5.8780320114297e-05,-4.54061578964235e-05,7.42754684108701e-05,-82.5830920136123,-3277.68508544022,0.000106725285128104
58360,0.00010971204612966,4.83584018841951e-05,0.000119896906126681,-78.4238404697071,-3216.21328151557,7.89951269084378e-05,-4.13469291322169e-05,8.91616432326409e-05,-80.9964387230168,-3267.6280609831,9.48186455250609e-05
58380,0.000109710669578645,4.83888681563369e-05,0.000119907937939262,-78.423041310649,-3216.19969511115,9.94664358937571e-05,-3.8251620427184e-05,0.000106568092479467,-79.4474561565437,-3261.03515198879,8.72440174784598e-05
58400,0.000188731811126212,1.76859716389311e-05,0.000189558671982564,-74.4451268511793,-3234.64647282496,0.000120142671112137,-3.61310361969786e-05,0.000125458013688351,-78.0300318540699,-3256.73784102749,8.71822255983456e-05
58420,0.000188756051184879,1.77125032416613e-05,0.000189585283263218,-74.4439075641826,-3234.63917301333,0.000140971660995101,-3.49933148380153e-05,0.000145249926977848,-76.7576815454481,-3253.94072491439,7.11424711776084e-05
58440,0.000188716354289749,1.76903618741e-05,0.000189543692270808,-74.4458132732936,-3234.6447155892,0.000161900769301265,-3.48439030376708e-05,0.000165607840029511,-75.6183821431776,-3252.14579906537,5.8982409141156e-05
58460,0.00018877151565517,1.77081140714002e-05,0.000189600270112455,-74.4432209656695,-3234.64093019657,0.000182877026738,-3.56855366398557e-05,0.000186326231201636,-74.5945200073684,-3251.04160849492,5.37180317572251e-05
58480,0.000267750203352834,-1.29560027010859e-05,0.000268063480171161,-71.4352469684192,-3242.77029002764,0.000203847262803687,-3.7518228081968e-05,0.000207271136415484,-73.6692234292511,-3250.42861736369,6.8460855432057e-05
58500,0.000298488869454373,6.60616638506765e-05,0.000305711871897167,-70.2937539144336,-3227.52044295324,0.000224758237674516,-4.03392603447654e-05,0.00022834955950848,-72.8279964364031,-3250.17502634459,0.000129450232646763
58520,0.000298415950701219,6.60990684041279e-05,0.000305648763250902,-70.2955471431994,-3227.51064313119,0.000245556773633898,-4.41431873967486e-05,0.000249492986015708,-72.0588331833763,-3250.19108357643,0.000122259754475053
58540,0.000298459316266248,6.60399816456577e-05,0.000305678331979673,-70.2947069032786,-3227.52321398959,0.000266189885850843,-4.89218410478465e-05,0.000270648114460078,-71.3518998837389,-3250.41392054469,0.000119404927939961
58560,0.000377489949019234,3.54647055954321e-05,0.000379152221348517,-68.4237279051624,-3234.63288733273,0.000286604912047373,-5.46643441484446e-05,0.000291771427886389,-70.6991447847546,-3250.79836680047,0.000127997404478023
58580,0.000346791648682755,-4.3657975500409e-05,0.00034952892072173,-69.1303376807568,-3247.17528053411,0.000306749640838412,-6.13571300177903e-05,0.000312825893363249,-70.0939461301874,-3251.31122591718,4.37792469423194e-05
58600,0.000377520876892271,3.5455934890366e-05,0.000379182193422185,-68.423041310649,-3234.63464393407,0.000326572438363175,-6.89839679911415e-05,0.000333778886897108,-69.530822759611,-3251.92760754757,0.000116204288657742
58620,0.000377432708579498,3.53807237482e-05,0.000379087384541615,-68.4252133600139,-3234.6447155892,0.000346022372921071,-7.75259949582308e-05,0.000354600849485999,-69.0052045666569,-3252.6285146723,0.000117194438072923
58640,0.000346845893429446,-4.36199146389612e-05,0.00034957798949874,-69.12911839376,-3247.16798072248,0.000365049337321497,-8.69617527279405e-05,0.000375264393616527,-68.5132528198898,-3253.39921778181,4.70093639444563e-05
58660,0.000425809124824317,-7.42796449923041e-05,0.000432239374009163,-67.285513488711,-3249.89530637654,0.000383604168630716,-9.72672310636898e-05,0.000395743695375758,-68.0517199038076,-3254.22813496209,4.80592076577747e-05
58680,0.000425922202884214,-7.43050584360215e-05,0.000432355137148759,-67.2831875293215,-3249.89604889963,0.000401638765113095,-0.000108415916207744,0.000416014072512862,-67.6178395648059,-3255.10604487112,4.18716606776762e-05
58700,0.000425828049288432,-7.42482686183355e-05,0.000432252626311989,-67.2852471865596,-3249.89077818315,0.000419106199948792,-0.000120378844690566,0.000436051686253536,-67.2092405942477,-3256.02552351197,4.66177359735611e-05
58720,0.000425903263667622,-7.43364462091626e-05,0.00043234187541544,-67.2834539577938,-3249.9005780052,0.000435960831668152,-0.000133124662225907,0.000455833327480066,-66.8238785058177,-3256.98053444338,5.96423424801266e-05
58740,0.000425828049288432,-7.42482686183355e-05,0.000432252626311989,-67.2852471865596,-3249.89077818315,0.000452158410911825,-0.000146619687465166,0.000475336261304237,-66.4599810806672,-3257.96612611329,7.70124029564199e-05
58760,0.000504888166164299,-0.000105025708729468,0.000515696092506891,-65.752123185677,-3251.75095930754,0.000467656183365306,-0.000160827980368924,0.000494538112898644,-66.1160046542892,-3258.97820522651,6.70828894970105e-05
58780,0.000504922815963177,-0.000104891862333632,0.000515702775699338,-65.7520106211323,-3251.73561630178,0.000482412988627763,-0.000175711414966651,0.000513416782883412,-65.7905987789508,-3260.01336491639,7.4310842828023e-05
58800,0.000504851486239297,-0.000105001922639749,0.000515655337329181,-65.7528096538695,-3251.74920179401,0.000496389354824171,-0.000191229756228194,0.000531950384199364,-65.4825774621179,-3261.06875297578,8.66420622644877e-05
58820,0.000474298613204945,-0.000183965404266923,0.000508726296209687,-65.870316259616,-3261.19969511115,0.000509547588810052,-0.000207340740796883,0.000550117194837916,-65.1908956046761,-3262.14196975745,4.22953500883761e-05
58840,0.000474147684544317,-0.000184002756649859,0.000508599096748593,-65.8724883089809,-3261.20976676628,0.000521851861731037,-0.000224000161296348,0.000567895622322394,-64.914629582082,-3263.23098831945,6.22533605479814e-05
58860,0.000553314447855986,-0.000214663462582179,0.000593495813274151,-64.5316468072576,-3261.20422419041,0.000533268289901246,-0.000241161953947184,0.000585264177142103,-64.6529611475004,-3264.33409143711,3.32267737429873e-05
58880,0.000553206225150191,-0.000214632748019264,0.000593383808396576,-64.5332861681341,-3261.20523885056,0.000543765010736659,-0.000258778289172746,0.000602201452878197,-64.405164020762,-3265.44982154592,4.51438294048708e-05
58900,0.000553351603534436,-0.000214697402517317,0.000593542729533279,-64.5309602087445,-3261.20598137365,0.000553312253779747,-0.000276799664946626,0.000618686111608615,-64.1705926600248,-3266.57694069715,6.21022748958676e-05
58920,0.000522583632784103,-0.000293629912480177,0.000599426541585328,-64.4452806229076,-3269.33081301133,0.000561882406556636,-0.000295175002518364,0.000634696873247059,-63.9486728235395,-3267.71439834533,3.93291358060515e-05
58940,0.000522641292699584,-0.000293779935966269,0.00059955030782332,-64.4434873941418,-3269.34061283338,0.00056945007534544,-0.000313851744278478,0.000650212508106058,-63.7388936051587,-3268.86130531991,5.09307335673558e-05
58960,0.000522583632784103,-0.000293629912480177,0.000599426541585328,-64.4452806229076,-3269.33081301133,0.000575992140697218,-0.000332775953417407,0.000665211831913586,-63.5408006944899,-3270.01691272786,6.62184357906813e-05
58980,0.000522569745925762,-0.000293772978866056,0.000599484530633403,-64.4444403829868,-3269.34338386972,0.000581487807702322,-0.00035189241507764,0.000679673702813068,-63.3539906599367,-3271.18059482542,8.27599351682861e-05
59000,0.000522655168760893,-0.000293636836843249,0.000599492299686815,-64.444327818442,-3269.32804086396,0.00058591865097835,-0.000371144738697341,0.000693577019967507,-63.1781060922585,-3272.351835118,0.000100048703300453
59020,0.000522537457878228,-0.000293733733765962,0.000599437153701649,-64.4451268511793,-3269.34162635619,0.000589268654377423,-0.000390475461233548,0.000706900723480554,-63.0128314771588,-3273.53021511352,0.000117524526885356
59040,0.000571076349517619,-0.000403386743424213,0.000699177417933932,-63.1082521402265,-3275.23593857908,0.000591524245422234,-0.000409826150960175,0.00071962379541895,-62.8578896900682,-3274.71540528273,2.14378734099299e-05
59060,0.000570862660509137,-0.000403386237047918,0.000699002598996062,-63.1104241895914,-3275.2460102342,0.00059267432450726,-0.000429137511532284,0.000731725261784953,-62.7130390260391,-3275.90715787902,3.37472491313917e-05
59080,0.000571026951097648,-0.000403419513767058,0.00069915597899748,-63.1085184804804,-3275.24046765833,0.000592710288932126,-0.000448349486036283,0.000743184195361421,-62.5780706934289,-3277.105301349,4.9888571314054e-05
59100,0.000491882582858973,-0.000372691669490747,0.00061712847594955,-64.1924882724113,-3277.15063475149,0.000591626051789283,-0.000467401360694348,0.000753979719312598,-62.4528067141452,-3278.30973612683,0.000137545211483836
59120,0.000461338431027014,-0.000451848089746361,0.0006457552509658,-63.7986410734003,-3284.40457188729,0.000589418055849947,-0.000486231867975015,0.00076409101159247,-62.3370981824567,-3279.52043165566,0.000132614608923981
59140,0.000540304909440396,-0.000482355041250475,0.000724289845976831,-62.8017520650632,-3281.75675587675,0.00058608528249991,-0.000504779288786291,0.00077349731011206,-62.2308238449942,-3280.73742452145,5.0977342369094e-05
59160,0.00054033394203428,-0.000482547060542089,0.000724439393291195,-62.7999588362974,-3281.7665556988,0.000581629255907422,-0.000522981553533828,0.000782177918803694,-62.1338889703643,-3281.96081762012,5.77949061023575e-05
59180,0.000461270602601018,-0.000451698526158933,0.000645602143241531,-63.8007007306384,-3284.39930117082,0.000576054042474861,-0.000540776341701076,0.000790112214558937,-62.0462244855109,-3283.19078030936,0.000145293135732671
59200,0.000430539279557564,-0.000530878650886839,0.000683517529555297,-63.3050068599184,-3290.95816281251,0.000569366245809948,-0.000558101179773728,0.000797279655285736,-61.9677863589173,-3284.42754952523,0.000141470819032895
59220,0.000430687007412382,-0.000530770217933419,0.000683526387639075,-63.3048942953736,-3290.94281980675,0.000561574997330874,-0.000574893537202647,0.000803659789179813,-61.8985552178447,-3285.67143186896,0.000138125063649714
59240,0.000430521537169218,-0.000530823490100775,0.000683463511541995,-63.3056933281109,-3290.95640529898,0.000552691942698361,-0.000591090920206991,0.000809232265468225,-61.8385361899118,-3286.92280669782,0.000136226910405995
59260,0.00043070477922782,-0.00053082538044804,0.000683580420563295,-63.3042077008603,-3290.94457640809,0.000542731224288052,-0.00060663096318233,0.000813976846911956,-61.787758963675,-3288.1821302776,0.000135264225745459
59280,0.000430503794201798,-0.000530768339121047,0.000683409501423165,-63.3063797502252,-3290.95464806322,0.000531709459880255,-0.000621451517499706,0.000817873424393311,-61.7462780669408,-3289.44994108607,0.00013588975533967
59300,0.00039998340315443,-0.000609888068193598,0.000729349147201748,-62.741290410233,-3296.74190198238,0.000519645717838464,-0.00063549073754586,0.000820902034090812,-61.7141733641248,-3290.72686638664,0.000122370610170507
59320,0.000399897119422145,-0.000609780051697972,0.000729211504003407,-62.7429297711095,-3296.74291664254,0.000506561488921084,-0.000648687163717009,0.000823042877637102,-61.6915507796884,-3292.01363022788,0.000113538764685317
59340,0.000399996316022066,-0.000609948547899057,0.000729406802761939,-62.7406038117199,-3296.74365916562,0.000492480655084828,-0.000660979802359322,0.000824276346112,-61.6785432546225,-3293.3110630687,0.000105629266321716
59360,0.000399957572417932,-0.000609767139837689,0.000729233861364296,-62.742663468958,-3296.73838844915,0.000477429455419663,-0.000672308202345523,0.000824583048481707,-61.6753119506381,-3294.62011327656,9.95654415720771e-05
59380,0.000320890452277173,-0.000579285089574052,0.000662224959787432,-63.5798890873943,-3301.01608157149,0.000461436449571727,-0.000682612528300017,0.000823943845650602,-61.6820477164243,-3295.94186080991,0.000174441213447937
59400,0.000320923265578554,-0.000579110624746146,0.000662088255509396,-63.5816823161601,-3301.00628174944,0.000444532478850739,-0.000691833630247404,0.00082233989122168,-61.6989728372285,-3297.27753346838,0.000167289311000449
59420,0.000290150411305171,-0.000658272276777962,0.000719381436760083,-62.8608154620343,-3306.21328151557,0.00042675062532877,-0.000699913109632785,0.000819752680541107,-61.7263430907979,-3298.62852618753,0.00014280608331628
59440,0.000290330439483318,-0.000658203084877362,0.000719390759624179,-62.8607028974895,-3306.19793850981,0.000408126169236088,-0.000706793381677667,0.000816164109967277,-61.7644501365103,-3299.99642396915,0.00012742390235403
59460,0.000290147671251607,-0.000658211354087647,0.000719324584441978,-62.8615019302268,-3306.21152400204,0.000388696544878284,-0.000712417733909552,0.000811556548608374,-61.8136242698557,-3301.38302918146,0.000112473161716399
59480,0.000290333208938021,-0.000658264017471868,0.000719447627635572,-62.8600163029762,-3306.19969511115,0.000368501295436246,-0.000716730380945435,0.000805912925636746,-61.8742375747741,-3302.79039414583,9.76143708918779e-05
59500,0.000290144927894459,-0.000658150441194176,0.000719267740432566,-62.8621883523411,-3306.20976676628,0.000347582026874332,-0.000719676515383375,0.000799216836784878,-61.9467075115138,-3304.22086015609,8.41693420691796e-05
59520,0.000211224800366897,-0.000627656661970458,0.000662245272996291,-63.579622658922,-3311.40041028138,0.000325982361312522,-0.000721202354936203,0.000791452674929091,-62.0315009750123,-3305.67710437275,0.000148054363213755
59540,0.000211176376805053,-0.000627485870142495,0.000662067956745374,-63.5819486183116,-3311.3996677583,0.000303747890095407,-0.000721255185664053,0.000782605790666476,-62.1291388597266,-3307.16219641056,0.000131765585819089
59560,0.000180553742864423,-0.000706706891046806,0.000729406802761939,-62.7406038117199,-3315.66830358167,0.000280926126907319,-0.00071978340150392,0.000772662690868208,-62.2402011556754,-3308.67966693021,0.000101220603654541
59580,0.000180575928556091,-0.000706522723333359,0.000729233861364296,-62.742663468958,-3315.6630328652,0.000257566461184688,-0.000716736540040238,0.000761611285207917,-62.3653325879755,-3310.23359117718,7.76650768760114e-05
59600,0.000180492342217334,-0.0007066994837873,0.000729384429491291,-62.7408702401922,-3315.67283268725,0.000233720112130069,-0.000712065314638156,0.000749441193907053,-62.5052487816944,-3311.82869124063,5.34975478933662e-05
59620,0.000101541621716713,-0.000675866208241817,0.000683451411867757,-63.3058470998392,-3321.45582936023,0.000209440083608692,-0.000705721643018998,0.000736144134016871,-62.6607428849973,-3313.47046188954,0.000111952780512095
59640,0.000101403141168583,-0.000675953856539425,0.000683517529555297,-63.3050068599184,-3321.46840021862,0.000184781120202357,-0.000697658672403653,0.00072171440720223,-62.8326925005022,-3315.16532626942,8.61567549264509e-05
59660,0.000101585464973701,-0.000675935437675078,0.000683526387639075,-63.3048942953736,-3321.45305721286,0.000159799664690159,-0.0006878308013525,0.00070614951966585,-63.0220666392863,-3316.92082961956,5.94171080215602e-05
59680,0.000101415860125394,-0.000675897325726578,0.000683463511541995,-63.3056933281109,-3321.46664270509,0.000134553817228177,-0.000676193698441019,0.000689450975444968,-63.2299321923929,-3318.74588164176,3.31392823961492e-05
59700,2.25230016243951e-05,-0.000645331084205897,0.000645724007486582,-63.7990613316595,-3328.0011045975,0.000109103296467858,-0.000662704317980886,0.000671625299084738,-63.4574590605082,-3320.65106140101,8.83061532792664e-05
59720,2.24039595139901e-05,-0.000645173676959966,0.000645562553780768,-63.8012333810244,-3328.01117625263,8.35094028606668e-05,-0.000647320912901845,0.000652685364204088,-63.7059225160106,-3322.64900287029,6.11431584789664e-05
59740,2.24713007846725e-05,-0.00064531307467692,0.000645704207596586,-63.7993276719134,-3328.00563367676,5.78349843883747e-05,-0.000630003045086511,0.000632652133670218,-63.9767004585738,-3324.75488467838,3.85355306708233e-05
59760,2.24556341879607e-05,-0.000645191688587018,0.00064558234992025,-63.8009670327899,-3328.00664833691,3.21444049307721e-05,-0.000610711593284614,0.000611556958050995,-64.2712617646953,-3326.98705442857,3.58154889757157e-05
59780,-5.66437968744673e-05,-0.000614670388243442,0.000617274822026381,-64.1904287414941,-3335.2651145783,6.5035154725591e-06,-0.000589408758963784,0.000589444637652028,-64.5911395769865,-3329.36782604281,6.80127412365932e-05
59800,-5.65269919620428e-05,-0.000614553178058731,0.00061714739688535,-64.1922219702599,-3335.25531475625,-1.90203716444709e-05,-0.000566058070212662,0.000566377536092647,-64.9378796029927,-3331.92449716895,6.13067863506835e-05
59820,-5.66204668719413e-05,-0.000614623542002312,0.000617226032869859,-64.1911152978907,-3335.26335709096,-4.43585052652428e-05,-0.000540624384076223,0.000542441150399896,-65.3129474331993,-3334.69064039346,7.50082067257607e-05
59840,-5.64801508203287e-05,-0.000614576482701518,0.000617166315126204,-64.191955714201,-3335.25078628521,-6.94407145926364e-05,-0.000513073887543696,0.000517751703929922,-65.7175692632283,-3337.70772076851,0.000102326697577264
59860,-5.66673068452726e-05,-0.000614600212293959,0.000617207100264471,-64.1913817303391,-3335.26788561464,-9.4195424842735e-05,-0.00048337409749952,0.00049246654322378,-66.1524653779203,-3341.02706913943,0.000136486822970112
59880,-0.000104891862333632,-0.000504922815963177,0.000515702775699338,-65.7520106211323,-3341.73561630178,-0.000118549669266194,-0.000451493859947155,0.0004667983822306,-66.617413154913,-3344.71216597996,5.51469766276374e-05
59900,-0.000105001922639749,-0.000504851486239297,0.000515655337329181,-65.7528096538695,-3341.74920179401,-0.000142429097428526,-0.00041740334881242,0.000441034696360873,-67.1105448616485,-3348.84100279568,9.51208187102048e-05
59920,-0.000104915635399433,-0.000504959513916099,0.000515743542126946,-65.7513240266189,-3341.73737290313,-0.000165757979672231,-0.000381074064697393,0.000415563654101286,-67.6272488716483,-3353.50787219643,0.000138019547111017
59940,-0.000104978142559139,-0.000504814810652627,0.000515614588107643,-65.7534960759838,-3341.74744455825,-0.00018845920767146,-0.000342478833803308,0.000390907437329386,-68.1585213337247,-3358.82310345189,0.000182543303388293
59960,-0.000104976115938495,-0.000504972431960562,0.000515768496476565,-65.7509037683597,-3341.74365916562,-0.000210454291079358,-0.000301591807543342,0.000367761644290124,-68.6886713497987,-3364.9077856639,0.000229105486227163
59980,-0.000183970926873655,-0.000474176764414449,0.000508614692911351,-65.8722219607464,-3351.20523885056,-0.000231663350199867,-0.000258388463010506,0.000347033868149433,-69.1925627789577,-3371.87845077179,0.00022099583314064
60000,-0.000184058191087716,-0.000474272278183603,0.000508735305989222,-65.8701624298291,-3351.21051047922,-0.000252005104733504,-0.000212845604825703,0.000329863341863512,-69.6333189095229,-3379.81528598926,0.000270112362947286
